trial,distance_m,contrast_percent,bit_rate_bps,interference,signal_amplitude,noise_sigma,signal_to_noise_ratio,total_bits,bit_errors,bit_error_rate,packet_recovered,visibility_band
1,0.5,1.0,1.0,quiet,4.0,0.01788854381999832,223.60679774997894,48,0,0.0,True,very-low-contrast
2,0.5,1.0,1.0,quiet,4.0,0.01788854381999832,223.60679774997894,48,0,0.0,True,very-low-contrast
3,0.5,1.0,1.0,quiet,4.0,0.01788854381999832,223.60679774997894,48,0,0.0,True,very-low-contrast
4,0.5,1.0,1.0,quiet,4.0,0.01788854381999832,223.60679774997894,48,0,0.0,True,very-low-contrast
5,0.5,1.0,1.0,quiet,4.0,0.01788854381999832,223.60679774997894,48,0,0.0,True,very-low-contrast
6,0.5,1.0,1.0,quiet,4.0,0.01788854381999832,223.60679774997894,48,0,0.0,True,very-low-contrast
7,0.5,1.0,1.0,quiet,4.0,0.01788854381999832,223.60679774997894,48,0,0.0,True,very-low-contrast
8,0.5,1.0,1.0,quiet,4.0,0.01788854381999832,223.60679774997894,48,0,0.0,True,very-low-contrast
9,0.5,1.0,1.0,quiet,4.0,0.01788854381999832,223.60679774997894,48,0,0.0,True,very-low-contrast
10,0.5,1.0,1.0,quiet,4.0,0.01788854381999832,223.60679774997894,48,0,0.0,True,very-low-contrast
1,0.5,1.0,1.0,moderate,4.0,0.044721359549995794,89.44271909999159,48,0,0.0,True,very-low-contrast
2,0.5,1.0,1.0,moderate,4.0,0.044721359549995794,89.44271909999159,48,0,0.0,True,very-low-contrast
3,0.5,1.0,1.0,moderate,4.0,0.044721359549995794,89.44271909999159,48,0,0.0,True,very-low-contrast
4,0.5,1.0,1.0,moderate,4.0,0.044721359549995794,89.44271909999159,48,0,0.0,True,very-low-contrast
5,0.5,1.0,1.0,moderate,4.0,0.044721359549995794,89.44271909999159,48,0,0.0,True,very-low-contrast
6,0.5,1.0,1.0,moderate,4.0,0.044721359549995794,89.44271909999159,48,0,0.0,True,very-low-contrast
7,0.5,1.0,1.0,moderate,4.0,0.044721359549995794,89.44271909999159,48,0,0.0,True,very-low-contrast
8,0.5,1.0,1.0,moderate,4.0,0.044721359549995794,89.44271909999159,48,0,0.0,True,very-low-contrast
9,0.5,1.0,1.0,moderate,4.0,0.044721359549995794,89.44271909999159,48,0,0.0,True,very-low-contrast
10,0.5,1.0,1.0,moderate,4.0,0.044721359549995794,89.44271909999159,48,0,0.0,True,very-low-contrast
1,0.5,1.0,1.0,high,4.0,0.08944271909999159,44.721359549995796,48,0,0.0,True,very-low-contrast
2,0.5,1.0,1.0,high,4.0,0.08944271909999159,44.721359549995796,48,0,0.0,True,very-low-contrast
3,0.5,1.0,1.0,high,4.0,0.08944271909999159,44.721359549995796,48,0,0.0,True,very-low-contrast
4,0.5,1.0,1.0,high,4.0,0.08944271909999159,44.721359549995796,48,0,0.0,True,very-low-contrast
5,0.5,1.0,1.0,high,4.0,0.08944271909999159,44.721359549995796,48,0,0.0,True,very-low-contrast
6,0.5,1.0,1.0,high,4.0,0.08944271909999159,44.721359549995796,48,0,0.0,True,very-low-contrast
7,0.5,1.0,1.0,high,4.0,0.08944271909999159,44.721359549995796,48,0,0.0,True,very-low-contrast
8,0.5,1.0,1.0,high,4.0,0.08944271909999159,44.721359549995796,48,0,0.0,True,very-low-contrast
9,0.5,1.0,1.0,high,4.0,0.08944271909999159,44.721359549995796,48,0,0.0,True,very-low-contrast
10,0.5,1.0,1.0,high,4.0,0.08944271909999159,44.721359549995796,48,0,0.0,True,very-low-contrast
1,0.5,1.0,5.0,quiet,4.0,0.04,100.0,48,0,0.0,True,very-low-contrast
2,0.5,1.0,5.0,quiet,4.0,0.04,100.0,48,0,0.0,True,very-low-contrast
3,0.5,1.0,5.0,quiet,4.0,0.04,100.0,48,0,0.0,True,very-low-contrast
4,0.5,1.0,5.0,quiet,4.0,0.04,100.0,48,0,0.0,True,very-low-contrast
5,0.5,1.0,5.0,quiet,4.0,0.04,100.0,48,0,0.0,True,very-low-contrast
6,0.5,1.0,5.0,quiet,4.0,0.04,100.0,48,0,0.0,True,very-low-contrast
7,0.5,1.0,5.0,quiet,4.0,0.04,100.0,48,0,0.0,True,very-low-contrast
8,0.5,1.0,5.0,quiet,4.0,0.04,100.0,48,0,0.0,True,very-low-contrast
9,0.5,1.0,5.0,quiet,4.0,0.04,100.0,48,0,0.0,True,very-low-contrast
10,0.5,1.0,5.0,quiet,4.0,0.04,100.0,48,0,0.0,True,very-low-contrast
1,0.5,1.0,5.0,moderate,4.0,0.1,40.0,48,0,0.0,True,very-low-contrast
2,0.5,1.0,5.0,moderate,4.0,0.1,40.0,48,0,0.0,True,very-low-contrast
3,0.5,1.0,5.0,moderate,4.0,0.1,40.0,48,0,0.0,True,very-low-contrast
4,0.5,1.0,5.0,moderate,4.0,0.1,40.0,48,0,0.0,True,very-low-contrast
5,0.5,1.0,5.0,moderate,4.0,0.1,40.0,48,0,0.0,True,very-low-contrast
6,0.5,1.0,5.0,moderate,4.0,0.1,40.0,48,0,0.0,True,very-low-contrast
7,0.5,1.0,5.0,moderate,4.0,0.1,40.0,48,0,0.0,True,very-low-contrast
8,0.5,1.0,5.0,moderate,4.0,0.1,40.0,48,0,0.0,True,very-low-contrast
9,0.5,1.0,5.0,moderate,4.0,0.1,40.0,48,0,0.0,True,very-low-contrast
10,0.5,1.0,5.0,moderate,4.0,0.1,40.0,48,0,0.0,True,very-low-contrast
1,0.5,1.0,5.0,high,4.0,0.2,20.0,48,0,0.0,True,very-low-contrast
2,0.5,1.0,5.0,high,4.0,0.2,20.0,48,0,0.0,True,very-low-contrast
3,0.5,1.0,5.0,high,4.0,0.2,20.0,48,0,0.0,True,very-low-contrast
4,0.5,1.0,5.0,high,4.0,0.2,20.0,48,0,0.0,True,very-low-contrast
5,0.5,1.0,5.0,high,4.0,0.2,20.0,48,0,0.0,True,very-low-contrast
6,0.5,1.0,5.0,high,4.0,0.2,20.0,48,0,0.0,True,very-low-contrast
7,0.5,1.0,5.0,high,4.0,0.2,20.0,48,0,0.0,True,very-low-contrast
8,0.5,1.0,5.0,high,4.0,0.2,20.0,48,0,0.0,True,very-low-contrast
9,0.5,1.0,5.0,high,4.0,0.2,20.0,48,0,0.0,True,very-low-contrast
10,0.5,1.0,5.0,high,4.0,0.2,20.0,48,0,0.0,True,very-low-contrast
1,0.5,1.0,10.0,quiet,4.0,0.05656854249492381,70.71067811865474,48,0,0.0,True,very-low-contrast
2,0.5,1.0,10.0,quiet,4.0,0.05656854249492381,70.71067811865474,48,0,0.0,True,very-low-contrast
3,0.5,1.0,10.0,quiet,4.0,0.05656854249492381,70.71067811865474,48,0,0.0,True,very-low-contrast
4,0.5,1.0,10.0,quiet,4.0,0.05656854249492381,70.71067811865474,48,0,0.0,True,very-low-contrast
5,0.5,1.0,10.0,quiet,4.0,0.05656854249492381,70.71067811865474,48,0,0.0,True,very-low-contrast
6,0.5,1.0,10.0,quiet,4.0,0.05656854249492381,70.71067811865474,48,0,0.0,True,very-low-contrast
7,0.5,1.0,10.0,quiet,4.0,0.05656854249492381,70.71067811865474,48,0,0.0,True,very-low-contrast
8,0.5,1.0,10.0,quiet,4.0,0.05656854249492381,70.71067811865474,48,0,0.0,True,very-low-contrast
9,0.5,1.0,10.0,quiet,4.0,0.05656854249492381,70.71067811865474,48,0,0.0,True,very-low-contrast
10,0.5,1.0,10.0,quiet,4.0,0.05656854249492381,70.71067811865474,48,0,0.0,True,very-low-contrast
1,0.5,1.0,10.0,moderate,4.0,0.14142135623730953,28.284271247461895,48,0,0.0,True,very-low-contrast
2,0.5,1.0,10.0,moderate,4.0,0.14142135623730953,28.284271247461895,48,0,0.0,True,very-low-contrast
3,0.5,1.0,10.0,moderate,4.0,0.14142135623730953,28.284271247461895,48,0,0.0,True,very-low-contrast
4,0.5,1.0,10.0,moderate,4.0,0.14142135623730953,28.284271247461895,48,0,0.0,True,very-low-contrast
5,0.5,1.0,10.0,moderate,4.0,0.14142135623730953,28.284271247461895,48,0,0.0,True,very-low-contrast
6,0.5,1.0,10.0,moderate,4.0,0.14142135623730953,28.284271247461895,48,0,0.0,True,very-low-contrast
7,0.5,1.0,10.0,moderate,4.0,0.14142135623730953,28.284271247461895,48,0,0.0,True,very-low-contrast
8,0.5,1.0,10.0,moderate,4.0,0.14142135623730953,28.284271247461895,48,0,0.0,True,very-low-contrast
9,0.5,1.0,10.0,moderate,4.0,0.14142135623730953,28.284271247461895,48,0,0.0,True,very-low-contrast
10,0.5,1.0,10.0,moderate,4.0,0.14142135623730953,28.284271247461895,48,0,0.0,True,very-low-contrast
1,0.5,1.0,10.0,high,4.0,0.28284271247461906,14.142135623730947,48,0,0.0,True,very-low-contrast
2,0.5,1.0,10.0,high,4.0,0.28284271247461906,14.142135623730947,48,0,0.0,True,very-low-contrast
3,0.5,1.0,10.0,high,4.0,0.28284271247461906,14.142135623730947,48,0,0.0,True,very-low-contrast
4,0.5,1.0,10.0,high,4.0,0.28284271247461906,14.142135623730947,48,0,0.0,True,very-low-contrast
5,0.5,1.0,10.0,high,4.0,0.28284271247461906,14.142135623730947,48,0,0.0,True,very-low-contrast
6,0.5,1.0,10.0,high,4.0,0.28284271247461906,14.142135623730947,48,0,0.0,True,very-low-contrast
7,0.5,1.0,10.0,high,4.0,0.28284271247461906,14.142135623730947,48,0,0.0,True,very-low-contrast
8,0.5,1.0,10.0,high,4.0,0.28284271247461906,14.142135623730947,48,0,0.0,True,very-low-contrast
9,0.5,1.0,10.0,high,4.0,0.28284271247461906,14.142135623730947,48,0,0.0,True,very-low-contrast
10,0.5,1.0,10.0,high,4.0,0.28284271247461906,14.142135623730947,48,0,0.0,True,very-low-contrast
1,0.5,3.0,1.0,quiet,12.0,0.01788854381999832,670.8203932499368,48,0,0.0,True,low-contrast
2,0.5,3.0,1.0,quiet,12.0,0.01788854381999832,670.8203932499368,48,0,0.0,True,low-contrast
3,0.5,3.0,1.0,quiet,12.0,0.01788854381999832,670.8203932499368,48,0,0.0,True,low-contrast
4,0.5,3.0,1.0,quiet,12.0,0.01788854381999832,670.8203932499368,48,0,0.0,True,low-contrast
5,0.5,3.0,1.0,quiet,12.0,0.01788854381999832,670.8203932499368,48,0,0.0,True,low-contrast
6,0.5,3.0,1.0,quiet,12.0,0.01788854381999832,670.8203932499368,48,0,0.0,True,low-contrast
7,0.5,3.0,1.0,quiet,12.0,0.01788854381999832,670.8203932499368,48,0,0.0,True,low-contrast
8,0.5,3.0,1.0,quiet,12.0,0.01788854381999832,670.8203932499368,48,0,0.0,True,low-contrast
9,0.5,3.0,1.0,quiet,12.0,0.01788854381999832,670.8203932499368,48,0,0.0,True,low-contrast
10,0.5,3.0,1.0,quiet,12.0,0.01788854381999832,670.8203932499368,48,0,0.0,True,low-contrast
1,0.5,3.0,1.0,moderate,12.0,0.044721359549995794,268.32815729997475,48,0,0.0,True,low-contrast
2,0.5,3.0,1.0,moderate,12.0,0.044721359549995794,268.32815729997475,48,0,0.0,True,low-contrast
3,0.5,3.0,1.0,moderate,12.0,0.044721359549995794,268.32815729997475,48,0,0.0,True,low-contrast
4,0.5,3.0,1.0,moderate,12.0,0.044721359549995794,268.32815729997475,48,0,0.0,True,low-contrast
5,0.5,3.0,1.0,moderate,12.0,0.044721359549995794,268.32815729997475,48,0,0.0,True,low-contrast
6,0.5,3.0,1.0,moderate,12.0,0.044721359549995794,268.32815729997475,48,0,0.0,True,low-contrast
7,0.5,3.0,1.0,moderate,12.0,0.044721359549995794,268.32815729997475,48,0,0.0,True,low-contrast
8,0.5,3.0,1.0,moderate,12.0,0.044721359549995794,268.32815729997475,48,0,0.0,True,low-contrast
9,0.5,3.0,1.0,moderate,12.0,0.044721359549995794,268.32815729997475,48,0,0.0,True,low-contrast
10,0.5,3.0,1.0,moderate,12.0,0.044721359549995794,268.32815729997475,48,0,0.0,True,low-contrast
1,0.5,3.0,1.0,high,12.0,0.08944271909999159,134.16407864998737,48,0,0.0,True,low-contrast
2,0.5,3.0,1.0,high,12.0,0.08944271909999159,134.16407864998737,48,0,0.0,True,low-contrast
3,0.5,3.0,1.0,high,12.0,0.08944271909999159,134.16407864998737,48,0,0.0,True,low-contrast
4,0.5,3.0,1.0,high,12.0,0.08944271909999159,134.16407864998737,48,0,0.0,True,low-contrast
5,0.5,3.0,1.0,high,12.0,0.08944271909999159,134.16407864998737,48,0,0.0,True,low-contrast
6,0.5,3.0,1.0,high,12.0,0.08944271909999159,134.16407864998737,48,0,0.0,True,low-contrast
7,0.5,3.0,1.0,high,12.0,0.08944271909999159,134.16407864998737,48,0,0.0,True,low-contrast
8,0.5,3.0,1.0,high,12.0,0.08944271909999159,134.16407864998737,48,0,0.0,True,low-contrast
9,0.5,3.0,1.0,high,12.0,0.08944271909999159,134.16407864998737,48,0,0.0,True,low-contrast
10,0.5,3.0,1.0,high,12.0,0.08944271909999159,134.16407864998737,48,0,0.0,True,low-contrast
1,0.5,3.0,5.0,quiet,12.0,0.04,300.0,48,0,0.0,True,low-contrast
2,0.5,3.0,5.0,quiet,12.0,0.04,300.0,48,0,0.0,True,low-contrast
3,0.5,3.0,5.0,quiet,12.0,0.04,300.0,48,0,0.0,True,low-contrast
4,0.5,3.0,5.0,quiet,12.0,0.04,300.0,48,0,0.0,True,low-contrast
5,0.5,3.0,5.0,quiet,12.0,0.04,300.0,48,0,0.0,True,low-contrast
6,0.5,3.0,5.0,quiet,12.0,0.04,300.0,48,0,0.0,True,low-contrast
7,0.5,3.0,5.0,quiet,12.0,0.04,300.0,48,0,0.0,True,low-contrast
8,0.5,3.0,5.0,quiet,12.0,0.04,300.0,48,0,0.0,True,low-contrast
9,0.5,3.0,5.0,quiet,12.0,0.04,300.0,48,0,0.0,True,low-contrast
10,0.5,3.0,5.0,quiet,12.0,0.04,300.0,48,0,0.0,True,low-contrast
1,0.5,3.0,5.0,moderate,12.0,0.1,120.0,48,0,0.0,True,low-contrast
2,0.5,3.0,5.0,moderate,12.0,0.1,120.0,48,0,0.0,True,low-contrast
3,0.5,3.0,5.0,moderate,12.0,0.1,120.0,48,0,0.0,True,low-contrast
4,0.5,3.0,5.0,moderate,12.0,0.1,120.0,48,0,0.0,True,low-contrast
5,0.5,3.0,5.0,moderate,12.0,0.1,120.0,48,0,0.0,True,low-contrast
6,0.5,3.0,5.0,moderate,12.0,0.1,120.0,48,0,0.0,True,low-contrast
7,0.5,3.0,5.0,moderate,12.0,0.1,120.0,48,0,0.0,True,low-contrast
8,0.5,3.0,5.0,moderate,12.0,0.1,120.0,48,0,0.0,True,low-contrast
9,0.5,3.0,5.0,moderate,12.0,0.1,120.0,48,0,0.0,True,low-contrast
10,0.5,3.0,5.0,moderate,12.0,0.1,120.0,48,0,0.0,True,low-contrast
1,0.5,3.0,5.0,high,12.0,0.2,60.0,48,0,0.0,True,low-contrast
2,0.5,3.0,5.0,high,12.0,0.2,60.0,48,0,0.0,True,low-contrast
3,0.5,3.0,5.0,high,12.0,0.2,60.0,48,0,0.0,True,low-contrast
4,0.5,3.0,5.0,high,12.0,0.2,60.0,48,0,0.0,True,low-contrast
5,0.5,3.0,5.0,high,12.0,0.2,60.0,48,0,0.0,True,low-contrast
6,0.5,3.0,5.0,high,12.0,0.2,60.0,48,0,0.0,True,low-contrast
7,0.5,3.0,5.0,high,12.0,0.2,60.0,48,0,0.0,True,low-contrast
8,0.5,3.0,5.0,high,12.0,0.2,60.0,48,0,0.0,True,low-contrast
9,0.5,3.0,5.0,high,12.0,0.2,60.0,48,0,0.0,True,low-contrast
10,0.5,3.0,5.0,high,12.0,0.2,60.0,48,0,0.0,True,low-contrast
1,0.5,3.0,10.0,quiet,12.0,0.05656854249492381,212.13203435596424,48,0,0.0,True,low-contrast
2,0.5,3.0,10.0,quiet,12.0,0.05656854249492381,212.13203435596424,48,0,0.0,True,low-contrast
3,0.5,3.0,10.0,quiet,12.0,0.05656854249492381,212.13203435596424,48,0,0.0,True,low-contrast
4,0.5,3.0,10.0,quiet,12.0,0.05656854249492381,212.13203435596424,48,0,0.0,True,low-contrast
5,0.5,3.0,10.0,quiet,12.0,0.05656854249492381,212.13203435596424,48,0,0.0,True,low-contrast
6,0.5,3.0,10.0,quiet,12.0,0.05656854249492381,212.13203435596424,48,0,0.0,True,low-contrast
7,0.5,3.0,10.0,quiet,12.0,0.05656854249492381,212.13203435596424,48,0,0.0,True,low-contrast
8,0.5,3.0,10.0,quiet,12.0,0.05656854249492381,212.13203435596424,48,0,0.0,True,low-contrast
9,0.5,3.0,10.0,quiet,12.0,0.05656854249492381,212.13203435596424,48,0,0.0,True,low-contrast
10,0.5,3.0,10.0,quiet,12.0,0.05656854249492381,212.13203435596424,48,0,0.0,True,low-contrast
1,0.5,3.0,10.0,moderate,12.0,0.14142135623730953,84.85281374238569,48,0,0.0,True,low-contrast
2,0.5,3.0,10.0,moderate,12.0,0.14142135623730953,84.85281374238569,48,0,0.0,True,low-contrast
3,0.5,3.0,10.0,moderate,12.0,0.14142135623730953,84.85281374238569,48,0,0.0,True,low-contrast
4,0.5,3.0,10.0,moderate,12.0,0.14142135623730953,84.85281374238569,48,0,0.0,True,low-contrast
5,0.5,3.0,10.0,moderate,12.0,0.14142135623730953,84.85281374238569,48,0,0.0,True,low-contrast
6,0.5,3.0,10.0,moderate,12.0,0.14142135623730953,84.85281374238569,48,0,0.0,True,low-contrast
7,0.5,3.0,10.0,moderate,12.0,0.14142135623730953,84.85281374238569,48,0,0.0,True,low-contrast
8,0.5,3.0,10.0,moderate,12.0,0.14142135623730953,84.85281374238569,48,0,0.0,True,low-contrast
9,0.5,3.0,10.0,moderate,12.0,0.14142135623730953,84.85281374238569,48,0,0.0,True,low-contrast
10,0.5,3.0,10.0,moderate,12.0,0.14142135623730953,84.85281374238569,48,0,0.0,True,low-contrast
1,0.5,3.0,10.0,high,12.0,0.28284271247461906,42.426406871192846,48,0,0.0,True,low-contrast
2,0.5,3.0,10.0,high,12.0,0.28284271247461906,42.426406871192846,48,0,0.0,True,low-contrast
3,0.5,3.0,10.0,high,12.0,0.28284271247461906,42.426406871192846,48,0,0.0,True,low-contrast
4,0.5,3.0,10.0,high,12.0,0.28284271247461906,42.426406871192846,48,0,0.0,True,low-contrast
5,0.5,3.0,10.0,high,12.0,0.28284271247461906,42.426406871192846,48,0,0.0,True,low-contrast
6,0.5,3.0,10.0,high,12.0,0.28284271247461906,42.426406871192846,48,0,0.0,True,low-contrast
7,0.5,3.0,10.0,high,12.0,0.28284271247461906,42.426406871192846,48,0,0.0,True,low-contrast
8,0.5,3.0,10.0,high,12.0,0.28284271247461906,42.426406871192846,48,0,0.0,True,low-contrast
9,0.5,3.0,10.0,high,12.0,0.28284271247461906,42.426406871192846,48,0,0.0,True,low-contrast
10,0.5,3.0,10.0,high,12.0,0.28284271247461906,42.426406871192846,48,0,0.0,True,low-contrast
1,0.5,5.0,1.0,quiet,20.0,0.01788854381999832,1118.0339887498947,48,0,0.0,True,higher-contrast
2,0.5,5.0,1.0,quiet,20.0,0.01788854381999832,1118.0339887498947,48,0,0.0,True,higher-contrast
3,0.5,5.0,1.0,quiet,20.0,0.01788854381999832,1118.0339887498947,48,0,0.0,True,higher-contrast
4,0.5,5.0,1.0,quiet,20.0,0.01788854381999832,1118.0339887498947,48,0,0.0,True,higher-contrast
5,0.5,5.0,1.0,quiet,20.0,0.01788854381999832,1118.0339887498947,48,0,0.0,True,higher-contrast
6,0.5,5.0,1.0,quiet,20.0,0.01788854381999832,1118.0339887498947,48,0,0.0,True,higher-contrast
7,0.5,5.0,1.0,quiet,20.0,0.01788854381999832,1118.0339887498947,48,0,0.0,True,higher-contrast
8,0.5,5.0,1.0,quiet,20.0,0.01788854381999832,1118.0339887498947,48,0,0.0,True,higher-contrast
9,0.5,5.0,1.0,quiet,20.0,0.01788854381999832,1118.0339887498947,48,0,0.0,True,higher-contrast
10,0.5,5.0,1.0,quiet,20.0,0.01788854381999832,1118.0339887498947,48,0,0.0,True,higher-contrast
1,0.5,5.0,1.0,moderate,20.0,0.044721359549995794,447.21359549995793,48,0,0.0,True,higher-contrast
2,0.5,5.0,1.0,moderate,20.0,0.044721359549995794,447.21359549995793,48,0,0.0,True,higher-contrast
3,0.5,5.0,1.0,moderate,20.0,0.044721359549995794,447.21359549995793,48,0,0.0,True,higher-contrast
4,0.5,5.0,1.0,moderate,20.0,0.044721359549995794,447.21359549995793,48,0,0.0,True,higher-contrast
5,0.5,5.0,1.0,moderate,20.0,0.044721359549995794,447.21359549995793,48,0,0.0,True,higher-contrast
6,0.5,5.0,1.0,moderate,20.0,0.044721359549995794,447.21359549995793,48,0,0.0,True,higher-contrast
7,0.5,5.0,1.0,moderate,20.0,0.044721359549995794,447.21359549995793,48,0,0.0,True,higher-contrast
8,0.5,5.0,1.0,moderate,20.0,0.044721359549995794,447.21359549995793,48,0,0.0,True,higher-contrast
9,0.5,5.0,1.0,moderate,20.0,0.044721359549995794,447.21359549995793,48,0,0.0,True,higher-contrast
10,0.5,5.0,1.0,moderate,20.0,0.044721359549995794,447.21359549995793,48,0,0.0,True,higher-contrast
1,0.5,5.0,1.0,high,20.0,0.08944271909999159,223.60679774997897,48,0,0.0,True,higher-contrast
2,0.5,5.0,1.0,high,20.0,0.08944271909999159,223.60679774997897,48,0,0.0,True,higher-contrast
3,0.5,5.0,1.0,high,20.0,0.08944271909999159,223.60679774997897,48,0,0.0,True,higher-contrast
4,0.5,5.0,1.0,high,20.0,0.08944271909999159,223.60679774997897,48,0,0.0,True,higher-contrast
5,0.5,5.0,1.0,high,20.0,0.08944271909999159,223.60679774997897,48,0,0.0,True,higher-contrast
6,0.5,5.0,1.0,high,20.0,0.08944271909999159,223.60679774997897,48,0,0.0,True,higher-contrast
7,0.5,5.0,1.0,high,20.0,0.08944271909999159,223.60679774997897,48,0,0.0,True,higher-contrast
8,0.5,5.0,1.0,high,20.0,0.08944271909999159,223.60679774997897,48,0,0.0,True,higher-contrast
9,0.5,5.0,1.0,high,20.0,0.08944271909999159,223.60679774997897,48,0,0.0,True,higher-contrast
10,0.5,5.0,1.0,high,20.0,0.08944271909999159,223.60679774997897,48,0,0.0,True,higher-contrast
1,0.5,5.0,5.0,quiet,20.0,0.04,500.0,48,0,0.0,True,higher-contrast
2,0.5,5.0,5.0,quiet,20.0,0.04,500.0,48,0,0.0,True,higher-contrast
3,0.5,5.0,5.0,quiet,20.0,0.04,500.0,48,0,0.0,True,higher-contrast
4,0.5,5.0,5.0,quiet,20.0,0.04,500.0,48,0,0.0,True,higher-contrast
5,0.5,5.0,5.0,quiet,20.0,0.04,500.0,48,0,0.0,True,higher-contrast
6,0.5,5.0,5.0,quiet,20.0,0.04,500.0,48,0,0.0,True,higher-contrast
7,0.5,5.0,5.0,quiet,20.0,0.04,500.0,48,0,0.0,True,higher-contrast
8,0.5,5.0,5.0,quiet,20.0,0.04,500.0,48,0,0.0,True,higher-contrast
9,0.5,5.0,5.0,quiet,20.0,0.04,500.0,48,0,0.0,True,higher-contrast
10,0.5,5.0,5.0,quiet,20.0,0.04,500.0,48,0,0.0,True,higher-contrast
1,0.5,5.0,5.0,moderate,20.0,0.1,200.0,48,0,0.0,True,higher-contrast
2,0.5,5.0,5.0,moderate,20.0,0.1,200.0,48,0,0.0,True,higher-contrast
3,0.5,5.0,5.0,moderate,20.0,0.1,200.0,48,0,0.0,True,higher-contrast
4,0.5,5.0,5.0,moderate,20.0,0.1,200.0,48,0,0.0,True,higher-contrast
5,0.5,5.0,5.0,moderate,20.0,0.1,200.0,48,0,0.0,True,higher-contrast
6,0.5,5.0,5.0,moderate,20.0,0.1,200.0,48,0,0.0,True,higher-contrast
7,0.5,5.0,5.0,moderate,20.0,0.1,200.0,48,0,0.0,True,higher-contrast
8,0.5,5.0,5.0,moderate,20.0,0.1,200.0,48,0,0.0,True,higher-contrast
9,0.5,5.0,5.0,moderate,20.0,0.1,200.0,48,0,0.0,True,higher-contrast
10,0.5,5.0,5.0,moderate,20.0,0.1,200.0,48,0,0.0,True,higher-contrast
1,0.5,5.0,5.0,high,20.0,0.2,100.0,48,0,0.0,True,higher-contrast
2,0.5,5.0,5.0,high,20.0,0.2,100.0,48,0,0.0,True,higher-contrast
3,0.5,5.0,5.0,high,20.0,0.2,100.0,48,0,0.0,True,higher-contrast
4,0.5,5.0,5.0,high,20.0,0.2,100.0,48,0,0.0,True,higher-contrast
5,0.5,5.0,5.0,high,20.0,0.2,100.0,48,0,0.0,True,higher-contrast
6,0.5,5.0,5.0,high,20.0,0.2,100.0,48,0,0.0,True,higher-contrast
7,0.5,5.0,5.0,high,20.0,0.2,100.0,48,0,0.0,True,higher-contrast
8,0.5,5.0,5.0,high,20.0,0.2,100.0,48,0,0.0,True,higher-contrast
9,0.5,5.0,5.0,high,20.0,0.2,100.0,48,0,0.0,True,higher-contrast
10,0.5,5.0,5.0,high,20.0,0.2,100.0,48,0,0.0,True,higher-contrast
1,0.5,5.0,10.0,quiet,20.0,0.05656854249492381,353.5533905932737,48,0,0.0,True,higher-contrast
2,0.5,5.0,10.0,quiet,20.0,0.05656854249492381,353.5533905932737,48,0,0.0,True,higher-contrast
3,0.5,5.0,10.0,quiet,20.0,0.05656854249492381,353.5533905932737,48,0,0.0,True,higher-contrast
4,0.5,5.0,10.0,quiet,20.0,0.05656854249492381,353.5533905932737,48,0,0.0,True,higher-contrast
5,0.5,5.0,10.0,quiet,20.0,0.05656854249492381,353.5533905932737,48,0,0.0,True,higher-contrast
6,0.5,5.0,10.0,quiet,20.0,0.05656854249492381,353.5533905932737,48,0,0.0,True,higher-contrast
7,0.5,5.0,10.0,quiet,20.0,0.05656854249492381,353.5533905932737,48,0,0.0,True,higher-contrast
8,0.5,5.0,10.0,quiet,20.0,0.05656854249492381,353.5533905932737,48,0,0.0,True,higher-contrast
9,0.5,5.0,10.0,quiet,20.0,0.05656854249492381,353.5533905932737,48,0,0.0,True,higher-contrast
10,0.5,5.0,10.0,quiet,20.0,0.05656854249492381,353.5533905932737,48,0,0.0,True,higher-contrast
1,0.5,5.0,10.0,moderate,20.0,0.14142135623730953,141.42135623730948,48,0,0.0,True,higher-contrast
2,0.5,5.0,10.0,moderate,20.0,0.14142135623730953,141.42135623730948,48,0,0.0,True,higher-contrast
3,0.5,5.0,10.0,moderate,20.0,0.14142135623730953,141.42135623730948,48,0,0.0,True,higher-contrast
4,0.5,5.0,10.0,moderate,20.0,0.14142135623730953,141.42135623730948,48,0,0.0,True,higher-contrast
5,0.5,5.0,10.0,moderate,20.0,0.14142135623730953,141.42135623730948,48,0,0.0,True,higher-contrast
6,0.5,5.0,10.0,moderate,20.0,0.14142135623730953,141.42135623730948,48,0,0.0,True,higher-contrast
7,0.5,5.0,10.0,moderate,20.0,0.14142135623730953,141.42135623730948,48,0,0.0,True,higher-contrast
8,0.5,5.0,10.0,moderate,20.0,0.14142135623730953,141.42135623730948,48,0,0.0,True,higher-contrast
9,0.5,5.0,10.0,moderate,20.0,0.14142135623730953,141.42135623730948,48,0,0.0,True,higher-contrast
10,0.5,5.0,10.0,moderate,20.0,0.14142135623730953,141.42135623730948,48,0,0.0,True,higher-contrast
1,0.5,5.0,10.0,high,20.0,0.28284271247461906,70.71067811865474,48,0,0.0,True,higher-contrast
2,0.5,5.0,10.0,high,20.0,0.28284271247461906,70.71067811865474,48,0,0.0,True,higher-contrast
3,0.5,5.0,10.0,high,20.0,0.28284271247461906,70.71067811865474,48,0,0.0,True,higher-contrast
4,0.5,5.0,10.0,high,20.0,0.28284271247461906,70.71067811865474,48,0,0.0,True,higher-contrast
5,0.5,5.0,10.0,high,20.0,0.28284271247461906,70.71067811865474,48,0,0.0,True,higher-contrast
6,0.5,5.0,10.0,high,20.0,0.28284271247461906,70.71067811865474,48,0,0.0,True,higher-contrast
7,0.5,5.0,10.0,high,20.0,0.28284271247461906,70.71067811865474,48,0,0.0,True,higher-contrast
8,0.5,5.0,10.0,high,20.0,0.28284271247461906,70.71067811865474,48,0,0.0,True,higher-contrast
9,0.5,5.0,10.0,high,20.0,0.28284271247461906,70.71067811865474,48,0,0.0,True,higher-contrast
10,0.5,5.0,10.0,high,20.0,0.28284271247461906,70.71067811865474,48,0,0.0,True,higher-contrast
1,1.5,1.0,1.0,quiet,0.4444444444444444,0.01788854381999832,24.84519974999766,48,0,0.0,True,very-low-contrast
2,1.5,1.0,1.0,quiet,0.4444444444444444,0.01788854381999832,24.84519974999766,48,0,0.0,True,very-low-contrast
3,1.5,1.0,1.0,quiet,0.4444444444444444,0.01788854381999832,24.84519974999766,48,0,0.0,True,very-low-contrast
4,1.5,1.0,1.0,quiet,0.4444444444444444,0.01788854381999832,24.84519974999766,48,0,0.0,True,very-low-contrast
5,1.5,1.0,1.0,quiet,0.4444444444444444,0.01788854381999832,24.84519974999766,48,0,0.0,True,very-low-contrast
6,1.5,1.0,1.0,quiet,0.4444444444444444,0.01788854381999832,24.84519974999766,48,0,0.0,True,very-low-contrast
7,1.5,1.0,1.0,quiet,0.4444444444444444,0.01788854381999832,24.84519974999766,48,0,0.0,True,very-low-contrast
8,1.5,1.0,1.0,quiet,0.4444444444444444,0.01788854381999832,24.84519974999766,48,0,0.0,True,very-low-contrast
9,1.5,1.0,1.0,quiet,0.4444444444444444,0.01788854381999832,24.84519974999766,48,0,0.0,True,very-low-contrast
10,1.5,1.0,1.0,quiet,0.4444444444444444,0.01788854381999832,24.84519974999766,48,0,0.0,True,very-low-contrast
1,1.5,1.0,1.0,moderate,0.4444444444444444,0.044721359549995794,9.938079899999064,48,0,0.0,True,very-low-contrast
2,1.5,1.0,1.0,moderate,0.4444444444444444,0.044721359549995794,9.938079899999064,48,0,0.0,True,very-low-contrast
3,1.5,1.0,1.0,moderate,0.4444444444444444,0.044721359549995794,9.938079899999064,48,0,0.0,True,very-low-contrast
4,1.5,1.0,1.0,moderate,0.4444444444444444,0.044721359549995794,9.938079899999064,48,0,0.0,True,very-low-contrast
5,1.5,1.0,1.0,moderate,0.4444444444444444,0.044721359549995794,9.938079899999064,48,0,0.0,True,very-low-contrast
6,1.5,1.0,1.0,moderate,0.4444444444444444,0.044721359549995794,9.938079899999064,48,0,0.0,True,very-low-contrast
7,1.5,1.0,1.0,moderate,0.4444444444444444,0.044721359549995794,9.938079899999064,48,0,0.0,True,very-low-contrast
8,1.5,1.0,1.0,moderate,0.4444444444444444,0.044721359549995794,9.938079899999064,48,0,0.0,True,very-low-contrast
9,1.5,1.0,1.0,moderate,0.4444444444444444,0.044721359549995794,9.938079899999064,48,0,0.0,True,very-low-contrast
10,1.5,1.0,1.0,moderate,0.4444444444444444,0.044721359549995794,9.938079899999064,48,0,0.0,True,very-low-contrast
1,1.5,1.0,1.0,high,0.4444444444444444,0.08944271909999159,4.969039949999532,48,0,0.0,True,very-low-contrast
2,1.5,1.0,1.0,high,0.4444444444444444,0.08944271909999159,4.969039949999532,48,0,0.0,True,very-low-contrast
3,1.5,1.0,1.0,high,0.4444444444444444,0.08944271909999159,4.969039949999532,48,0,0.0,True,very-low-contrast
4,1.5,1.0,1.0,high,0.4444444444444444,0.08944271909999159,4.969039949999532,48,0,0.0,True,very-low-contrast
5,1.5,1.0,1.0,high,0.4444444444444444,0.08944271909999159,4.969039949999532,48,0,0.0,True,very-low-contrast
6,1.5,1.0,1.0,high,0.4444444444444444,0.08944271909999159,4.969039949999532,48,0,0.0,True,very-low-contrast
7,1.5,1.0,1.0,high,0.4444444444444444,0.08944271909999159,4.969039949999532,48,0,0.0,True,very-low-contrast
8,1.5,1.0,1.0,high,0.4444444444444444,0.08944271909999159,4.969039949999532,48,1,0.020833333333333332,False,very-low-contrast
9,1.5,1.0,1.0,high,0.4444444444444444,0.08944271909999159,4.969039949999532,48,0,0.0,True,very-low-contrast
10,1.5,1.0,1.0,high,0.4444444444444444,0.08944271909999159,4.969039949999532,48,1,0.020833333333333332,False,very-low-contrast
1,1.5,1.0,5.0,quiet,0.4444444444444444,0.04,11.11111111111111,48,0,0.0,True,very-low-contrast
2,1.5,1.0,5.0,quiet,0.4444444444444444,0.04,11.11111111111111,48,0,0.0,True,very-low-contrast
3,1.5,1.0,5.0,quiet,0.4444444444444444,0.04,11.11111111111111,48,0,0.0,True,very-low-contrast
4,1.5,1.0,5.0,quiet,0.4444444444444444,0.04,11.11111111111111,48,0,0.0,True,very-low-contrast
5,1.5,1.0,5.0,quiet,0.4444444444444444,0.04,11.11111111111111,48,0,0.0,True,very-low-contrast
6,1.5,1.0,5.0,quiet,0.4444444444444444,0.04,11.11111111111111,48,0,0.0,True,very-low-contrast
7,1.5,1.0,5.0,quiet,0.4444444444444444,0.04,11.11111111111111,48,0,0.0,True,very-low-contrast
8,1.5,1.0,5.0,quiet,0.4444444444444444,0.04,11.11111111111111,48,0,0.0,True,very-low-contrast
9,1.5,1.0,5.0,quiet,0.4444444444444444,0.04,11.11111111111111,48,0,0.0,True,very-low-contrast
10,1.5,1.0,5.0,quiet,0.4444444444444444,0.04,11.11111111111111,48,0,0.0,True,very-low-contrast
1,1.5,1.0,5.0,moderate,0.4444444444444444,0.1,4.444444444444444,48,0,0.0,True,very-low-contrast
2,1.5,1.0,5.0,moderate,0.4444444444444444,0.1,4.444444444444444,48,0,0.0,True,very-low-contrast
3,1.5,1.0,5.0,moderate,0.4444444444444444,0.1,4.444444444444444,48,0,0.0,True,very-low-contrast
4,1.5,1.0,5.0,moderate,0.4444444444444444,0.1,4.444444444444444,48,2,0.041666666666666664,False,very-low-contrast
5,1.5,1.0,5.0,moderate,0.4444444444444444,0.1,4.444444444444444,48,1,0.020833333333333332,False,very-low-contrast
6,1.5,1.0,5.0,moderate,0.4444444444444444,0.1,4.444444444444444,48,1,0.020833333333333332,False,very-low-contrast
7,1.5,1.0,5.0,moderate,0.4444444444444444,0.1,4.444444444444444,48,1,0.020833333333333332,False,very-low-contrast
8,1.5,1.0,5.0,moderate,0.4444444444444444,0.1,4.444444444444444,48,0,0.0,True,very-low-contrast
9,1.5,1.0,5.0,moderate,0.4444444444444444,0.1,4.444444444444444,48,0,0.0,True,very-low-contrast
10,1.5,1.0,5.0,moderate,0.4444444444444444,0.1,4.444444444444444,48,0,0.0,True,very-low-contrast
1,1.5,1.0,5.0,high,0.4444444444444444,0.2,2.222222222222222,48,6,0.125,False,very-low-contrast
2,1.5,1.0,5.0,high,0.4444444444444444,0.2,2.222222222222222,48,7,0.14583333333333334,False,very-low-contrast
3,1.5,1.0,5.0,high,0.4444444444444444,0.2,2.222222222222222,48,6,0.125,False,very-low-contrast
4,1.5,1.0,5.0,high,0.4444444444444444,0.2,2.222222222222222,48,4,0.08333333333333333,False,very-low-contrast
5,1.5,1.0,5.0,high,0.4444444444444444,0.2,2.222222222222222,48,6,0.125,False,very-low-contrast
6,1.5,1.0,5.0,high,0.4444444444444444,0.2,2.222222222222222,48,9,0.1875,False,very-low-contrast
7,1.5,1.0,5.0,high,0.4444444444444444,0.2,2.222222222222222,48,6,0.125,False,very-low-contrast
8,1.5,1.0,5.0,high,0.4444444444444444,0.2,2.222222222222222,48,3,0.0625,False,very-low-contrast
9,1.5,1.0,5.0,high,0.4444444444444444,0.2,2.222222222222222,48,8,0.16666666666666666,False,very-low-contrast
10,1.5,1.0,5.0,high,0.4444444444444444,0.2,2.222222222222222,48,2,0.041666666666666664,False,very-low-contrast
1,1.5,1.0,10.0,quiet,0.4444444444444444,0.05656854249492381,7.85674201318386,48,0,0.0,True,very-low-contrast
2,1.5,1.0,10.0,quiet,0.4444444444444444,0.05656854249492381,7.85674201318386,48,0,0.0,True,very-low-contrast
3,1.5,1.0,10.0,quiet,0.4444444444444444,0.05656854249492381,7.85674201318386,48,0,0.0,True,very-low-contrast
4,1.5,1.0,10.0,quiet,0.4444444444444444,0.05656854249492381,7.85674201318386,48,0,0.0,True,very-low-contrast
5,1.5,1.0,10.0,quiet,0.4444444444444444,0.05656854249492381,7.85674201318386,48,0,0.0,True,very-low-contrast
6,1.5,1.0,10.0,quiet,0.4444444444444444,0.05656854249492381,7.85674201318386,48,0,0.0,True,very-low-contrast
7,1.5,1.0,10.0,quiet,0.4444444444444444,0.05656854249492381,7.85674201318386,48,0,0.0,True,very-low-contrast
8,1.5,1.0,10.0,quiet,0.4444444444444444,0.05656854249492381,7.85674201318386,48,0,0.0,True,very-low-contrast
9,1.5,1.0,10.0,quiet,0.4444444444444444,0.05656854249492381,7.85674201318386,48,0,0.0,True,very-low-contrast
10,1.5,1.0,10.0,quiet,0.4444444444444444,0.05656854249492381,7.85674201318386,48,0,0.0,True,very-low-contrast
1,1.5,1.0,10.0,moderate,0.4444444444444444,0.14142135623730953,3.142696805273544,48,1,0.020833333333333332,False,very-low-contrast
2,1.5,1.0,10.0,moderate,0.4444444444444444,0.14142135623730953,3.142696805273544,48,6,0.125,False,very-low-contrast
3,1.5,1.0,10.0,moderate,0.4444444444444444,0.14142135623730953,3.142696805273544,48,0,0.0,True,very-low-contrast
4,1.5,1.0,10.0,moderate,0.4444444444444444,0.14142135623730953,3.142696805273544,48,4,0.08333333333333333,False,very-low-contrast
5,1.5,1.0,10.0,moderate,0.4444444444444444,0.14142135623730953,3.142696805273544,48,6,0.125,False,very-low-contrast
6,1.5,1.0,10.0,moderate,0.4444444444444444,0.14142135623730953,3.142696805273544,48,4,0.08333333333333333,False,very-low-contrast
7,1.5,1.0,10.0,moderate,0.4444444444444444,0.14142135623730953,3.142696805273544,48,1,0.020833333333333332,False,very-low-contrast
8,1.5,1.0,10.0,moderate,0.4444444444444444,0.14142135623730953,3.142696805273544,48,1,0.020833333333333332,False,very-low-contrast
9,1.5,1.0,10.0,moderate,0.4444444444444444,0.14142135623730953,3.142696805273544,48,2,0.041666666666666664,False,very-low-contrast
10,1.5,1.0,10.0,moderate,0.4444444444444444,0.14142135623730953,3.142696805273544,48,4,0.08333333333333333,False,very-low-contrast
1,1.5,1.0,10.0,high,0.4444444444444444,0.28284271247461906,1.571348402636772,48,11,0.22916666666666666,False,very-low-contrast
2,1.5,1.0,10.0,high,0.4444444444444444,0.28284271247461906,1.571348402636772,48,9,0.1875,False,very-low-contrast
3,1.5,1.0,10.0,high,0.4444444444444444,0.28284271247461906,1.571348402636772,48,11,0.22916666666666666,False,very-low-contrast
4,1.5,1.0,10.0,high,0.4444444444444444,0.28284271247461906,1.571348402636772,48,7,0.14583333333333334,False,very-low-contrast
5,1.5,1.0,10.0,high,0.4444444444444444,0.28284271247461906,1.571348402636772,48,9,0.1875,False,very-low-contrast
6,1.5,1.0,10.0,high,0.4444444444444444,0.28284271247461906,1.571348402636772,48,7,0.14583333333333334,False,very-low-contrast
7,1.5,1.0,10.0,high,0.4444444444444444,0.28284271247461906,1.571348402636772,48,10,0.20833333333333334,False,very-low-contrast
8,1.5,1.0,10.0,high,0.4444444444444444,0.28284271247461906,1.571348402636772,48,11,0.22916666666666666,False,very-low-contrast
9,1.5,1.0,10.0,high,0.4444444444444444,0.28284271247461906,1.571348402636772,48,14,0.2916666666666667,False,very-low-contrast
10,1.5,1.0,10.0,high,0.4444444444444444,0.28284271247461906,1.571348402636772,48,12,0.25,False,very-low-contrast
1,1.5,3.0,1.0,quiet,1.3333333333333333,0.01788854381999832,74.53559924999298,48,0,0.0,True,low-contrast
2,1.5,3.0,1.0,quiet,1.3333333333333333,0.01788854381999832,74.53559924999298,48,0,0.0,True,low-contrast
3,1.5,3.0,1.0,quiet,1.3333333333333333,0.01788854381999832,74.53559924999298,48,0,0.0,True,low-contrast
4,1.5,3.0,1.0,quiet,1.3333333333333333,0.01788854381999832,74.53559924999298,48,0,0.0,True,low-contrast
5,1.5,3.0,1.0,quiet,1.3333333333333333,0.01788854381999832,74.53559924999298,48,0,0.0,True,low-contrast
6,1.5,3.0,1.0,quiet,1.3333333333333333,0.01788854381999832,74.53559924999298,48,0,0.0,True,low-contrast
7,1.5,3.0,1.0,quiet,1.3333333333333333,0.01788854381999832,74.53559924999298,48,0,0.0,True,low-contrast
8,1.5,3.0,1.0,quiet,1.3333333333333333,0.01788854381999832,74.53559924999298,48,0,0.0,True,low-contrast
9,1.5,3.0,1.0,quiet,1.3333333333333333,0.01788854381999832,74.53559924999298,48,0,0.0,True,low-contrast
10,1.5,3.0,1.0,quiet,1.3333333333333333,0.01788854381999832,74.53559924999298,48,0,0.0,True,low-contrast
1,1.5,3.0,1.0,moderate,1.3333333333333333,0.044721359549995794,29.814239699997195,48,0,0.0,True,low-contrast
2,1.5,3.0,1.0,moderate,1.3333333333333333,0.044721359549995794,29.814239699997195,48,0,0.0,True,low-contrast
3,1.5,3.0,1.0,moderate,1.3333333333333333,0.044721359549995794,29.814239699997195,48,0,0.0,True,low-contrast
4,1.5,3.0,1.0,moderate,1.3333333333333333,0.044721359549995794,29.814239699997195,48,0,0.0,True,low-contrast
5,1.5,3.0,1.0,moderate,1.3333333333333333,0.044721359549995794,29.814239699997195,48,0,0.0,True,low-contrast
6,1.5,3.0,1.0,moderate,1.3333333333333333,0.044721359549995794,29.814239699997195,48,0,0.0,True,low-contrast
7,1.5,3.0,1.0,moderate,1.3333333333333333,0.044721359549995794,29.814239699997195,48,0,0.0,True,low-contrast
8,1.5,3.0,1.0,moderate,1.3333333333333333,0.044721359549995794,29.814239699997195,48,0,0.0,True,low-contrast
9,1.5,3.0,1.0,moderate,1.3333333333333333,0.044721359549995794,29.814239699997195,48,0,0.0,True,low-contrast
10,1.5,3.0,1.0,moderate,1.3333333333333333,0.044721359549995794,29.814239699997195,48,0,0.0,True,low-contrast
1,1.5,3.0,1.0,high,1.3333333333333333,0.08944271909999159,14.907119849998598,48,0,0.0,True,low-contrast
2,1.5,3.0,1.0,high,1.3333333333333333,0.08944271909999159,14.907119849998598,48,0,0.0,True,low-contrast
3,1.5,3.0,1.0,high,1.3333333333333333,0.08944271909999159,14.907119849998598,48,0,0.0,True,low-contrast
4,1.5,3.0,1.0,high,1.3333333333333333,0.08944271909999159,14.907119849998598,48,0,0.0,True,low-contrast
5,1.5,3.0,1.0,high,1.3333333333333333,0.08944271909999159,14.907119849998598,48,0,0.0,True,low-contrast
6,1.5,3.0,1.0,high,1.3333333333333333,0.08944271909999159,14.907119849998598,48,0,0.0,True,low-contrast
7,1.5,3.0,1.0,high,1.3333333333333333,0.08944271909999159,14.907119849998598,48,0,0.0,True,low-contrast
8,1.5,3.0,1.0,high,1.3333333333333333,0.08944271909999159,14.907119849998598,48,0,0.0,True,low-contrast
9,1.5,3.0,1.0,high,1.3333333333333333,0.08944271909999159,14.907119849998598,48,0,0.0,True,low-contrast
10,1.5,3.0,1.0,high,1.3333333333333333,0.08944271909999159,14.907119849998598,48,0,0.0,True,low-contrast
1,1.5,3.0,5.0,quiet,1.3333333333333333,0.04,33.33333333333333,48,0,0.0,True,low-contrast
2,1.5,3.0,5.0,quiet,1.3333333333333333,0.04,33.33333333333333,48,0,0.0,True,low-contrast
3,1.5,3.0,5.0,quiet,1.3333333333333333,0.04,33.33333333333333,48,0,0.0,True,low-contrast
4,1.5,3.0,5.0,quiet,1.3333333333333333,0.04,33.33333333333333,48,0,0.0,True,low-contrast
5,1.5,3.0,5.0,quiet,1.3333333333333333,0.04,33.33333333333333,48,0,0.0,True,low-contrast
6,1.5,3.0,5.0,quiet,1.3333333333333333,0.04,33.33333333333333,48,0,0.0,True,low-contrast
7,1.5,3.0,5.0,quiet,1.3333333333333333,0.04,33.33333333333333,48,0,0.0,True,low-contrast
8,1.5,3.0,5.0,quiet,1.3333333333333333,0.04,33.33333333333333,48,0,0.0,True,low-contrast
9,1.5,3.0,5.0,quiet,1.3333333333333333,0.04,33.33333333333333,48,0,0.0,True,low-contrast
10,1.5,3.0,5.0,quiet,1.3333333333333333,0.04,33.33333333333333,48,0,0.0,True,low-contrast
1,1.5,3.0,5.0,moderate,1.3333333333333333,0.1,13.333333333333332,48,0,0.0,True,low-contrast
2,1.5,3.0,5.0,moderate,1.3333333333333333,0.1,13.333333333333332,48,0,0.0,True,low-contrast
3,1.5,3.0,5.0,moderate,1.3333333333333333,0.1,13.333333333333332,48,0,0.0,True,low-contrast
4,1.5,3.0,5.0,moderate,1.3333333333333333,0.1,13.333333333333332,48,0,0.0,True,low-contrast
5,1.5,3.0,5.0,moderate,1.3333333333333333,0.1,13.333333333333332,48,0,0.0,True,low-contrast
6,1.5,3.0,5.0,moderate,1.3333333333333333,0.1,13.333333333333332,48,0,0.0,True,low-contrast
7,1.5,3.0,5.0,moderate,1.3333333333333333,0.1,13.333333333333332,48,0,0.0,True,low-contrast
8,1.5,3.0,5.0,moderate,1.3333333333333333,0.1,13.333333333333332,48,0,0.0,True,low-contrast
9,1.5,3.0,5.0,moderate,1.3333333333333333,0.1,13.333333333333332,48,0,0.0,True,low-contrast
10,1.5,3.0,5.0,moderate,1.3333333333333333,0.1,13.333333333333332,48,0,0.0,True,low-contrast
1,1.5,3.0,5.0,high,1.3333333333333333,0.2,6.666666666666666,48,0,0.0,True,low-contrast
2,1.5,3.0,5.0,high,1.3333333333333333,0.2,6.666666666666666,48,0,0.0,True,low-contrast
3,1.5,3.0,5.0,high,1.3333333333333333,0.2,6.666666666666666,48,0,0.0,True,low-contrast
4,1.5,3.0,5.0,high,1.3333333333333333,0.2,6.666666666666666,48,0,0.0,True,low-contrast
5,1.5,3.0,5.0,high,1.3333333333333333,0.2,6.666666666666666,48,0,0.0,True,low-contrast
6,1.5,3.0,5.0,high,1.3333333333333333,0.2,6.666666666666666,48,0,0.0,True,low-contrast
7,1.5,3.0,5.0,high,1.3333333333333333,0.2,6.666666666666666,48,0,0.0,True,low-contrast
8,1.5,3.0,5.0,high,1.3333333333333333,0.2,6.666666666666666,48,0,0.0,True,low-contrast
9,1.5,3.0,5.0,high,1.3333333333333333,0.2,6.666666666666666,48,0,0.0,True,low-contrast
10,1.5,3.0,5.0,high,1.3333333333333333,0.2,6.666666666666666,48,0,0.0,True,low-contrast
1,1.5,3.0,10.0,quiet,1.3333333333333333,0.05656854249492381,23.570226039551578,48,0,0.0,True,low-contrast
2,1.5,3.0,10.0,quiet,1.3333333333333333,0.05656854249492381,23.570226039551578,48,0,0.0,True,low-contrast
3,1.5,3.0,10.0,quiet,1.3333333333333333,0.05656854249492381,23.570226039551578,48,0,0.0,True,low-contrast
4,1.5,3.0,10.0,quiet,1.3333333333333333,0.05656854249492381,23.570226039551578,48,0,0.0,True,low-contrast
5,1.5,3.0,10.0,quiet,1.3333333333333333,0.05656854249492381,23.570226039551578,48,0,0.0,True,low-contrast
6,1.5,3.0,10.0,quiet,1.3333333333333333,0.05656854249492381,23.570226039551578,48,0,0.0,True,low-contrast
7,1.5,3.0,10.0,quiet,1.3333333333333333,0.05656854249492381,23.570226039551578,48,0,0.0,True,low-contrast
8,1.5,3.0,10.0,quiet,1.3333333333333333,0.05656854249492381,23.570226039551578,48,0,0.0,True,low-contrast
9,1.5,3.0,10.0,quiet,1.3333333333333333,0.05656854249492381,23.570226039551578,48,0,0.0,True,low-contrast
10,1.5,3.0,10.0,quiet,1.3333333333333333,0.05656854249492381,23.570226039551578,48,0,0.0,True,low-contrast
1,1.5,3.0,10.0,moderate,1.3333333333333333,0.14142135623730953,9.428090415820632,48,0,0.0,True,low-contrast
2,1.5,3.0,10.0,moderate,1.3333333333333333,0.14142135623730953,9.428090415820632,48,0,0.0,True,low-contrast
3,1.5,3.0,10.0,moderate,1.3333333333333333,0.14142135623730953,9.428090415820632,48,0,0.0,True,low-contrast
4,1.5,3.0,10.0,moderate,1.3333333333333333,0.14142135623730953,9.428090415820632,48,0,0.0,True,low-contrast
5,1.5,3.0,10.0,moderate,1.3333333333333333,0.14142135623730953,9.428090415820632,48,0,0.0,True,low-contrast
6,1.5,3.0,10.0,moderate,1.3333333333333333,0.14142135623730953,9.428090415820632,48,0,0.0,True,low-contrast
7,1.5,3.0,10.0,moderate,1.3333333333333333,0.14142135623730953,9.428090415820632,48,0,0.0,True,low-contrast
8,1.5,3.0,10.0,moderate,1.3333333333333333,0.14142135623730953,9.428090415820632,48,0,0.0,True,low-contrast
9,1.5,3.0,10.0,moderate,1.3333333333333333,0.14142135623730953,9.428090415820632,48,0,0.0,True,low-contrast
10,1.5,3.0,10.0,moderate,1.3333333333333333,0.14142135623730953,9.428090415820632,48,0,0.0,True,low-contrast
1,1.5,3.0,10.0,high,1.3333333333333333,0.28284271247461906,4.714045207910316,48,1,0.020833333333333332,False,low-contrast
2,1.5,3.0,10.0,high,1.3333333333333333,0.28284271247461906,4.714045207910316,48,0,0.0,True,low-contrast
3,1.5,3.0,10.0,high,1.3333333333333333,0.28284271247461906,4.714045207910316,48,0,0.0,True,low-contrast
4,1.5,3.0,10.0,high,1.3333333333333333,0.28284271247461906,4.714045207910316,48,0,0.0,True,low-contrast
5,1.5,3.0,10.0,high,1.3333333333333333,0.28284271247461906,4.714045207910316,48,0,0.0,True,low-contrast
6,1.5,3.0,10.0,high,1.3333333333333333,0.28284271247461906,4.714045207910316,48,2,0.041666666666666664,False,low-contrast
7,1.5,3.0,10.0,high,1.3333333333333333,0.28284271247461906,4.714045207910316,48,0,0.0,True,low-contrast
8,1.5,3.0,10.0,high,1.3333333333333333,0.28284271247461906,4.714045207910316,48,2,0.041666666666666664,False,low-contrast
9,1.5,3.0,10.0,high,1.3333333333333333,0.28284271247461906,4.714045207910316,48,0,0.0,True,low-contrast
10,1.5,3.0,10.0,high,1.3333333333333333,0.28284271247461906,4.714045207910316,48,1,0.020833333333333332,False,low-contrast
1,1.5,5.0,1.0,quiet,2.2222222222222223,0.01788854381999832,124.2259987499883,48,0,0.0,True,higher-contrast
2,1.5,5.0,1.0,quiet,2.2222222222222223,0.01788854381999832,124.2259987499883,48,0,0.0,True,higher-contrast
3,1.5,5.0,1.0,quiet,2.2222222222222223,0.01788854381999832,124.2259987499883,48,0,0.0,True,higher-contrast
4,1.5,5.0,1.0,quiet,2.2222222222222223,0.01788854381999832,124.2259987499883,48,0,0.0,True,higher-contrast
5,1.5,5.0,1.0,quiet,2.2222222222222223,0.01788854381999832,124.2259987499883,48,0,0.0,True,higher-contrast
6,1.5,5.0,1.0,quiet,2.2222222222222223,0.01788854381999832,124.2259987499883,48,0,0.0,True,higher-contrast
7,1.5,5.0,1.0,quiet,2.2222222222222223,0.01788854381999832,124.2259987499883,48,0,0.0,True,higher-contrast
8,1.5,5.0,1.0,quiet,2.2222222222222223,0.01788854381999832,124.2259987499883,48,0,0.0,True,higher-contrast
9,1.5,5.0,1.0,quiet,2.2222222222222223,0.01788854381999832,124.2259987499883,48,0,0.0,True,higher-contrast
10,1.5,5.0,1.0,quiet,2.2222222222222223,0.01788854381999832,124.2259987499883,48,0,0.0,True,higher-contrast
1,1.5,5.0,1.0,moderate,2.2222222222222223,0.044721359549995794,49.69039949999533,48,0,0.0,True,higher-contrast
2,1.5,5.0,1.0,moderate,2.2222222222222223,0.044721359549995794,49.69039949999533,48,0,0.0,True,higher-contrast
3,1.5,5.0,1.0,moderate,2.2222222222222223,0.044721359549995794,49.69039949999533,48,0,0.0,True,higher-contrast
4,1.5,5.0,1.0,moderate,2.2222222222222223,0.044721359549995794,49.69039949999533,48,0,0.0,True,higher-contrast
5,1.5,5.0,1.0,moderate,2.2222222222222223,0.044721359549995794,49.69039949999533,48,0,0.0,True,higher-contrast
6,1.5,5.0,1.0,moderate,2.2222222222222223,0.044721359549995794,49.69039949999533,48,0,0.0,True,higher-contrast
7,1.5,5.0,1.0,moderate,2.2222222222222223,0.044721359549995794,49.69039949999533,48,0,0.0,True,higher-contrast
8,1.5,5.0,1.0,moderate,2.2222222222222223,0.044721359549995794,49.69039949999533,48,0,0.0,True,higher-contrast
9,1.5,5.0,1.0,moderate,2.2222222222222223,0.044721359549995794,49.69039949999533,48,0,0.0,True,higher-contrast
10,1.5,5.0,1.0,moderate,2.2222222222222223,0.044721359549995794,49.69039949999533,48,0,0.0,True,higher-contrast
1,1.5,5.0,1.0,high,2.2222222222222223,0.08944271909999159,24.845199749997665,48,0,0.0,True,higher-contrast
2,1.5,5.0,1.0,high,2.2222222222222223,0.08944271909999159,24.845199749997665,48,0,0.0,True,higher-contrast
3,1.5,5.0,1.0,high,2.2222222222222223,0.08944271909999159,24.845199749997665,48,0,0.0,True,higher-contrast
4,1.5,5.0,1.0,high,2.2222222222222223,0.08944271909999159,24.845199749997665,48,0,0.0,True,higher-contrast
5,1.5,5.0,1.0,high,2.2222222222222223,0.08944271909999159,24.845199749997665,48,0,0.0,True,higher-contrast
6,1.5,5.0,1.0,high,2.2222222222222223,0.08944271909999159,24.845199749997665,48,0,0.0,True,higher-contrast
7,1.5,5.0,1.0,high,2.2222222222222223,0.08944271909999159,24.845199749997665,48,0,0.0,True,higher-contrast
8,1.5,5.0,1.0,high,2.2222222222222223,0.08944271909999159,24.845199749997665,48,0,0.0,True,higher-contrast
9,1.5,5.0,1.0,high,2.2222222222222223,0.08944271909999159,24.845199749997665,48,0,0.0,True,higher-contrast
10,1.5,5.0,1.0,high,2.2222222222222223,0.08944271909999159,24.845199749997665,48,0,0.0,True,higher-contrast
1,1.5,5.0,5.0,quiet,2.2222222222222223,0.04,55.55555555555556,48,0,0.0,True,higher-contrast
2,1.5,5.0,5.0,quiet,2.2222222222222223,0.04,55.55555555555556,48,0,0.0,True,higher-contrast
3,1.5,5.0,5.0,quiet,2.2222222222222223,0.04,55.55555555555556,48,0,0.0,True,higher-contrast
4,1.5,5.0,5.0,quiet,2.2222222222222223,0.04,55.55555555555556,48,0,0.0,True,higher-contrast
5,1.5,5.0,5.0,quiet,2.2222222222222223,0.04,55.55555555555556,48,0,0.0,True,higher-contrast
6,1.5,5.0,5.0,quiet,2.2222222222222223,0.04,55.55555555555556,48,0,0.0,True,higher-contrast
7,1.5,5.0,5.0,quiet,2.2222222222222223,0.04,55.55555555555556,48,0,0.0,True,higher-contrast
8,1.5,5.0,5.0,quiet,2.2222222222222223,0.04,55.55555555555556,48,0,0.0,True,higher-contrast
9,1.5,5.0,5.0,quiet,2.2222222222222223,0.04,55.55555555555556,48,0,0.0,True,higher-contrast
10,1.5,5.0,5.0,quiet,2.2222222222222223,0.04,55.55555555555556,48,0,0.0,True,higher-contrast
1,1.5,5.0,5.0,moderate,2.2222222222222223,0.1,22.22222222222222,48,0,0.0,True,higher-contrast
2,1.5,5.0,5.0,moderate,2.2222222222222223,0.1,22.22222222222222,48,0,0.0,True,higher-contrast
3,1.5,5.0,5.0,moderate,2.2222222222222223,0.1,22.22222222222222,48,0,0.0,True,higher-contrast
4,1.5,5.0,5.0,moderate,2.2222222222222223,0.1,22.22222222222222,48,0,0.0,True,higher-contrast
5,1.5,5.0,5.0,moderate,2.2222222222222223,0.1,22.22222222222222,48,0,0.0,True,higher-contrast
6,1.5,5.0,5.0,moderate,2.2222222222222223,0.1,22.22222222222222,48,0,0.0,True,higher-contrast
7,1.5,5.0,5.0,moderate,2.2222222222222223,0.1,22.22222222222222,48,0,0.0,True,higher-contrast
8,1.5,5.0,5.0,moderate,2.2222222222222223,0.1,22.22222222222222,48,0,0.0,True,higher-contrast
9,1.5,5.0,5.0,moderate,2.2222222222222223,0.1,22.22222222222222,48,0,0.0,True,higher-contrast
10,1.5,5.0,5.0,moderate,2.2222222222222223,0.1,22.22222222222222,48,0,0.0,True,higher-contrast
1,1.5,5.0,5.0,high,2.2222222222222223,0.2,11.11111111111111,48,0,0.0,True,higher-contrast
2,1.5,5.0,5.0,high,2.2222222222222223,0.2,11.11111111111111,48,0,0.0,True,higher-contrast
3,1.5,5.0,5.0,high,2.2222222222222223,0.2,11.11111111111111,48,0,0.0,True,higher-contrast
4,1.5,5.0,5.0,high,2.2222222222222223,0.2,11.11111111111111,48,0,0.0,True,higher-contrast
5,1.5,5.0,5.0,high,2.2222222222222223,0.2,11.11111111111111,48,0,0.0,True,higher-contrast
6,1.5,5.0,5.0,high,2.2222222222222223,0.2,11.11111111111111,48,0,0.0,True,higher-contrast
7,1.5,5.0,5.0,high,2.2222222222222223,0.2,11.11111111111111,48,0,0.0,True,higher-contrast
8,1.5,5.0,5.0,high,2.2222222222222223,0.2,11.11111111111111,48,0,0.0,True,higher-contrast
9,1.5,5.0,5.0,high,2.2222222222222223,0.2,11.11111111111111,48,0,0.0,True,higher-contrast
10,1.5,5.0,5.0,high,2.2222222222222223,0.2,11.11111111111111,48,0,0.0,True,higher-contrast
1,1.5,5.0,10.0,quiet,2.2222222222222223,0.05656854249492381,39.2837100659193,48,0,0.0,True,higher-contrast
2,1.5,5.0,10.0,quiet,2.2222222222222223,0.05656854249492381,39.2837100659193,48,0,0.0,True,higher-contrast
3,1.5,5.0,10.0,quiet,2.2222222222222223,0.05656854249492381,39.2837100659193,48,0,0.0,True,higher-contrast
4,1.5,5.0,10.0,quiet,2.2222222222222223,0.05656854249492381,39.2837100659193,48,0,0.0,True,higher-contrast
5,1.5,5.0,10.0,quiet,2.2222222222222223,0.05656854249492381,39.2837100659193,48,0,0.0,True,higher-contrast
6,1.5,5.0,10.0,quiet,2.2222222222222223,0.05656854249492381,39.2837100659193,48,0,0.0,True,higher-contrast
7,1.5,5.0,10.0,quiet,2.2222222222222223,0.05656854249492381,39.2837100659193,48,0,0.0,True,higher-contrast
8,1.5,5.0,10.0,quiet,2.2222222222222223,0.05656854249492381,39.2837100659193,48,0,0.0,True,higher-contrast
9,1.5,5.0,10.0,quiet,2.2222222222222223,0.05656854249492381,39.2837100659193,48,0,0.0,True,higher-contrast
10,1.5,5.0,10.0,quiet,2.2222222222222223,0.05656854249492381,39.2837100659193,48,0,0.0,True,higher-contrast
1,1.5,5.0,10.0,moderate,2.2222222222222223,0.14142135623730953,15.71348402636772,48,0,0.0,True,higher-contrast
2,1.5,5.0,10.0,moderate,2.2222222222222223,0.14142135623730953,15.71348402636772,48,0,0.0,True,higher-contrast
3,1.5,5.0,10.0,moderate,2.2222222222222223,0.14142135623730953,15.71348402636772,48,0,0.0,True,higher-contrast
4,1.5,5.0,10.0,moderate,2.2222222222222223,0.14142135623730953,15.71348402636772,48,0,0.0,True,higher-contrast
5,1.5,5.0,10.0,moderate,2.2222222222222223,0.14142135623730953,15.71348402636772,48,0,0.0,True,higher-contrast
6,1.5,5.0,10.0,moderate,2.2222222222222223,0.14142135623730953,15.71348402636772,48,0,0.0,True,higher-contrast
7,1.5,5.0,10.0,moderate,2.2222222222222223,0.14142135623730953,15.71348402636772,48,0,0.0,True,higher-contrast
8,1.5,5.0,10.0,moderate,2.2222222222222223,0.14142135623730953,15.71348402636772,48,0,0.0,True,higher-contrast
9,1.5,5.0,10.0,moderate,2.2222222222222223,0.14142135623730953,15.71348402636772,48,0,0.0,True,higher-contrast
10,1.5,5.0,10.0,moderate,2.2222222222222223,0.14142135623730953,15.71348402636772,48,0,0.0,True,higher-contrast
1,1.5,5.0,10.0,high,2.2222222222222223,0.28284271247461906,7.85674201318386,48,0,0.0,True,higher-contrast
2,1.5,5.0,10.0,high,2.2222222222222223,0.28284271247461906,7.85674201318386,48,0,0.0,True,higher-contrast
3,1.5,5.0,10.0,high,2.2222222222222223,0.28284271247461906,7.85674201318386,48,0,0.0,True,higher-contrast
4,1.5,5.0,10.0,high,2.2222222222222223,0.28284271247461906,7.85674201318386,48,0,0.0,True,higher-contrast
5,1.5,5.0,10.0,high,2.2222222222222223,0.28284271247461906,7.85674201318386,48,0,0.0,True,higher-contrast
6,1.5,5.0,10.0,high,2.2222222222222223,0.28284271247461906,7.85674201318386,48,0,0.0,True,higher-contrast
7,1.5,5.0,10.0,high,2.2222222222222223,0.28284271247461906,7.85674201318386,48,0,0.0,True,higher-contrast
8,1.5,5.0,10.0,high,2.2222222222222223,0.28284271247461906,7.85674201318386,48,0,0.0,True,higher-contrast
9,1.5,5.0,10.0,high,2.2222222222222223,0.28284271247461906,7.85674201318386,48,0,0.0,True,higher-contrast
10,1.5,5.0,10.0,high,2.2222222222222223,0.28284271247461906,7.85674201318386,48,0,0.0,True,higher-contrast
1,3.0,1.0,1.0,quiet,0.1111111111111111,0.01788854381999832,6.211299937499415,48,0,0.0,True,very-low-contrast
2,3.0,1.0,1.0,quiet,0.1111111111111111,0.01788854381999832,6.211299937499415,48,0,0.0,True,very-low-contrast
3,3.0,1.0,1.0,quiet,0.1111111111111111,0.01788854381999832,6.211299937499415,48,0,0.0,True,very-low-contrast
4,3.0,1.0,1.0,quiet,0.1111111111111111,0.01788854381999832,6.211299937499415,48,0,0.0,True,very-low-contrast
5,3.0,1.0,1.0,quiet,0.1111111111111111,0.01788854381999832,6.211299937499415,48,0,0.0,True,very-low-contrast
6,3.0,1.0,1.0,quiet,0.1111111111111111,0.01788854381999832,6.211299937499415,48,0,0.0,True,very-low-contrast
7,3.0,1.0,1.0,quiet,0.1111111111111111,0.01788854381999832,6.211299937499415,48,0,0.0,True,very-low-contrast
8,3.0,1.0,1.0,quiet,0.1111111111111111,0.01788854381999832,6.211299937499415,48,0,0.0,True,very-low-contrast
9,3.0,1.0,1.0,quiet,0.1111111111111111,0.01788854381999832,6.211299937499415,48,0,0.0,True,very-low-contrast
10,3.0,1.0,1.0,quiet,0.1111111111111111,0.01788854381999832,6.211299937499415,48,0,0.0,True,very-low-contrast
1,3.0,1.0,1.0,moderate,0.1111111111111111,0.044721359549995794,2.484519974999766,48,4,0.08333333333333333,False,very-low-contrast
2,3.0,1.0,1.0,moderate,0.1111111111111111,0.044721359549995794,2.484519974999766,48,5,0.10416666666666667,False,very-low-contrast
3,3.0,1.0,1.0,moderate,0.1111111111111111,0.044721359549995794,2.484519974999766,48,4,0.08333333333333333,False,very-low-contrast
4,3.0,1.0,1.0,moderate,0.1111111111111111,0.044721359549995794,2.484519974999766,48,6,0.125,False,very-low-contrast
5,3.0,1.0,1.0,moderate,0.1111111111111111,0.044721359549995794,2.484519974999766,48,4,0.08333333333333333,False,very-low-contrast
6,3.0,1.0,1.0,moderate,0.1111111111111111,0.044721359549995794,2.484519974999766,48,6,0.125,False,very-low-contrast
7,3.0,1.0,1.0,moderate,0.1111111111111111,0.044721359549995794,2.484519974999766,48,4,0.08333333333333333,False,very-low-contrast
8,3.0,1.0,1.0,moderate,0.1111111111111111,0.044721359549995794,2.484519974999766,48,3,0.0625,False,very-low-contrast
9,3.0,1.0,1.0,moderate,0.1111111111111111,0.044721359549995794,2.484519974999766,48,3,0.0625,False,very-low-contrast
10,3.0,1.0,1.0,moderate,0.1111111111111111,0.044721359549995794,2.484519974999766,48,2,0.041666666666666664,False,very-low-contrast
1,3.0,1.0,1.0,high,0.1111111111111111,0.08944271909999159,1.242259987499883,48,14,0.2916666666666667,False,very-low-contrast
2,3.0,1.0,1.0,high,0.1111111111111111,0.08944271909999159,1.242259987499883,48,10,0.20833333333333334,False,very-low-contrast
3,3.0,1.0,1.0,high,0.1111111111111111,0.08944271909999159,1.242259987499883,48,13,0.2708333333333333,False,very-low-contrast
4,3.0,1.0,1.0,high,0.1111111111111111,0.08944271909999159,1.242259987499883,48,11,0.22916666666666666,False,very-low-contrast
5,3.0,1.0,1.0,high,0.1111111111111111,0.08944271909999159,1.242259987499883,48,16,0.3333333333333333,False,very-low-contrast
6,3.0,1.0,1.0,high,0.1111111111111111,0.08944271909999159,1.242259987499883,48,9,0.1875,False,very-low-contrast
7,3.0,1.0,1.0,high,0.1111111111111111,0.08944271909999159,1.242259987499883,48,12,0.25,False,very-low-contrast
8,3.0,1.0,1.0,high,0.1111111111111111,0.08944271909999159,1.242259987499883,48,11,0.22916666666666666,False,very-low-contrast
9,3.0,1.0,1.0,high,0.1111111111111111,0.08944271909999159,1.242259987499883,48,17,0.3541666666666667,False,very-low-contrast
10,3.0,1.0,1.0,high,0.1111111111111111,0.08944271909999159,1.242259987499883,48,12,0.25,False,very-low-contrast
1,3.0,1.0,5.0,quiet,0.1111111111111111,0.04,2.7777777777777777,48,6,0.125,False,very-low-contrast
2,3.0,1.0,5.0,quiet,0.1111111111111111,0.04,2.7777777777777777,48,1,0.020833333333333332,False,very-low-contrast
3,3.0,1.0,5.0,quiet,0.1111111111111111,0.04,2.7777777777777777,48,4,0.08333333333333333,False,very-low-contrast
4,3.0,1.0,5.0,quiet,0.1111111111111111,0.04,2.7777777777777777,48,8,0.16666666666666666,False,very-low-contrast
5,3.0,1.0,5.0,quiet,0.1111111111111111,0.04,2.7777777777777777,48,2,0.041666666666666664,False,very-low-contrast
6,3.0,1.0,5.0,quiet,0.1111111111111111,0.04,2.7777777777777777,48,8,0.16666666666666666,False,very-low-contrast
7,3.0,1.0,5.0,quiet,0.1111111111111111,0.04,2.7777777777777777,48,2,0.041666666666666664,False,very-low-contrast
8,3.0,1.0,5.0,quiet,0.1111111111111111,0.04,2.7777777777777777,48,4,0.08333333333333333,False,very-low-contrast
9,3.0,1.0,5.0,quiet,0.1111111111111111,0.04,2.7777777777777777,48,9,0.1875,False,very-low-contrast
10,3.0,1.0,5.0,quiet,0.1111111111111111,0.04,2.7777777777777777,48,5,0.10416666666666667,False,very-low-contrast
1,3.0,1.0,5.0,moderate,0.1111111111111111,0.1,1.111111111111111,48,14,0.2916666666666667,False,very-low-contrast
2,3.0,1.0,5.0,moderate,0.1111111111111111,0.1,1.111111111111111,48,14,0.2916666666666667,False,very-low-contrast
3,3.0,1.0,5.0,moderate,0.1111111111111111,0.1,1.111111111111111,48,10,0.20833333333333334,False,very-low-contrast
4,3.0,1.0,5.0,moderate,0.1111111111111111,0.1,1.111111111111111,48,15,0.3125,False,very-low-contrast
5,3.0,1.0,5.0,moderate,0.1111111111111111,0.1,1.111111111111111,48,11,0.22916666666666666,False,very-low-contrast
6,3.0,1.0,5.0,moderate,0.1111111111111111,0.1,1.111111111111111,48,16,0.3333333333333333,False,very-low-contrast
7,3.0,1.0,5.0,moderate,0.1111111111111111,0.1,1.111111111111111,48,15,0.3125,False,very-low-contrast
8,3.0,1.0,5.0,moderate,0.1111111111111111,0.1,1.111111111111111,48,11,0.22916666666666666,False,very-low-contrast
9,3.0,1.0,5.0,moderate,0.1111111111111111,0.1,1.111111111111111,48,17,0.3541666666666667,False,very-low-contrast
10,3.0,1.0,5.0,moderate,0.1111111111111111,0.1,1.111111111111111,48,11,0.22916666666666666,False,very-low-contrast
1,3.0,1.0,5.0,high,0.1111111111111111,0.2,0.5555555555555555,48,16,0.3333333333333333,False,very-low-contrast
2,3.0,1.0,5.0,high,0.1111111111111111,0.2,0.5555555555555555,48,18,0.375,False,very-low-contrast
3,3.0,1.0,5.0,high,0.1111111111111111,0.2,0.5555555555555555,48,21,0.4375,False,very-low-contrast
4,3.0,1.0,5.0,high,0.1111111111111111,0.2,0.5555555555555555,48,16,0.3333333333333333,False,very-low-contrast
5,3.0,1.0,5.0,high,0.1111111111111111,0.2,0.5555555555555555,48,20,0.4166666666666667,False,very-low-contrast
6,3.0,1.0,5.0,high,0.1111111111111111,0.2,0.5555555555555555,48,18,0.375,False,very-low-contrast
7,3.0,1.0,5.0,high,0.1111111111111111,0.2,0.5555555555555555,48,23,0.4791666666666667,False,very-low-contrast
8,3.0,1.0,5.0,high,0.1111111111111111,0.2,0.5555555555555555,48,21,0.4375,False,very-low-contrast
9,3.0,1.0,5.0,high,0.1111111111111111,0.2,0.5555555555555555,48,15,0.3125,False,very-low-contrast
10,3.0,1.0,5.0,high,0.1111111111111111,0.2,0.5555555555555555,48,24,0.5,False,very-low-contrast
1,3.0,1.0,10.0,quiet,0.1111111111111111,0.05656854249492381,1.964185503295965,48,8,0.16666666666666666,False,very-low-contrast
2,3.0,1.0,10.0,quiet,0.1111111111111111,0.05656854249492381,1.964185503295965,48,11,0.22916666666666666,False,very-low-contrast
3,3.0,1.0,10.0,quiet,0.1111111111111111,0.05656854249492381,1.964185503295965,48,7,0.14583333333333334,False,very-low-contrast
4,3.0,1.0,10.0,quiet,0.1111111111111111,0.05656854249492381,1.964185503295965,48,8,0.16666666666666666,False,very-low-contrast
5,3.0,1.0,10.0,quiet,0.1111111111111111,0.05656854249492381,1.964185503295965,48,6,0.125,False,very-low-contrast
6,3.0,1.0,10.0,quiet,0.1111111111111111,0.05656854249492381,1.964185503295965,48,8,0.16666666666666666,False,very-low-contrast
7,3.0,1.0,10.0,quiet,0.1111111111111111,0.05656854249492381,1.964185503295965,48,8,0.16666666666666666,False,very-low-contrast
8,3.0,1.0,10.0,quiet,0.1111111111111111,0.05656854249492381,1.964185503295965,48,10,0.20833333333333334,False,very-low-contrast
9,3.0,1.0,10.0,quiet,0.1111111111111111,0.05656854249492381,1.964185503295965,48,14,0.2916666666666667,False,very-low-contrast
10,3.0,1.0,10.0,quiet,0.1111111111111111,0.05656854249492381,1.964185503295965,48,6,0.125,False,very-low-contrast
1,3.0,1.0,10.0,moderate,0.1111111111111111,0.14142135623730953,0.785674201318386,48,13,0.2708333333333333,False,very-low-contrast
2,3.0,1.0,10.0,moderate,0.1111111111111111,0.14142135623730953,0.785674201318386,48,17,0.3541666666666667,False,very-low-contrast
3,3.0,1.0,10.0,moderate,0.1111111111111111,0.14142135623730953,0.785674201318386,48,18,0.375,False,very-low-contrast
4,3.0,1.0,10.0,moderate,0.1111111111111111,0.14142135623730953,0.785674201318386,48,23,0.4791666666666667,False,very-low-contrast
5,3.0,1.0,10.0,moderate,0.1111111111111111,0.14142135623730953,0.785674201318386,48,18,0.375,False,very-low-contrast
6,3.0,1.0,10.0,moderate,0.1111111111111111,0.14142135623730953,0.785674201318386,48,17,0.3541666666666667,False,very-low-contrast
7,3.0,1.0,10.0,moderate,0.1111111111111111,0.14142135623730953,0.785674201318386,48,23,0.4791666666666667,False,very-low-contrast
8,3.0,1.0,10.0,moderate,0.1111111111111111,0.14142135623730953,0.785674201318386,48,17,0.3541666666666667,False,very-low-contrast
9,3.0,1.0,10.0,moderate,0.1111111111111111,0.14142135623730953,0.785674201318386,48,17,0.3541666666666667,False,very-low-contrast
10,3.0,1.0,10.0,moderate,0.1111111111111111,0.14142135623730953,0.785674201318386,48,22,0.4583333333333333,False,very-low-contrast
1,3.0,1.0,10.0,high,0.1111111111111111,0.28284271247461906,0.392837100659193,48,19,0.3958333333333333,False,very-low-contrast
2,3.0,1.0,10.0,high,0.1111111111111111,0.28284271247461906,0.392837100659193,48,22,0.4583333333333333,False,very-low-contrast
3,3.0,1.0,10.0,high,0.1111111111111111,0.28284271247461906,0.392837100659193,48,19,0.3958333333333333,False,very-low-contrast
4,3.0,1.0,10.0,high,0.1111111111111111,0.28284271247461906,0.392837100659193,48,20,0.4166666666666667,False,very-low-contrast
5,3.0,1.0,10.0,high,0.1111111111111111,0.28284271247461906,0.392837100659193,48,16,0.3333333333333333,False,very-low-contrast
6,3.0,1.0,10.0,high,0.1111111111111111,0.28284271247461906,0.392837100659193,48,16,0.3333333333333333,False,very-low-contrast
7,3.0,1.0,10.0,high,0.1111111111111111,0.28284271247461906,0.392837100659193,48,18,0.375,False,very-low-contrast
8,3.0,1.0,10.0,high,0.1111111111111111,0.28284271247461906,0.392837100659193,48,18,0.375,False,very-low-contrast
9,3.0,1.0,10.0,high,0.1111111111111111,0.28284271247461906,0.392837100659193,48,20,0.4166666666666667,False,very-low-contrast
10,3.0,1.0,10.0,high,0.1111111111111111,0.28284271247461906,0.392837100659193,48,15,0.3125,False,very-low-contrast
1,3.0,3.0,1.0,quiet,0.3333333333333333,0.01788854381999832,18.633899812498246,48,0,0.0,True,low-contrast
2,3.0,3.0,1.0,quiet,0.3333333333333333,0.01788854381999832,18.633899812498246,48,0,0.0,True,low-contrast
3,3.0,3.0,1.0,quiet,0.3333333333333333,0.01788854381999832,18.633899812498246,48,0,0.0,True,low-contrast
4,3.0,3.0,1.0,quiet,0.3333333333333333,0.01788854381999832,18.633899812498246,48,0,0.0,True,low-contrast
5,3.0,3.0,1.0,quiet,0.3333333333333333,0.01788854381999832,18.633899812498246,48,0,0.0,True,low-contrast
6,3.0,3.0,1.0,quiet,0.3333333333333333,0.01788854381999832,18.633899812498246,48,0,0.0,True,low-contrast
7,3.0,3.0,1.0,quiet,0.3333333333333333,0.01788854381999832,18.633899812498246,48,0,0.0,True,low-contrast
8,3.0,3.0,1.0,quiet,0.3333333333333333,0.01788854381999832,18.633899812498246,48,0,0.0,True,low-contrast
9,3.0,3.0,1.0,quiet,0.3333333333333333,0.01788854381999832,18.633899812498246,48,0,0.0,True,low-contrast
10,3.0,3.0,1.0,quiet,0.3333333333333333,0.01788854381999832,18.633899812498246,48,0,0.0,True,low-contrast
1,3.0,3.0,1.0,moderate,0.3333333333333333,0.044721359549995794,7.453559924999299,48,0,0.0,True,low-contrast
2,3.0,3.0,1.0,moderate,0.3333333333333333,0.044721359549995794,7.453559924999299,48,0,0.0,True,low-contrast
3,3.0,3.0,1.0,moderate,0.3333333333333333,0.044721359549995794,7.453559924999299,48,0,0.0,True,low-contrast
4,3.0,3.0,1.0,moderate,0.3333333333333333,0.044721359549995794,7.453559924999299,48,0,0.0,True,low-contrast
5,3.0,3.0,1.0,moderate,0.3333333333333333,0.044721359549995794,7.453559924999299,48,0,0.0,True,low-contrast
6,3.0,3.0,1.0,moderate,0.3333333333333333,0.044721359549995794,7.453559924999299,48,0,0.0,True,low-contrast
7,3.0,3.0,1.0,moderate,0.3333333333333333,0.044721359549995794,7.453559924999299,48,0,0.0,True,low-contrast
8,3.0,3.0,1.0,moderate,0.3333333333333333,0.044721359549995794,7.453559924999299,48,0,0.0,True,low-contrast
9,3.0,3.0,1.0,moderate,0.3333333333333333,0.044721359549995794,7.453559924999299,48,0,0.0,True,low-contrast
10,3.0,3.0,1.0,moderate,0.3333333333333333,0.044721359549995794,7.453559924999299,48,0,0.0,True,low-contrast
1,3.0,3.0,1.0,high,0.3333333333333333,0.08944271909999159,3.7267799624996494,48,2,0.041666666666666664,False,low-contrast
2,3.0,3.0,1.0,high,0.3333333333333333,0.08944271909999159,3.7267799624996494,48,3,0.0625,False,low-contrast
3,3.0,3.0,1.0,high,0.3333333333333333,0.08944271909999159,3.7267799624996494,48,1,0.020833333333333332,False,low-contrast
4,3.0,3.0,1.0,high,0.3333333333333333,0.08944271909999159,3.7267799624996494,48,0,0.0,True,low-contrast
5,3.0,3.0,1.0,high,0.3333333333333333,0.08944271909999159,3.7267799624996494,48,2,0.041666666666666664,False,low-contrast
6,3.0,3.0,1.0,high,0.3333333333333333,0.08944271909999159,3.7267799624996494,48,1,0.020833333333333332,False,low-contrast
7,3.0,3.0,1.0,high,0.3333333333333333,0.08944271909999159,3.7267799624996494,48,0,0.0,True,low-contrast
8,3.0,3.0,1.0,high,0.3333333333333333,0.08944271909999159,3.7267799624996494,48,1,0.020833333333333332,False,low-contrast
9,3.0,3.0,1.0,high,0.3333333333333333,0.08944271909999159,3.7267799624996494,48,3,0.0625,False,low-contrast
10,3.0,3.0,1.0,high,0.3333333333333333,0.08944271909999159,3.7267799624996494,48,2,0.041666666666666664,False,low-contrast
1,3.0,3.0,5.0,quiet,0.3333333333333333,0.04,8.333333333333332,48,0,0.0,True,low-contrast
2,3.0,3.0,5.0,quiet,0.3333333333333333,0.04,8.333333333333332,48,0,0.0,True,low-contrast
3,3.0,3.0,5.0,quiet,0.3333333333333333,0.04,8.333333333333332,48,0,0.0,True,low-contrast
4,3.0,3.0,5.0,quiet,0.3333333333333333,0.04,8.333333333333332,48,0,0.0,True,low-contrast
5,3.0,3.0,5.0,quiet,0.3333333333333333,0.04,8.333333333333332,48,0,0.0,True,low-contrast
6,3.0,3.0,5.0,quiet,0.3333333333333333,0.04,8.333333333333332,48,0,0.0,True,low-contrast
7,3.0,3.0,5.0,quiet,0.3333333333333333,0.04,8.333333333333332,48,0,0.0,True,low-contrast
8,3.0,3.0,5.0,quiet,0.3333333333333333,0.04,8.333333333333332,48,0,0.0,True,low-contrast
9,3.0,3.0,5.0,quiet,0.3333333333333333,0.04,8.333333333333332,48,0,0.0,True,low-contrast
10,3.0,3.0,5.0,quiet,0.3333333333333333,0.04,8.333333333333332,48,0,0.0,True,low-contrast
1,3.0,3.0,5.0,moderate,0.3333333333333333,0.1,3.333333333333333,48,3,0.0625,False,low-contrast
2,3.0,3.0,5.0,moderate,0.3333333333333333,0.1,3.333333333333333,48,3,0.0625,False,low-contrast
3,3.0,3.0,5.0,moderate,0.3333333333333333,0.1,3.333333333333333,48,1,0.020833333333333332,False,low-contrast
4,3.0,3.0,5.0,moderate,0.3333333333333333,0.1,3.333333333333333,48,1,0.020833333333333332,False,low-contrast
5,3.0,3.0,5.0,moderate,0.3333333333333333,0.1,3.333333333333333,48,4,0.08333333333333333,False,low-contrast
6,3.0,3.0,5.0,moderate,0.3333333333333333,0.1,3.333333333333333,48,4,0.08333333333333333,False,low-contrast
7,3.0,3.0,5.0,moderate,0.3333333333333333,0.1,3.333333333333333,48,2,0.041666666666666664,False,low-contrast
8,3.0,3.0,5.0,moderate,0.3333333333333333,0.1,3.333333333333333,48,1,0.020833333333333332,False,low-contrast
9,3.0,3.0,5.0,moderate,0.3333333333333333,0.1,3.333333333333333,48,2,0.041666666666666664,False,low-contrast
10,3.0,3.0,5.0,moderate,0.3333333333333333,0.1,3.333333333333333,48,6,0.125,False,low-contrast
1,3.0,3.0,5.0,high,0.3333333333333333,0.2,1.6666666666666665,48,13,0.2708333333333333,False,low-contrast
2,3.0,3.0,5.0,high,0.3333333333333333,0.2,1.6666666666666665,48,7,0.14583333333333334,False,low-contrast
3,3.0,3.0,5.0,high,0.3333333333333333,0.2,1.6666666666666665,48,11,0.22916666666666666,False,low-contrast
4,3.0,3.0,5.0,high,0.3333333333333333,0.2,1.6666666666666665,48,15,0.3125,False,low-contrast
5,3.0,3.0,5.0,high,0.3333333333333333,0.2,1.6666666666666665,48,10,0.20833333333333334,False,low-contrast
6,3.0,3.0,5.0,high,0.3333333333333333,0.2,1.6666666666666665,48,12,0.25,False,low-contrast
7,3.0,3.0,5.0,high,0.3333333333333333,0.2,1.6666666666666665,48,8,0.16666666666666666,False,low-contrast
8,3.0,3.0,5.0,high,0.3333333333333333,0.2,1.6666666666666665,48,8,0.16666666666666666,False,low-contrast
9,3.0,3.0,5.0,high,0.3333333333333333,0.2,1.6666666666666665,48,13,0.2708333333333333,False,low-contrast
10,3.0,3.0,5.0,high,0.3333333333333333,0.2,1.6666666666666665,48,11,0.22916666666666666,False,low-contrast
1,3.0,3.0,10.0,quiet,0.3333333333333333,0.05656854249492381,5.8925565098878945,48,0,0.0,True,low-contrast
2,3.0,3.0,10.0,quiet,0.3333333333333333,0.05656854249492381,5.8925565098878945,48,0,0.0,True,low-contrast
3,3.0,3.0,10.0,quiet,0.3333333333333333,0.05656854249492381,5.8925565098878945,48,0,0.0,True,low-contrast
4,3.0,3.0,10.0,quiet,0.3333333333333333,0.05656854249492381,5.8925565098878945,48,0,0.0,True,low-contrast
5,3.0,3.0,10.0,quiet,0.3333333333333333,0.05656854249492381,5.8925565098878945,48,0,0.0,True,low-contrast
6,3.0,3.0,10.0,quiet,0.3333333333333333,0.05656854249492381,5.8925565098878945,48,0,0.0,True,low-contrast
7,3.0,3.0,10.0,quiet,0.3333333333333333,0.05656854249492381,5.8925565098878945,48,0,0.0,True,low-contrast
8,3.0,3.0,10.0,quiet,0.3333333333333333,0.05656854249492381,5.8925565098878945,48,1,0.020833333333333332,False,low-contrast
9,3.0,3.0,10.0,quiet,0.3333333333333333,0.05656854249492381,5.8925565098878945,48,0,0.0,True,low-contrast
10,3.0,3.0,10.0,quiet,0.3333333333333333,0.05656854249492381,5.8925565098878945,48,0,0.0,True,low-contrast
1,3.0,3.0,10.0,moderate,0.3333333333333333,0.14142135623730953,2.357022603955158,48,5,0.10416666666666667,False,low-contrast
2,3.0,3.0,10.0,moderate,0.3333333333333333,0.14142135623730953,2.357022603955158,48,5,0.10416666666666667,False,low-contrast
3,3.0,3.0,10.0,moderate,0.3333333333333333,0.14142135623730953,2.357022603955158,48,8,0.16666666666666666,False,low-contrast
4,3.0,3.0,10.0,moderate,0.3333333333333333,0.14142135623730953,2.357022603955158,48,10,0.20833333333333334,False,low-contrast
5,3.0,3.0,10.0,moderate,0.3333333333333333,0.14142135623730953,2.357022603955158,48,8,0.16666666666666666,False,low-contrast
6,3.0,3.0,10.0,moderate,0.3333333333333333,0.14142135623730953,2.357022603955158,48,6,0.125,False,low-contrast
7,3.0,3.0,10.0,moderate,0.3333333333333333,0.14142135623730953,2.357022603955158,48,6,0.125,False,low-contrast
8,3.0,3.0,10.0,moderate,0.3333333333333333,0.14142135623730953,2.357022603955158,48,5,0.10416666666666667,False,low-contrast
9,3.0,3.0,10.0,moderate,0.3333333333333333,0.14142135623730953,2.357022603955158,48,6,0.125,False,low-contrast
10,3.0,3.0,10.0,moderate,0.3333333333333333,0.14142135623730953,2.357022603955158,48,6,0.125,False,low-contrast
1,3.0,3.0,10.0,high,0.3333333333333333,0.28284271247461906,1.178511301977579,48,16,0.3333333333333333,False,low-contrast
2,3.0,3.0,10.0,high,0.3333333333333333,0.28284271247461906,1.178511301977579,48,15,0.3125,False,low-contrast
3,3.0,3.0,10.0,high,0.3333333333333333,0.28284271247461906,1.178511301977579,48,14,0.2916666666666667,False,low-contrast
4,3.0,3.0,10.0,high,0.3333333333333333,0.28284271247461906,1.178511301977579,48,15,0.3125,False,low-contrast
5,3.0,3.0,10.0,high,0.3333333333333333,0.28284271247461906,1.178511301977579,48,14,0.2916666666666667,False,low-contrast
6,3.0,3.0,10.0,high,0.3333333333333333,0.28284271247461906,1.178511301977579,48,14,0.2916666666666667,False,low-contrast
7,3.0,3.0,10.0,high,0.3333333333333333,0.28284271247461906,1.178511301977579,48,14,0.2916666666666667,False,low-contrast
8,3.0,3.0,10.0,high,0.3333333333333333,0.28284271247461906,1.178511301977579,48,15,0.3125,False,low-contrast
9,3.0,3.0,10.0,high,0.3333333333333333,0.28284271247461906,1.178511301977579,48,19,0.3958333333333333,False,low-contrast
10,3.0,3.0,10.0,high,0.3333333333333333,0.28284271247461906,1.178511301977579,48,15,0.3125,False,low-contrast
1,3.0,5.0,1.0,quiet,0.5555555555555556,0.01788854381999832,31.056499687497077,48,0,0.0,True,higher-contrast
2,3.0,5.0,1.0,quiet,0.5555555555555556,0.01788854381999832,31.056499687497077,48,0,0.0,True,higher-contrast
3,3.0,5.0,1.0,quiet,0.5555555555555556,0.01788854381999832,31.056499687497077,48,0,0.0,True,higher-contrast
4,3.0,5.0,1.0,quiet,0.5555555555555556,0.01788854381999832,31.056499687497077,48,0,0.0,True,higher-contrast
5,3.0,5.0,1.0,quiet,0.5555555555555556,0.01788854381999832,31.056499687497077,48,0,0.0,True,higher-contrast
6,3.0,5.0,1.0,quiet,0.5555555555555556,0.01788854381999832,31.056499687497077,48,0,0.0,True,higher-contrast
7,3.0,5.0,1.0,quiet,0.5555555555555556,0.01788854381999832,31.056499687497077,48,0,0.0,True,higher-contrast
8,3.0,5.0,1.0,quiet,0.5555555555555556,0.01788854381999832,31.056499687497077,48,0,0.0,True,higher-contrast
9,3.0,5.0,1.0,quiet,0.5555555555555556,0.01788854381999832,31.056499687497077,48,0,0.0,True,higher-contrast
10,3.0,5.0,1.0,quiet,0.5555555555555556,0.01788854381999832,31.056499687497077,48,0,0.0,True,higher-contrast
1,3.0,5.0,1.0,moderate,0.5555555555555556,0.044721359549995794,12.422599874998832,48,0,0.0,True,higher-contrast
2,3.0,5.0,1.0,moderate,0.5555555555555556,0.044721359549995794,12.422599874998832,48,0,0.0,True,higher-contrast
3,3.0,5.0,1.0,moderate,0.5555555555555556,0.044721359549995794,12.422599874998832,48,0,0.0,True,higher-contrast
4,3.0,5.0,1.0,moderate,0.5555555555555556,0.044721359549995794,12.422599874998832,48,0,0.0,True,higher-contrast
5,3.0,5.0,1.0,moderate,0.5555555555555556,0.044721359549995794,12.422599874998832,48,0,0.0,True,higher-contrast
6,3.0,5.0,1.0,moderate,0.5555555555555556,0.044721359549995794,12.422599874998832,48,0,0.0,True,higher-contrast
7,3.0,5.0,1.0,moderate,0.5555555555555556,0.044721359549995794,12.422599874998832,48,0,0.0,True,higher-contrast
8,3.0,5.0,1.0,moderate,0.5555555555555556,0.044721359549995794,12.422599874998832,48,0,0.0,True,higher-contrast
9,3.0,5.0,1.0,moderate,0.5555555555555556,0.044721359549995794,12.422599874998832,48,0,0.0,True,higher-contrast
10,3.0,5.0,1.0,moderate,0.5555555555555556,0.044721359549995794,12.422599874998832,48,0,0.0,True,higher-contrast
1,3.0,5.0,1.0,high,0.5555555555555556,0.08944271909999159,6.211299937499416,48,0,0.0,True,higher-contrast
2,3.0,5.0,1.0,high,0.5555555555555556,0.08944271909999159,6.211299937499416,48,0,0.0,True,higher-contrast
3,3.0,5.0,1.0,high,0.5555555555555556,0.08944271909999159,6.211299937499416,48,0,0.0,True,higher-contrast
4,3.0,5.0,1.0,high,0.5555555555555556,0.08944271909999159,6.211299937499416,48,0,0.0,True,higher-contrast
5,3.0,5.0,1.0,high,0.5555555555555556,0.08944271909999159,6.211299937499416,48,0,0.0,True,higher-contrast
6,3.0,5.0,1.0,high,0.5555555555555556,0.08944271909999159,6.211299937499416,48,0,0.0,True,higher-contrast
7,3.0,5.0,1.0,high,0.5555555555555556,0.08944271909999159,6.211299937499416,48,0,0.0,True,higher-contrast
8,3.0,5.0,1.0,high,0.5555555555555556,0.08944271909999159,6.211299937499416,48,0,0.0,True,higher-contrast
9,3.0,5.0,1.0,high,0.5555555555555556,0.08944271909999159,6.211299937499416,48,0,0.0,True,higher-contrast
10,3.0,5.0,1.0,high,0.5555555555555556,0.08944271909999159,6.211299937499416,48,0,0.0,True,higher-contrast
1,3.0,5.0,5.0,quiet,0.5555555555555556,0.04,13.88888888888889,48,0,0.0,True,higher-contrast
2,3.0,5.0,5.0,quiet,0.5555555555555556,0.04,13.88888888888889,48,0,0.0,True,higher-contrast
3,3.0,5.0,5.0,quiet,0.5555555555555556,0.04,13.88888888888889,48,0,0.0,True,higher-contrast
4,3.0,5.0,5.0,quiet,0.5555555555555556,0.04,13.88888888888889,48,0,0.0,True,higher-contrast
5,3.0,5.0,5.0,quiet,0.5555555555555556,0.04,13.88888888888889,48,0,0.0,True,higher-contrast
6,3.0,5.0,5.0,quiet,0.5555555555555556,0.04,13.88888888888889,48,0,0.0,True,higher-contrast
7,3.0,5.0,5.0,quiet,0.5555555555555556,0.04,13.88888888888889,48,0,0.0,True,higher-contrast
8,3.0,5.0,5.0,quiet,0.5555555555555556,0.04,13.88888888888889,48,0,0.0,True,higher-contrast
9,3.0,5.0,5.0,quiet,0.5555555555555556,0.04,13.88888888888889,48,0,0.0,True,higher-contrast
10,3.0,5.0,5.0,quiet,0.5555555555555556,0.04,13.88888888888889,48,0,0.0,True,higher-contrast
1,3.0,5.0,5.0,moderate,0.5555555555555556,0.1,5.555555555555555,48,0,0.0,True,higher-contrast
2,3.0,5.0,5.0,moderate,0.5555555555555556,0.1,5.555555555555555,48,0,0.0,True,higher-contrast
3,3.0,5.0,5.0,moderate,0.5555555555555556,0.1,5.555555555555555,48,1,0.020833333333333332,False,higher-contrast
4,3.0,5.0,5.0,moderate,0.5555555555555556,0.1,5.555555555555555,48,0,0.0,True,higher-contrast
5,3.0,5.0,5.0,moderate,0.5555555555555556,0.1,5.555555555555555,48,0,0.0,True,higher-contrast
6,3.0,5.0,5.0,moderate,0.5555555555555556,0.1,5.555555555555555,48,1,0.020833333333333332,False,higher-contrast
7,3.0,5.0,5.0,moderate,0.5555555555555556,0.1,5.555555555555555,48,0,0.0,True,higher-contrast
8,3.0,5.0,5.0,moderate,0.5555555555555556,0.1,5.555555555555555,48,0,0.0,True,higher-contrast
9,3.0,5.0,5.0,moderate,0.5555555555555556,0.1,5.555555555555555,48,0,0.0,True,higher-contrast
10,3.0,5.0,5.0,moderate,0.5555555555555556,0.1,5.555555555555555,48,0,0.0,True,higher-contrast
1,3.0,5.0,5.0,high,0.5555555555555556,0.2,2.7777777777777777,48,5,0.10416666666666667,False,higher-contrast
2,3.0,5.0,5.0,high,0.5555555555555556,0.2,2.7777777777777777,48,4,0.08333333333333333,False,higher-contrast
3,3.0,5.0,5.0,high,0.5555555555555556,0.2,2.7777777777777777,48,6,0.125,False,higher-contrast
4,3.0,5.0,5.0,high,0.5555555555555556,0.2,2.7777777777777777,48,1,0.020833333333333332,False,higher-contrast
5,3.0,5.0,5.0,high,0.5555555555555556,0.2,2.7777777777777777,48,2,0.041666666666666664,False,higher-contrast
6,3.0,5.0,5.0,high,0.5555555555555556,0.2,2.7777777777777777,48,7,0.14583333333333334,False,higher-contrast
7,3.0,5.0,5.0,high,0.5555555555555556,0.2,2.7777777777777777,48,3,0.0625,False,higher-contrast
8,3.0,5.0,5.0,high,0.5555555555555556,0.2,2.7777777777777777,48,1,0.020833333333333332,False,higher-contrast
9,3.0,5.0,5.0,high,0.5555555555555556,0.2,2.7777777777777777,48,3,0.0625,False,higher-contrast
10,3.0,5.0,5.0,high,0.5555555555555556,0.2,2.7777777777777777,48,5,0.10416666666666667,False,higher-contrast
1,3.0,5.0,10.0,quiet,0.5555555555555556,0.05656854249492381,9.820927516479825,48,0,0.0,True,higher-contrast
2,3.0,5.0,10.0,quiet,0.5555555555555556,0.05656854249492381,9.820927516479825,48,0,0.0,True,higher-contrast
3,3.0,5.0,10.0,quiet,0.5555555555555556,0.05656854249492381,9.820927516479825,48,0,0.0,True,higher-contrast
4,3.0,5.0,10.0,quiet,0.5555555555555556,0.05656854249492381,9.820927516479825,48,0,0.0,True,higher-contrast
5,3.0,5.0,10.0,quiet,0.5555555555555556,0.05656854249492381,9.820927516479825,48,0,0.0,True,higher-contrast
6,3.0,5.0,10.0,quiet,0.5555555555555556,0.05656854249492381,9.820927516479825,48,0,0.0,True,higher-contrast
7,3.0,5.0,10.0,quiet,0.5555555555555556,0.05656854249492381,9.820927516479825,48,0,0.0,True,higher-contrast
8,3.0,5.0,10.0,quiet,0.5555555555555556,0.05656854249492381,9.820927516479825,48,0,0.0,True,higher-contrast
9,3.0,5.0,10.0,quiet,0.5555555555555556,0.05656854249492381,9.820927516479825,48,0,0.0,True,higher-contrast
10,3.0,5.0,10.0,quiet,0.5555555555555556,0.05656854249492381,9.820927516479825,48,0,0.0,True,higher-contrast
1,3.0,5.0,10.0,moderate,0.5555555555555556,0.14142135623730953,3.92837100659193,48,2,0.041666666666666664,False,higher-contrast
2,3.0,5.0,10.0,moderate,0.5555555555555556,0.14142135623730953,3.92837100659193,48,0,0.0,True,higher-contrast
3,3.0,5.0,10.0,moderate,0.5555555555555556,0.14142135623730953,3.92837100659193,48,0,0.0,True,higher-contrast
4,3.0,5.0,10.0,moderate,0.5555555555555556,0.14142135623730953,3.92837100659193,48,1,0.020833333333333332,False,higher-contrast
5,3.0,5.0,10.0,moderate,0.5555555555555556,0.14142135623730953,3.92837100659193,48,1,0.020833333333333332,False,higher-contrast
6,3.0,5.0,10.0,moderate,0.5555555555555556,0.14142135623730953,3.92837100659193,48,1,0.020833333333333332,False,higher-contrast
7,3.0,5.0,10.0,moderate,0.5555555555555556,0.14142135623730953,3.92837100659193,48,0,0.0,True,higher-contrast
8,3.0,5.0,10.0,moderate,0.5555555555555556,0.14142135623730953,3.92837100659193,48,2,0.041666666666666664,False,higher-contrast
9,3.0,5.0,10.0,moderate,0.5555555555555556,0.14142135623730953,3.92837100659193,48,5,0.10416666666666667,False,higher-contrast
10,3.0,5.0,10.0,moderate,0.5555555555555556,0.14142135623730953,3.92837100659193,48,1,0.020833333333333332,False,higher-contrast
1,3.0,5.0,10.0,high,0.5555555555555556,0.28284271247461906,1.964185503295965,48,9,0.1875,False,higher-contrast
2,3.0,5.0,10.0,high,0.5555555555555556,0.28284271247461906,1.964185503295965,48,12,0.25,False,higher-contrast
3,3.0,5.0,10.0,high,0.5555555555555556,0.28284271247461906,1.964185503295965,48,6,0.125,False,higher-contrast
4,3.0,5.0,10.0,high,0.5555555555555556,0.28284271247461906,1.964185503295965,48,7,0.14583333333333334,False,higher-contrast
5,3.0,5.0,10.0,high,0.5555555555555556,0.28284271247461906,1.964185503295965,48,5,0.10416666666666667,False,higher-contrast
6,3.0,5.0,10.0,high,0.5555555555555556,0.28284271247461906,1.964185503295965,48,9,0.1875,False,higher-contrast
7,3.0,5.0,10.0,high,0.5555555555555556,0.28284271247461906,1.964185503295965,48,4,0.08333333333333333,False,higher-contrast
8,3.0,5.0,10.0,high,0.5555555555555556,0.28284271247461906,1.964185503295965,48,6,0.125,False,higher-contrast
9,3.0,5.0,10.0,high,0.5555555555555556,0.28284271247461906,1.964185503295965,48,9,0.1875,False,higher-contrast
10,3.0,5.0,10.0,high,0.5555555555555556,0.28284271247461906,1.964185503295965,48,7,0.14583333333333334,False,higher-contrast
1,6.0,1.0,1.0,quiet,0.027777777777777776,0.01788854381999832,1.5528249843748538,48,10,0.20833333333333334,False,very-low-contrast
2,6.0,1.0,1.0,quiet,0.027777777777777776,0.01788854381999832,1.5528249843748538,48,8,0.16666666666666666,False,very-low-contrast
3,6.0,1.0,1.0,quiet,0.027777777777777776,0.01788854381999832,1.5528249843748538,48,11,0.22916666666666666,False,very-low-contrast
4,6.0,1.0,1.0,quiet,0.027777777777777776,0.01788854381999832,1.5528249843748538,48,10,0.20833333333333334,False,very-low-contrast
5,6.0,1.0,1.0,quiet,0.027777777777777776,0.01788854381999832,1.5528249843748538,48,9,0.1875,False,very-low-contrast
6,6.0,1.0,1.0,quiet,0.027777777777777776,0.01788854381999832,1.5528249843748538,48,10,0.20833333333333334,False,very-low-contrast
7,6.0,1.0,1.0,quiet,0.027777777777777776,0.01788854381999832,1.5528249843748538,48,14,0.2916666666666667,False,very-low-contrast
8,6.0,1.0,1.0,quiet,0.027777777777777776,0.01788854381999832,1.5528249843748538,48,3,0.0625,False,very-low-contrast
9,6.0,1.0,1.0,quiet,0.027777777777777776,0.01788854381999832,1.5528249843748538,48,13,0.2708333333333333,False,very-low-contrast
10,6.0,1.0,1.0,quiet,0.027777777777777776,0.01788854381999832,1.5528249843748538,48,12,0.25,False,very-low-contrast
1,6.0,1.0,1.0,moderate,0.027777777777777776,0.044721359549995794,0.6211299937499415,48,16,0.3333333333333333,False,very-low-contrast
2,6.0,1.0,1.0,moderate,0.027777777777777776,0.044721359549995794,0.6211299937499415,48,20,0.4166666666666667,False,very-low-contrast
3,6.0,1.0,1.0,moderate,0.027777777777777776,0.044721359549995794,0.6211299937499415,48,16,0.3333333333333333,False,very-low-contrast
4,6.0,1.0,1.0,moderate,0.027777777777777776,0.044721359549995794,0.6211299937499415,48,23,0.4791666666666667,False,very-low-contrast
5,6.0,1.0,1.0,moderate,0.027777777777777776,0.044721359549995794,0.6211299937499415,48,10,0.20833333333333334,False,very-low-contrast
6,6.0,1.0,1.0,moderate,0.027777777777777776,0.044721359549995794,0.6211299937499415,48,26,0.5416666666666666,False,very-low-contrast
7,6.0,1.0,1.0,moderate,0.027777777777777776,0.044721359549995794,0.6211299937499415,48,15,0.3125,False,very-low-contrast
8,6.0,1.0,1.0,moderate,0.027777777777777776,0.044721359549995794,0.6211299937499415,48,25,0.5208333333333334,False,very-low-contrast
9,6.0,1.0,1.0,moderate,0.027777777777777776,0.044721359549995794,0.6211299937499415,48,17,0.3541666666666667,False,very-low-contrast
10,6.0,1.0,1.0,moderate,0.027777777777777776,0.044721359549995794,0.6211299937499415,48,18,0.375,False,very-low-contrast
1,6.0,1.0,1.0,high,0.027777777777777776,0.08944271909999159,0.31056499687497074,48,20,0.4166666666666667,False,very-low-contrast
2,6.0,1.0,1.0,high,0.027777777777777776,0.08944271909999159,0.31056499687497074,48,27,0.5625,False,very-low-contrast
3,6.0,1.0,1.0,high,0.027777777777777776,0.08944271909999159,0.31056499687497074,48,19,0.3958333333333333,False,very-low-contrast
4,6.0,1.0,1.0,high,0.027777777777777776,0.08944271909999159,0.31056499687497074,48,27,0.5625,False,very-low-contrast
5,6.0,1.0,1.0,high,0.027777777777777776,0.08944271909999159,0.31056499687497074,48,23,0.4791666666666667,False,very-low-contrast
6,6.0,1.0,1.0,high,0.027777777777777776,0.08944271909999159,0.31056499687497074,48,16,0.3333333333333333,False,very-low-contrast
7,6.0,1.0,1.0,high,0.027777777777777776,0.08944271909999159,0.31056499687497074,48,13,0.2708333333333333,False,very-low-contrast
8,6.0,1.0,1.0,high,0.027777777777777776,0.08944271909999159,0.31056499687497074,48,23,0.4791666666666667,False,very-low-contrast
9,6.0,1.0,1.0,high,0.027777777777777776,0.08944271909999159,0.31056499687497074,48,17,0.3541666666666667,False,very-low-contrast
10,6.0,1.0,1.0,high,0.027777777777777776,0.08944271909999159,0.31056499687497074,48,25,0.5208333333333334,False,very-low-contrast
1,6.0,1.0,5.0,quiet,0.027777777777777776,0.04,0.6944444444444444,48,16,0.3333333333333333,False,very-low-contrast
2,6.0,1.0,5.0,quiet,0.027777777777777776,0.04,0.6944444444444444,48,16,0.3333333333333333,False,very-low-contrast
3,6.0,1.0,5.0,quiet,0.027777777777777776,0.04,0.6944444444444444,48,22,0.4583333333333333,False,very-low-contrast
4,6.0,1.0,5.0,quiet,0.027777777777777776,0.04,0.6944444444444444,48,16,0.3333333333333333,False,very-low-contrast
5,6.0,1.0,5.0,quiet,0.027777777777777776,0.04,0.6944444444444444,48,17,0.3541666666666667,False,very-low-contrast
6,6.0,1.0,5.0,quiet,0.027777777777777776,0.04,0.6944444444444444,48,17,0.3541666666666667,False,very-low-contrast
7,6.0,1.0,5.0,quiet,0.027777777777777776,0.04,0.6944444444444444,48,20,0.4166666666666667,False,very-low-contrast
8,6.0,1.0,5.0,quiet,0.027777777777777776,0.04,0.6944444444444444,48,14,0.2916666666666667,False,very-low-contrast
9,6.0,1.0,5.0,quiet,0.027777777777777776,0.04,0.6944444444444444,48,19,0.3958333333333333,False,very-low-contrast
10,6.0,1.0,5.0,quiet,0.027777777777777776,0.04,0.6944444444444444,48,20,0.4166666666666667,False,very-low-contrast
1,6.0,1.0,5.0,moderate,0.027777777777777776,0.1,0.27777777777777773,48,24,0.5,False,very-low-contrast
2,6.0,1.0,5.0,moderate,0.027777777777777776,0.1,0.27777777777777773,48,21,0.4375,False,very-low-contrast
3,6.0,1.0,5.0,moderate,0.027777777777777776,0.1,0.27777777777777773,48,23,0.4791666666666667,False,very-low-contrast
4,6.0,1.0,5.0,moderate,0.027777777777777776,0.1,0.27777777777777773,48,24,0.5,False,very-low-contrast
5,6.0,1.0,5.0,moderate,0.027777777777777776,0.1,0.27777777777777773,48,27,0.5625,False,very-low-contrast
6,6.0,1.0,5.0,moderate,0.027777777777777776,0.1,0.27777777777777773,48,19,0.3958333333333333,False,very-low-contrast
7,6.0,1.0,5.0,moderate,0.027777777777777776,0.1,0.27777777777777773,48,24,0.5,False,very-low-contrast
8,6.0,1.0,5.0,moderate,0.027777777777777776,0.1,0.27777777777777773,48,19,0.3958333333333333,False,very-low-contrast
9,6.0,1.0,5.0,moderate,0.027777777777777776,0.1,0.27777777777777773,48,29,0.6041666666666666,False,very-low-contrast
10,6.0,1.0,5.0,moderate,0.027777777777777776,0.1,0.27777777777777773,48,18,0.375,False,very-low-contrast
1,6.0,1.0,5.0,high,0.027777777777777776,0.2,0.13888888888888887,48,19,0.3958333333333333,False,very-low-contrast
2,6.0,1.0,5.0,high,0.027777777777777776,0.2,0.13888888888888887,48,21,0.4375,False,very-low-contrast
3,6.0,1.0,5.0,high,0.027777777777777776,0.2,0.13888888888888887,48,17,0.3541666666666667,False,very-low-contrast
4,6.0,1.0,5.0,high,0.027777777777777776,0.2,0.13888888888888887,48,19,0.3958333333333333,False,very-low-contrast
5,6.0,1.0,5.0,high,0.027777777777777776,0.2,0.13888888888888887,48,19,0.3958333333333333,False,very-low-contrast
6,6.0,1.0,5.0,high,0.027777777777777776,0.2,0.13888888888888887,48,25,0.5208333333333334,False,very-low-contrast
7,6.0,1.0,5.0,high,0.027777777777777776,0.2,0.13888888888888887,48,25,0.5208333333333334,False,very-low-contrast
8,6.0,1.0,5.0,high,0.027777777777777776,0.2,0.13888888888888887,48,19,0.3958333333333333,False,very-low-contrast
9,6.0,1.0,5.0,high,0.027777777777777776,0.2,0.13888888888888887,48,25,0.5208333333333334,False,very-low-contrast
10,6.0,1.0,5.0,high,0.027777777777777776,0.2,0.13888888888888887,48,24,0.5,False,very-low-contrast
1,6.0,1.0,10.0,quiet,0.027777777777777776,0.05656854249492381,0.49104637582399124,48,22,0.4583333333333333,False,very-low-contrast
2,6.0,1.0,10.0,quiet,0.027777777777777776,0.05656854249492381,0.49104637582399124,48,22,0.4583333333333333,False,very-low-contrast
3,6.0,1.0,10.0,quiet,0.027777777777777776,0.05656854249492381,0.49104637582399124,48,18,0.375,False,very-low-contrast
4,6.0,1.0,10.0,quiet,0.027777777777777776,0.05656854249492381,0.49104637582399124,48,25,0.5208333333333334,False,very-low-contrast
5,6.0,1.0,10.0,quiet,0.027777777777777776,0.05656854249492381,0.49104637582399124,48,22,0.4583333333333333,False,very-low-contrast
6,6.0,1.0,10.0,quiet,0.027777777777777776,0.05656854249492381,0.49104637582399124,48,14,0.2916666666666667,False,very-low-contrast
7,6.0,1.0,10.0,quiet,0.027777777777777776,0.05656854249492381,0.49104637582399124,48,14,0.2916666666666667,False,very-low-contrast
8,6.0,1.0,10.0,quiet,0.027777777777777776,0.05656854249492381,0.49104637582399124,48,16,0.3333333333333333,False,very-low-contrast
9,6.0,1.0,10.0,quiet,0.027777777777777776,0.05656854249492381,0.49104637582399124,48,22,0.4583333333333333,False,very-low-contrast
10,6.0,1.0,10.0,quiet,0.027777777777777776,0.05656854249492381,0.49104637582399124,48,16,0.3333333333333333,False,very-low-contrast
1,6.0,1.0,10.0,moderate,0.027777777777777776,0.14142135623730953,0.1964185503295965,48,19,0.3958333333333333,False,very-low-contrast
2,6.0,1.0,10.0,moderate,0.027777777777777776,0.14142135623730953,0.1964185503295965,48,22,0.4583333333333333,False,very-low-contrast
3,6.0,1.0,10.0,moderate,0.027777777777777776,0.14142135623730953,0.1964185503295965,48,26,0.5416666666666666,False,very-low-contrast
4,6.0,1.0,10.0,moderate,0.027777777777777776,0.14142135623730953,0.1964185503295965,48,28,0.5833333333333334,False,very-low-contrast
5,6.0,1.0,10.0,moderate,0.027777777777777776,0.14142135623730953,0.1964185503295965,48,25,0.5208333333333334,False,very-low-contrast
6,6.0,1.0,10.0,moderate,0.027777777777777776,0.14142135623730953,0.1964185503295965,48,22,0.4583333333333333,False,very-low-contrast
7,6.0,1.0,10.0,moderate,0.027777777777777776,0.14142135623730953,0.1964185503295965,48,19,0.3958333333333333,False,very-low-contrast
8,6.0,1.0,10.0,moderate,0.027777777777777776,0.14142135623730953,0.1964185503295965,48,19,0.3958333333333333,False,very-low-contrast
9,6.0,1.0,10.0,moderate,0.027777777777777776,0.14142135623730953,0.1964185503295965,48,23,0.4791666666666667,False,very-low-contrast
10,6.0,1.0,10.0,moderate,0.027777777777777776,0.14142135623730953,0.1964185503295965,48,21,0.4375,False,very-low-contrast
1,6.0,1.0,10.0,high,0.027777777777777776,0.28284271247461906,0.09820927516479824,48,19,0.3958333333333333,False,very-low-contrast
2,6.0,1.0,10.0,high,0.027777777777777776,0.28284271247461906,0.09820927516479824,48,25,0.5208333333333334,False,very-low-contrast
3,6.0,1.0,10.0,high,0.027777777777777776,0.28284271247461906,0.09820927516479824,48,27,0.5625,False,very-low-contrast
4,6.0,1.0,10.0,high,0.027777777777777776,0.28284271247461906,0.09820927516479824,48,21,0.4375,False,very-low-contrast
5,6.0,1.0,10.0,high,0.027777777777777776,0.28284271247461906,0.09820927516479824,48,27,0.5625,False,very-low-contrast
6,6.0,1.0,10.0,high,0.027777777777777776,0.28284271247461906,0.09820927516479824,48,30,0.625,False,very-low-contrast
7,6.0,1.0,10.0,high,0.027777777777777776,0.28284271247461906,0.09820927516479824,48,25,0.5208333333333334,False,very-low-contrast
8,6.0,1.0,10.0,high,0.027777777777777776,0.28284271247461906,0.09820927516479824,48,24,0.5,False,very-low-contrast
9,6.0,1.0,10.0,high,0.027777777777777776,0.28284271247461906,0.09820927516479824,48,29,0.6041666666666666,False,very-low-contrast
10,6.0,1.0,10.0,high,0.027777777777777776,0.28284271247461906,0.09820927516479824,48,23,0.4791666666666667,False,very-low-contrast
1,6.0,3.0,1.0,quiet,0.08333333333333333,0.01788854381999832,4.6584749531245615,48,0,0.0,True,low-contrast
2,6.0,3.0,1.0,quiet,0.08333333333333333,0.01788854381999832,4.6584749531245615,48,0,0.0,True,low-contrast
3,6.0,3.0,1.0,quiet,0.08333333333333333,0.01788854381999832,4.6584749531245615,48,0,0.0,True,low-contrast
4,6.0,3.0,1.0,quiet,0.08333333333333333,0.01788854381999832,4.6584749531245615,48,0,0.0,True,low-contrast
5,6.0,3.0,1.0,quiet,0.08333333333333333,0.01788854381999832,4.6584749531245615,48,1,0.020833333333333332,False,low-contrast
6,6.0,3.0,1.0,quiet,0.08333333333333333,0.01788854381999832,4.6584749531245615,48,1,0.020833333333333332,False,low-contrast
7,6.0,3.0,1.0,quiet,0.08333333333333333,0.01788854381999832,4.6584749531245615,48,0,0.0,True,low-contrast
8,6.0,3.0,1.0,quiet,0.08333333333333333,0.01788854381999832,4.6584749531245615,48,0,0.0,True,low-contrast
9,6.0,3.0,1.0,quiet,0.08333333333333333,0.01788854381999832,4.6584749531245615,48,0,0.0,True,low-contrast
10,6.0,3.0,1.0,quiet,0.08333333333333333,0.01788854381999832,4.6584749531245615,48,0,0.0,True,low-contrast
1,6.0,3.0,1.0,moderate,0.08333333333333333,0.044721359549995794,1.8633899812498247,48,8,0.16666666666666666,False,low-contrast
2,6.0,3.0,1.0,moderate,0.08333333333333333,0.044721359549995794,1.8633899812498247,48,6,0.125,False,low-contrast
3,6.0,3.0,1.0,moderate,0.08333333333333333,0.044721359549995794,1.8633899812498247,48,8,0.16666666666666666,False,low-contrast
4,6.0,3.0,1.0,moderate,0.08333333333333333,0.044721359549995794,1.8633899812498247,48,6,0.125,False,low-contrast
5,6.0,3.0,1.0,moderate,0.08333333333333333,0.044721359549995794,1.8633899812498247,48,10,0.20833333333333334,False,low-contrast
6,6.0,3.0,1.0,moderate,0.08333333333333333,0.044721359549995794,1.8633899812498247,48,9,0.1875,False,low-contrast
7,6.0,3.0,1.0,moderate,0.08333333333333333,0.044721359549995794,1.8633899812498247,48,11,0.22916666666666666,False,low-contrast
8,6.0,3.0,1.0,moderate,0.08333333333333333,0.044721359549995794,1.8633899812498247,48,4,0.08333333333333333,False,low-contrast
9,6.0,3.0,1.0,moderate,0.08333333333333333,0.044721359549995794,1.8633899812498247,48,8,0.16666666666666666,False,low-contrast
10,6.0,3.0,1.0,moderate,0.08333333333333333,0.044721359549995794,1.8633899812498247,48,5,0.10416666666666667,False,low-contrast
1,6.0,3.0,1.0,high,0.08333333333333333,0.08944271909999159,0.9316949906249123,48,19,0.3958333333333333,False,low-contrast
2,6.0,3.0,1.0,high,0.08333333333333333,0.08944271909999159,0.9316949906249123,48,13,0.2708333333333333,False,low-contrast
3,6.0,3.0,1.0,high,0.08333333333333333,0.08944271909999159,0.9316949906249123,48,16,0.3333333333333333,False,low-contrast
4,6.0,3.0,1.0,high,0.08333333333333333,0.08944271909999159,0.9316949906249123,48,16,0.3333333333333333,False,low-contrast
5,6.0,3.0,1.0,high,0.08333333333333333,0.08944271909999159,0.9316949906249123,48,17,0.3541666666666667,False,low-contrast
6,6.0,3.0,1.0,high,0.08333333333333333,0.08944271909999159,0.9316949906249123,48,15,0.3125,False,low-contrast
7,6.0,3.0,1.0,high,0.08333333333333333,0.08944271909999159,0.9316949906249123,48,16,0.3333333333333333,False,low-contrast
8,6.0,3.0,1.0,high,0.08333333333333333,0.08944271909999159,0.9316949906249123,48,15,0.3125,False,low-contrast
9,6.0,3.0,1.0,high,0.08333333333333333,0.08944271909999159,0.9316949906249123,48,19,0.3958333333333333,False,low-contrast
10,6.0,3.0,1.0,high,0.08333333333333333,0.08944271909999159,0.9316949906249123,48,19,0.3958333333333333,False,low-contrast
1,6.0,3.0,5.0,quiet,0.08333333333333333,0.04,2.083333333333333,48,8,0.16666666666666666,False,low-contrast
2,6.0,3.0,5.0,quiet,0.08333333333333333,0.04,2.083333333333333,48,7,0.14583333333333334,False,low-contrast
3,6.0,3.0,5.0,quiet,0.08333333333333333,0.04,2.083333333333333,48,7,0.14583333333333334,False,low-contrast
4,6.0,3.0,5.0,quiet,0.08333333333333333,0.04,2.083333333333333,48,10,0.20833333333333334,False,low-contrast
5,6.0,3.0,5.0,quiet,0.08333333333333333,0.04,2.083333333333333,48,5,0.10416666666666667,False,low-contrast
6,6.0,3.0,5.0,quiet,0.08333333333333333,0.04,2.083333333333333,48,3,0.0625,False,low-contrast
7,6.0,3.0,5.0,quiet,0.08333333333333333,0.04,2.083333333333333,48,7,0.14583333333333334,False,low-contrast
8,6.0,3.0,5.0,quiet,0.08333333333333333,0.04,2.083333333333333,48,8,0.16666666666666666,False,low-contrast
9,6.0,3.0,5.0,quiet,0.08333333333333333,0.04,2.083333333333333,48,6,0.125,False,low-contrast
10,6.0,3.0,5.0,quiet,0.08333333333333333,0.04,2.083333333333333,48,8,0.16666666666666666,False,low-contrast
1,6.0,3.0,5.0,moderate,0.08333333333333333,0.1,0.8333333333333333,48,17,0.3541666666666667,False,low-contrast
2,6.0,3.0,5.0,moderate,0.08333333333333333,0.1,0.8333333333333333,48,14,0.2916666666666667,False,low-contrast
3,6.0,3.0,5.0,moderate,0.08333333333333333,0.1,0.8333333333333333,48,18,0.375,False,low-contrast
4,6.0,3.0,5.0,moderate,0.08333333333333333,0.1,0.8333333333333333,48,18,0.375,False,low-contrast
5,6.0,3.0,5.0,moderate,0.08333333333333333,0.1,0.8333333333333333,48,11,0.22916666666666666,False,low-contrast
6,6.0,3.0,5.0,moderate,0.08333333333333333,0.1,0.8333333333333333,48,15,0.3125,False,low-contrast
7,6.0,3.0,5.0,moderate,0.08333333333333333,0.1,0.8333333333333333,48,16,0.3333333333333333,False,low-contrast
8,6.0,3.0,5.0,moderate,0.08333333333333333,0.1,0.8333333333333333,48,19,0.3958333333333333,False,low-contrast
9,6.0,3.0,5.0,moderate,0.08333333333333333,0.1,0.8333333333333333,48,13,0.2708333333333333,False,low-contrast
10,6.0,3.0,5.0,moderate,0.08333333333333333,0.1,0.8333333333333333,48,13,0.2708333333333333,False,low-contrast
1,6.0,3.0,5.0,high,0.08333333333333333,0.2,0.41666666666666663,48,18,0.375,False,low-contrast
2,6.0,3.0,5.0,high,0.08333333333333333,0.2,0.41666666666666663,48,15,0.3125,False,low-contrast
3,6.0,3.0,5.0,high,0.08333333333333333,0.2,0.41666666666666663,48,16,0.3333333333333333,False,low-contrast
4,6.0,3.0,5.0,high,0.08333333333333333,0.2,0.41666666666666663,48,16,0.3333333333333333,False,low-contrast
5,6.0,3.0,5.0,high,0.08333333333333333,0.2,0.41666666666666663,48,25,0.5208333333333334,False,low-contrast
6,6.0,3.0,5.0,high,0.08333333333333333,0.2,0.41666666666666663,48,16,0.3333333333333333,False,low-contrast
7,6.0,3.0,5.0,high,0.08333333333333333,0.2,0.41666666666666663,48,20,0.4166666666666667,False,low-contrast
8,6.0,3.0,5.0,high,0.08333333333333333,0.2,0.41666666666666663,48,22,0.4583333333333333,False,low-contrast
9,6.0,3.0,5.0,high,0.08333333333333333,0.2,0.41666666666666663,48,19,0.3958333333333333,False,low-contrast
10,6.0,3.0,5.0,high,0.08333333333333333,0.2,0.41666666666666663,48,19,0.3958333333333333,False,low-contrast
1,6.0,3.0,10.0,quiet,0.08333333333333333,0.05656854249492381,1.4731391274719736,48,8,0.16666666666666666,False,low-contrast
2,6.0,3.0,10.0,quiet,0.08333333333333333,0.05656854249492381,1.4731391274719736,48,4,0.08333333333333333,False,low-contrast
3,6.0,3.0,10.0,quiet,0.08333333333333333,0.05656854249492381,1.4731391274719736,48,6,0.125,False,low-contrast
4,6.0,3.0,10.0,quiet,0.08333333333333333,0.05656854249492381,1.4731391274719736,48,9,0.1875,False,low-contrast
5,6.0,3.0,10.0,quiet,0.08333333333333333,0.05656854249492381,1.4731391274719736,48,12,0.25,False,low-contrast
6,6.0,3.0,10.0,quiet,0.08333333333333333,0.05656854249492381,1.4731391274719736,48,12,0.25,False,low-contrast
7,6.0,3.0,10.0,quiet,0.08333333333333333,0.05656854249492381,1.4731391274719736,48,10,0.20833333333333334,False,low-contrast
8,6.0,3.0,10.0,quiet,0.08333333333333333,0.05656854249492381,1.4731391274719736,48,8,0.16666666666666666,False,low-contrast
9,6.0,3.0,10.0,quiet,0.08333333333333333,0.05656854249492381,1.4731391274719736,48,12,0.25,False,low-contrast
10,6.0,3.0,10.0,quiet,0.08333333333333333,0.05656854249492381,1.4731391274719736,48,9,0.1875,False,low-contrast
1,6.0,3.0,10.0,moderate,0.08333333333333333,0.14142135623730953,0.5892556509887895,48,18,0.375,False,low-contrast
2,6.0,3.0,10.0,moderate,0.08333333333333333,0.14142135623730953,0.5892556509887895,48,25,0.5208333333333334,False,low-contrast
3,6.0,3.0,10.0,moderate,0.08333333333333333,0.14142135623730953,0.5892556509887895,48,23,0.4791666666666667,False,low-contrast
4,6.0,3.0,10.0,moderate,0.08333333333333333,0.14142135623730953,0.5892556509887895,48,21,0.4375,False,low-contrast
5,6.0,3.0,10.0,moderate,0.08333333333333333,0.14142135623730953,0.5892556509887895,48,15,0.3125,False,low-contrast
6,6.0,3.0,10.0,moderate,0.08333333333333333,0.14142135623730953,0.5892556509887895,48,16,0.3333333333333333,False,low-contrast
7,6.0,3.0,10.0,moderate,0.08333333333333333,0.14142135623730953,0.5892556509887895,48,16,0.3333333333333333,False,low-contrast
8,6.0,3.0,10.0,moderate,0.08333333333333333,0.14142135623730953,0.5892556509887895,48,21,0.4375,False,low-contrast
9,6.0,3.0,10.0,moderate,0.08333333333333333,0.14142135623730953,0.5892556509887895,48,23,0.4791666666666667,False,low-contrast
10,6.0,3.0,10.0,moderate,0.08333333333333333,0.14142135623730953,0.5892556509887895,48,21,0.4375,False,low-contrast
1,6.0,3.0,10.0,high,0.08333333333333333,0.28284271247461906,0.29462782549439476,48,21,0.4375,False,low-contrast
2,6.0,3.0,10.0,high,0.08333333333333333,0.28284271247461906,0.29462782549439476,48,20,0.4166666666666667,False,low-contrast
3,6.0,3.0,10.0,high,0.08333333333333333,0.28284271247461906,0.29462782549439476,48,24,0.5,False,low-contrast
4,6.0,3.0,10.0,high,0.08333333333333333,0.28284271247461906,0.29462782549439476,48,23,0.4791666666666667,False,low-contrast
5,6.0,3.0,10.0,high,0.08333333333333333,0.28284271247461906,0.29462782549439476,48,17,0.3541666666666667,False,low-contrast
6,6.0,3.0,10.0,high,0.08333333333333333,0.28284271247461906,0.29462782549439476,48,18,0.375,False,low-contrast
7,6.0,3.0,10.0,high,0.08333333333333333,0.28284271247461906,0.29462782549439476,48,21,0.4375,False,low-contrast
8,6.0,3.0,10.0,high,0.08333333333333333,0.28284271247461906,0.29462782549439476,48,21,0.4375,False,low-contrast
9,6.0,3.0,10.0,high,0.08333333333333333,0.28284271247461906,0.29462782549439476,48,26,0.5416666666666666,False,low-contrast
10,6.0,3.0,10.0,high,0.08333333333333333,0.28284271247461906,0.29462782549439476,48,17,0.3541666666666667,False,low-contrast
1,6.0,5.0,1.0,quiet,0.1388888888888889,0.01788854381999832,7.764124921874269,48,0,0.0,True,higher-contrast
2,6.0,5.0,1.0,quiet,0.1388888888888889,0.01788854381999832,7.764124921874269,48,0,0.0,True,higher-contrast
3,6.0,5.0,1.0,quiet,0.1388888888888889,0.01788854381999832,7.764124921874269,48,0,0.0,True,higher-contrast
4,6.0,5.0,1.0,quiet,0.1388888888888889,0.01788854381999832,7.764124921874269,48,0,0.0,True,higher-contrast
5,6.0,5.0,1.0,quiet,0.1388888888888889,0.01788854381999832,7.764124921874269,48,0,0.0,True,higher-contrast
6,6.0,5.0,1.0,quiet,0.1388888888888889,0.01788854381999832,7.764124921874269,48,0,0.0,True,higher-contrast
7,6.0,5.0,1.0,quiet,0.1388888888888889,0.01788854381999832,7.764124921874269,48,0,0.0,True,higher-contrast
8,6.0,5.0,1.0,quiet,0.1388888888888889,0.01788854381999832,7.764124921874269,48,0,0.0,True,higher-contrast
9,6.0,5.0,1.0,quiet,0.1388888888888889,0.01788854381999832,7.764124921874269,48,0,0.0,True,higher-contrast
10,6.0,5.0,1.0,quiet,0.1388888888888889,0.01788854381999832,7.764124921874269,48,0,0.0,True,higher-contrast
1,6.0,5.0,1.0,moderate,0.1388888888888889,0.044721359549995794,3.105649968749708,48,2,0.041666666666666664,False,higher-contrast
2,6.0,5.0,1.0,moderate,0.1388888888888889,0.044721359549995794,3.105649968749708,48,5,0.10416666666666667,False,higher-contrast
3,6.0,5.0,1.0,moderate,0.1388888888888889,0.044721359549995794,3.105649968749708,48,2,0.041666666666666664,False,higher-contrast
4,6.0,5.0,1.0,moderate,0.1388888888888889,0.044721359549995794,3.105649968749708,48,0,0.0,True,higher-contrast
5,6.0,5.0,1.0,moderate,0.1388888888888889,0.044721359549995794,3.105649968749708,48,1,0.020833333333333332,False,higher-contrast
6,6.0,5.0,1.0,moderate,0.1388888888888889,0.044721359549995794,3.105649968749708,48,4,0.08333333333333333,False,higher-contrast
7,6.0,5.0,1.0,moderate,0.1388888888888889,0.044721359549995794,3.105649968749708,48,5,0.10416666666666667,False,higher-contrast
8,6.0,5.0,1.0,moderate,0.1388888888888889,0.044721359549995794,3.105649968749708,48,1,0.020833333333333332,False,higher-contrast
9,6.0,5.0,1.0,moderate,0.1388888888888889,0.044721359549995794,3.105649968749708,48,3,0.0625,False,higher-contrast
10,6.0,5.0,1.0,moderate,0.1388888888888889,0.044721359549995794,3.105649968749708,48,3,0.0625,False,higher-contrast
1,6.0,5.0,1.0,high,0.1388888888888889,0.08944271909999159,1.552824984374854,48,14,0.2916666666666667,False,higher-contrast
2,6.0,5.0,1.0,high,0.1388888888888889,0.08944271909999159,1.552824984374854,48,7,0.14583333333333334,False,higher-contrast
3,6.0,5.0,1.0,high,0.1388888888888889,0.08944271909999159,1.552824984374854,48,12,0.25,False,higher-contrast
4,6.0,5.0,1.0,high,0.1388888888888889,0.08944271909999159,1.552824984374854,48,8,0.16666666666666666,False,higher-contrast
5,6.0,5.0,1.0,high,0.1388888888888889,0.08944271909999159,1.552824984374854,48,6,0.125,False,higher-contrast
6,6.0,5.0,1.0,high,0.1388888888888889,0.08944271909999159,1.552824984374854,48,15,0.3125,False,higher-contrast
7,6.0,5.0,1.0,high,0.1388888888888889,0.08944271909999159,1.552824984374854,48,10,0.20833333333333334,False,higher-contrast
8,6.0,5.0,1.0,high,0.1388888888888889,0.08944271909999159,1.552824984374854,48,8,0.16666666666666666,False,higher-contrast
9,6.0,5.0,1.0,high,0.1388888888888889,0.08944271909999159,1.552824984374854,48,17,0.3541666666666667,False,higher-contrast
10,6.0,5.0,1.0,high,0.1388888888888889,0.08944271909999159,1.552824984374854,48,12,0.25,False,higher-contrast
1,6.0,5.0,5.0,quiet,0.1388888888888889,0.04,3.4722222222222223,48,3,0.0625,False,higher-contrast
2,6.0,5.0,5.0,quiet,0.1388888888888889,0.04,3.4722222222222223,48,4,0.08333333333333333,False,higher-contrast
3,6.0,5.0,5.0,quiet,0.1388888888888889,0.04,3.4722222222222223,48,3,0.0625,False,higher-contrast
4,6.0,5.0,5.0,quiet,0.1388888888888889,0.04,3.4722222222222223,48,1,0.020833333333333332,False,higher-contrast
5,6.0,5.0,5.0,quiet,0.1388888888888889,0.04,3.4722222222222223,48,2,0.041666666666666664,False,higher-contrast
6,6.0,5.0,5.0,quiet,0.1388888888888889,0.04,3.4722222222222223,48,3,0.0625,False,higher-contrast
7,6.0,5.0,5.0,quiet,0.1388888888888889,0.04,3.4722222222222223,48,2,0.041666666666666664,False,higher-contrast
8,6.0,5.0,5.0,quiet,0.1388888888888889,0.04,3.4722222222222223,48,2,0.041666666666666664,False,higher-contrast
9,6.0,5.0,5.0,quiet,0.1388888888888889,0.04,3.4722222222222223,48,1,0.020833333333333332,False,higher-contrast
10,6.0,5.0,5.0,quiet,0.1388888888888889,0.04,3.4722222222222223,48,5,0.10416666666666667,False,higher-contrast
1,6.0,5.0,5.0,moderate,0.1388888888888889,0.1,1.3888888888888888,48,12,0.25,False,higher-contrast
2,6.0,5.0,5.0,moderate,0.1388888888888889,0.1,1.3888888888888888,48,9,0.1875,False,higher-contrast
3,6.0,5.0,5.0,moderate,0.1388888888888889,0.1,1.3888888888888888,48,8,0.16666666666666666,False,higher-contrast
4,6.0,5.0,5.0,moderate,0.1388888888888889,0.1,1.3888888888888888,48,7,0.14583333333333334,False,higher-contrast
5,6.0,5.0,5.0,moderate,0.1388888888888889,0.1,1.3888888888888888,48,9,0.1875,False,higher-contrast
6,6.0,5.0,5.0,moderate,0.1388888888888889,0.1,1.3888888888888888,48,12,0.25,False,higher-contrast
7,6.0,5.0,5.0,moderate,0.1388888888888889,0.1,1.3888888888888888,48,11,0.22916666666666666,False,higher-contrast
8,6.0,5.0,5.0,moderate,0.1388888888888889,0.1,1.3888888888888888,48,6,0.125,False,higher-contrast
9,6.0,5.0,5.0,moderate,0.1388888888888889,0.1,1.3888888888888888,48,12,0.25,False,higher-contrast
10,6.0,5.0,5.0,moderate,0.1388888888888889,0.1,1.3888888888888888,48,17,0.3541666666666667,False,higher-contrast
1,6.0,5.0,5.0,high,0.1388888888888889,0.2,0.6944444444444444,48,17,0.3541666666666667,False,higher-contrast
2,6.0,5.0,5.0,high,0.1388888888888889,0.2,0.6944444444444444,48,14,0.2916666666666667,False,higher-contrast
3,6.0,5.0,5.0,high,0.1388888888888889,0.2,0.6944444444444444,48,23,0.4791666666666667,False,higher-contrast
4,6.0,5.0,5.0,high,0.1388888888888889,0.2,0.6944444444444444,48,20,0.4166666666666667,False,higher-contrast
5,6.0,5.0,5.0,high,0.1388888888888889,0.2,0.6944444444444444,48,15,0.3125,False,higher-contrast
6,6.0,5.0,5.0,high,0.1388888888888889,0.2,0.6944444444444444,48,23,0.4791666666666667,False,higher-contrast
7,6.0,5.0,5.0,high,0.1388888888888889,0.2,0.6944444444444444,48,22,0.4583333333333333,False,higher-contrast
8,6.0,5.0,5.0,high,0.1388888888888889,0.2,0.6944444444444444,48,22,0.4583333333333333,False,higher-contrast
9,6.0,5.0,5.0,high,0.1388888888888889,0.2,0.6944444444444444,48,20,0.4166666666666667,False,higher-contrast
10,6.0,5.0,5.0,high,0.1388888888888889,0.2,0.6944444444444444,48,18,0.375,False,higher-contrast
1,6.0,5.0,10.0,quiet,0.1388888888888889,0.05656854249492381,2.4552318791199563,48,5,0.10416666666666667,False,higher-contrast
2,6.0,5.0,10.0,quiet,0.1388888888888889,0.05656854249492381,2.4552318791199563,48,4,0.08333333333333333,False,higher-contrast
3,6.0,5.0,10.0,quiet,0.1388888888888889,0.05656854249492381,2.4552318791199563,48,3,0.0625,False,higher-contrast
4,6.0,5.0,10.0,quiet,0.1388888888888889,0.05656854249492381,2.4552318791199563,48,6,0.125,False,higher-contrast
5,6.0,5.0,10.0,quiet,0.1388888888888889,0.05656854249492381,2.4552318791199563,48,6,0.125,False,higher-contrast
6,6.0,5.0,10.0,quiet,0.1388888888888889,0.05656854249492381,2.4552318791199563,48,4,0.08333333333333333,False,higher-contrast
7,6.0,5.0,10.0,quiet,0.1388888888888889,0.05656854249492381,2.4552318791199563,48,8,0.16666666666666666,False,higher-contrast
8,6.0,5.0,10.0,quiet,0.1388888888888889,0.05656854249492381,2.4552318791199563,48,6,0.125,False,higher-contrast
9,6.0,5.0,10.0,quiet,0.1388888888888889,0.05656854249492381,2.4552318791199563,48,2,0.041666666666666664,False,higher-contrast
10,6.0,5.0,10.0,quiet,0.1388888888888889,0.05656854249492381,2.4552318791199563,48,5,0.10416666666666667,False,higher-contrast
1,6.0,5.0,10.0,moderate,0.1388888888888889,0.14142135623730953,0.9820927516479825,48,17,0.3541666666666667,False,higher-contrast
2,6.0,5.0,10.0,moderate,0.1388888888888889,0.14142135623730953,0.9820927516479825,48,14,0.2916666666666667,False,higher-contrast
3,6.0,5.0,10.0,moderate,0.1388888888888889,0.14142135623730953,0.9820927516479825,48,20,0.4166666666666667,False,higher-contrast
4,6.0,5.0,10.0,moderate,0.1388888888888889,0.14142135623730953,0.9820927516479825,48,17,0.3541666666666667,False,higher-contrast
5,6.0,5.0,10.0,moderate,0.1388888888888889,0.14142135623730953,0.9820927516479825,48,16,0.3333333333333333,False,higher-contrast
6,6.0,5.0,10.0,moderate,0.1388888888888889,0.14142135623730953,0.9820927516479825,48,12,0.25,False,higher-contrast
7,6.0,5.0,10.0,moderate,0.1388888888888889,0.14142135623730953,0.9820927516479825,48,16,0.3333333333333333,False,higher-contrast
8,6.0,5.0,10.0,moderate,0.1388888888888889,0.14142135623730953,0.9820927516479825,48,14,0.2916666666666667,False,higher-contrast
9,6.0,5.0,10.0,moderate,0.1388888888888889,0.14142135623730953,0.9820927516479825,48,16,0.3333333333333333,False,higher-contrast
10,6.0,5.0,10.0,moderate,0.1388888888888889,0.14142135623730953,0.9820927516479825,48,12,0.25,False,higher-contrast
1,6.0,5.0,10.0,high,0.1388888888888889,0.28284271247461906,0.49104637582399124,48,20,0.4166666666666667,False,higher-contrast
2,6.0,5.0,10.0,high,0.1388888888888889,0.28284271247461906,0.49104637582399124,48,15,0.3125,False,higher-contrast
3,6.0,5.0,10.0,high,0.1388888888888889,0.28284271247461906,0.49104637582399124,48,18,0.375,False,higher-contrast
4,6.0,5.0,10.0,high,0.1388888888888889,0.28284271247461906,0.49104637582399124,48,15,0.3125,False,higher-contrast
5,6.0,5.0,10.0,high,0.1388888888888889,0.28284271247461906,0.49104637582399124,48,22,0.4583333333333333,False,higher-contrast
6,6.0,5.0,10.0,high,0.1388888888888889,0.28284271247461906,0.49104637582399124,48,18,0.375,False,higher-contrast
7,6.0,5.0,10.0,high,0.1388888888888889,0.28284271247461906,0.49104637582399124,48,19,0.3958333333333333,False,higher-contrast
8,6.0,5.0,10.0,high,0.1388888888888889,0.28284271247461906,0.49104637582399124,48,19,0.3958333333333333,False,higher-contrast
9,6.0,5.0,10.0,high,0.1388888888888889,0.28284271247461906,0.49104637582399124,48,20,0.4166666666666667,False,higher-contrast
10,6.0,5.0,10.0,high,0.1388888888888889,0.28284271247461906,0.49104637582399124,48,14,0.2916666666666667,False,higher-contrast
1,9.0,1.0,1.0,quiet,0.012345679012345678,0.01788854381999832,0.690144437499935,48,14,0.2916666666666667,False,very-low-contrast
2,9.0,1.0,1.0,quiet,0.012345679012345678,0.01788854381999832,0.690144437499935,48,19,0.3958333333333333,False,very-low-contrast
3,9.0,1.0,1.0,quiet,0.012345679012345678,0.01788854381999832,0.690144437499935,48,18,0.375,False,very-low-contrast
4,9.0,1.0,1.0,quiet,0.012345679012345678,0.01788854381999832,0.690144437499935,48,15,0.3125,False,very-low-contrast
5,9.0,1.0,1.0,quiet,0.012345679012345678,0.01788854381999832,0.690144437499935,48,15,0.3125,False,very-low-contrast
6,9.0,1.0,1.0,quiet,0.012345679012345678,0.01788854381999832,0.690144437499935,48,11,0.22916666666666666,False,very-low-contrast
7,9.0,1.0,1.0,quiet,0.012345679012345678,0.01788854381999832,0.690144437499935,48,27,0.5625,False,very-low-contrast
8,9.0,1.0,1.0,quiet,0.012345679012345678,0.01788854381999832,0.690144437499935,48,17,0.3541666666666667,False,very-low-contrast
9,9.0,1.0,1.0,quiet,0.012345679012345678,0.01788854381999832,0.690144437499935,48,21,0.4375,False,very-low-contrast
10,9.0,1.0,1.0,quiet,0.012345679012345678,0.01788854381999832,0.690144437499935,48,18,0.375,False,very-low-contrast
1,9.0,1.0,1.0,moderate,0.012345679012345678,0.044721359549995794,0.276057774999974,48,24,0.5,False,very-low-contrast
2,9.0,1.0,1.0,moderate,0.012345679012345678,0.044721359549995794,0.276057774999974,48,22,0.4583333333333333,False,very-low-contrast
3,9.0,1.0,1.0,moderate,0.012345679012345678,0.044721359549995794,0.276057774999974,48,23,0.4791666666666667,False,very-low-contrast
4,9.0,1.0,1.0,moderate,0.012345679012345678,0.044721359549995794,0.276057774999974,48,18,0.375,False,very-low-contrast
5,9.0,1.0,1.0,moderate,0.012345679012345678,0.044721359549995794,0.276057774999974,48,18,0.375,False,very-low-contrast
6,9.0,1.0,1.0,moderate,0.012345679012345678,0.044721359549995794,0.276057774999974,48,21,0.4375,False,very-low-contrast
7,9.0,1.0,1.0,moderate,0.012345679012345678,0.044721359549995794,0.276057774999974,48,22,0.4583333333333333,False,very-low-contrast
8,9.0,1.0,1.0,moderate,0.012345679012345678,0.044721359549995794,0.276057774999974,48,19,0.3958333333333333,False,very-low-contrast
9,9.0,1.0,1.0,moderate,0.012345679012345678,0.044721359549995794,0.276057774999974,48,24,0.5,False,very-low-contrast
10,9.0,1.0,1.0,moderate,0.012345679012345678,0.044721359549995794,0.276057774999974,48,22,0.4583333333333333,False,very-low-contrast
1,9.0,1.0,1.0,high,0.012345679012345678,0.08944271909999159,0.138028887499987,48,21,0.4375,False,very-low-contrast
2,9.0,1.0,1.0,high,0.012345679012345678,0.08944271909999159,0.138028887499987,48,23,0.4791666666666667,False,very-low-contrast
3,9.0,1.0,1.0,high,0.012345679012345678,0.08944271909999159,0.138028887499987,48,27,0.5625,False,very-low-contrast
4,9.0,1.0,1.0,high,0.012345679012345678,0.08944271909999159,0.138028887499987,48,25,0.5208333333333334,False,very-low-contrast
5,9.0,1.0,1.0,high,0.012345679012345678,0.08944271909999159,0.138028887499987,48,27,0.5625,False,very-low-contrast
6,9.0,1.0,1.0,high,0.012345679012345678,0.08944271909999159,0.138028887499987,48,20,0.4166666666666667,False,very-low-contrast
7,9.0,1.0,1.0,high,0.012345679012345678,0.08944271909999159,0.138028887499987,48,26,0.5416666666666666,False,very-low-contrast
8,9.0,1.0,1.0,high,0.012345679012345678,0.08944271909999159,0.138028887499987,48,24,0.5,False,very-low-contrast
9,9.0,1.0,1.0,high,0.012345679012345678,0.08944271909999159,0.138028887499987,48,14,0.2916666666666667,False,very-low-contrast
10,9.0,1.0,1.0,high,0.012345679012345678,0.08944271909999159,0.138028887499987,48,21,0.4375,False,very-low-contrast
1,9.0,1.0,5.0,quiet,0.012345679012345678,0.04,0.30864197530864196,48,25,0.5208333333333334,False,very-low-contrast
2,9.0,1.0,5.0,quiet,0.012345679012345678,0.04,0.30864197530864196,48,23,0.4791666666666667,False,very-low-contrast
3,9.0,1.0,5.0,quiet,0.012345679012345678,0.04,0.30864197530864196,48,16,0.3333333333333333,False,very-low-contrast
4,9.0,1.0,5.0,quiet,0.012345679012345678,0.04,0.30864197530864196,48,24,0.5,False,very-low-contrast
5,9.0,1.0,5.0,quiet,0.012345679012345678,0.04,0.30864197530864196,48,18,0.375,False,very-low-contrast
6,9.0,1.0,5.0,quiet,0.012345679012345678,0.04,0.30864197530864196,48,19,0.3958333333333333,False,very-low-contrast
7,9.0,1.0,5.0,quiet,0.012345679012345678,0.04,0.30864197530864196,48,21,0.4375,False,very-low-contrast
8,9.0,1.0,5.0,quiet,0.012345679012345678,0.04,0.30864197530864196,48,21,0.4375,False,very-low-contrast
9,9.0,1.0,5.0,quiet,0.012345679012345678,0.04,0.30864197530864196,48,17,0.3541666666666667,False,very-low-contrast
10,9.0,1.0,5.0,quiet,0.012345679012345678,0.04,0.30864197530864196,48,27,0.5625,False,very-low-contrast
1,9.0,1.0,5.0,moderate,0.012345679012345678,0.1,0.12345679012345678,48,20,0.4166666666666667,False,very-low-contrast
2,9.0,1.0,5.0,moderate,0.012345679012345678,0.1,0.12345679012345678,48,18,0.375,False,very-low-contrast
3,9.0,1.0,5.0,moderate,0.012345679012345678,0.1,0.12345679012345678,48,24,0.5,False,very-low-contrast
4,9.0,1.0,5.0,moderate,0.012345679012345678,0.1,0.12345679012345678,48,24,0.5,False,very-low-contrast
5,9.0,1.0,5.0,moderate,0.012345679012345678,0.1,0.12345679012345678,48,22,0.4583333333333333,False,very-low-contrast
6,9.0,1.0,5.0,moderate,0.012345679012345678,0.1,0.12345679012345678,48,13,0.2708333333333333,False,very-low-contrast
7,9.0,1.0,5.0,moderate,0.012345679012345678,0.1,0.12345679012345678,48,16,0.3333333333333333,False,very-low-contrast
8,9.0,1.0,5.0,moderate,0.012345679012345678,0.1,0.12345679012345678,48,22,0.4583333333333333,False,very-low-contrast
9,9.0,1.0,5.0,moderate,0.012345679012345678,0.1,0.12345679012345678,48,18,0.375,False,very-low-contrast
10,9.0,1.0,5.0,moderate,0.012345679012345678,0.1,0.12345679012345678,48,26,0.5416666666666666,False,very-low-contrast
1,9.0,1.0,5.0,high,0.012345679012345678,0.2,0.06172839506172839,48,22,0.4583333333333333,False,very-low-contrast
2,9.0,1.0,5.0,high,0.012345679012345678,0.2,0.06172839506172839,48,22,0.4583333333333333,False,very-low-contrast
3,9.0,1.0,5.0,high,0.012345679012345678,0.2,0.06172839506172839,48,25,0.5208333333333334,False,very-low-contrast
4,9.0,1.0,5.0,high,0.012345679012345678,0.2,0.06172839506172839,48,23,0.4791666666666667,False,very-low-contrast
5,9.0,1.0,5.0,high,0.012345679012345678,0.2,0.06172839506172839,48,25,0.5208333333333334,False,very-low-contrast
6,9.0,1.0,5.0,high,0.012345679012345678,0.2,0.06172839506172839,48,18,0.375,False,very-low-contrast
7,9.0,1.0,5.0,high,0.012345679012345678,0.2,0.06172839506172839,48,30,0.625,False,very-low-contrast
8,9.0,1.0,5.0,high,0.012345679012345678,0.2,0.06172839506172839,48,25,0.5208333333333334,False,very-low-contrast
9,9.0,1.0,5.0,high,0.012345679012345678,0.2,0.06172839506172839,48,20,0.4166666666666667,False,very-low-contrast
10,9.0,1.0,5.0,high,0.012345679012345678,0.2,0.06172839506172839,48,22,0.4583333333333333,False,very-low-contrast
1,9.0,1.0,10.0,quiet,0.012345679012345678,0.05656854249492381,0.21824283369955166,48,24,0.5,False,very-low-contrast
2,9.0,1.0,10.0,quiet,0.012345679012345678,0.05656854249492381,0.21824283369955166,48,11,0.22916666666666666,False,very-low-contrast
3,9.0,1.0,10.0,quiet,0.012345679012345678,0.05656854249492381,0.21824283369955166,48,27,0.5625,False,very-low-contrast
4,9.0,1.0,10.0,quiet,0.012345679012345678,0.05656854249492381,0.21824283369955166,48,22,0.4583333333333333,False,very-low-contrast
5,9.0,1.0,10.0,quiet,0.012345679012345678,0.05656854249492381,0.21824283369955166,48,22,0.4583333333333333,False,very-low-contrast
6,9.0,1.0,10.0,quiet,0.012345679012345678,0.05656854249492381,0.21824283369955166,48,20,0.4166666666666667,False,very-low-contrast
7,9.0,1.0,10.0,quiet,0.012345679012345678,0.05656854249492381,0.21824283369955166,48,17,0.3541666666666667,False,very-low-contrast
8,9.0,1.0,10.0,quiet,0.012345679012345678,0.05656854249492381,0.21824283369955166,48,24,0.5,False,very-low-contrast
9,9.0,1.0,10.0,quiet,0.012345679012345678,0.05656854249492381,0.21824283369955166,48,22,0.4583333333333333,False,very-low-contrast
10,9.0,1.0,10.0,quiet,0.012345679012345678,0.05656854249492381,0.21824283369955166,48,31,0.6458333333333334,False,very-low-contrast
1,9.0,1.0,10.0,moderate,0.012345679012345678,0.14142135623730953,0.08729713347982065,48,20,0.4166666666666667,False,very-low-contrast
2,9.0,1.0,10.0,moderate,0.012345679012345678,0.14142135623730953,0.08729713347982065,48,23,0.4791666666666667,False,very-low-contrast
3,9.0,1.0,10.0,moderate,0.012345679012345678,0.14142135623730953,0.08729713347982065,48,26,0.5416666666666666,False,very-low-contrast
4,9.0,1.0,10.0,moderate,0.012345679012345678,0.14142135623730953,0.08729713347982065,48,28,0.5833333333333334,False,very-low-contrast
5,9.0,1.0,10.0,moderate,0.012345679012345678,0.14142135623730953,0.08729713347982065,48,25,0.5208333333333334,False,very-low-contrast
6,9.0,1.0,10.0,moderate,0.012345679012345678,0.14142135623730953,0.08729713347982065,48,20,0.4166666666666667,False,very-low-contrast
7,9.0,1.0,10.0,moderate,0.012345679012345678,0.14142135623730953,0.08729713347982065,48,23,0.4791666666666667,False,very-low-contrast
8,9.0,1.0,10.0,moderate,0.012345679012345678,0.14142135623730953,0.08729713347982065,48,30,0.625,False,very-low-contrast
9,9.0,1.0,10.0,moderate,0.012345679012345678,0.14142135623730953,0.08729713347982065,48,30,0.625,False,very-low-contrast
10,9.0,1.0,10.0,moderate,0.012345679012345678,0.14142135623730953,0.08729713347982065,48,24,0.5,False,very-low-contrast
1,9.0,1.0,10.0,high,0.012345679012345678,0.28284271247461906,0.04364856673991033,48,27,0.5625,False,very-low-contrast
2,9.0,1.0,10.0,high,0.012345679012345678,0.28284271247461906,0.04364856673991033,48,22,0.4583333333333333,False,very-low-contrast
3,9.0,1.0,10.0,high,0.012345679012345678,0.28284271247461906,0.04364856673991033,48,16,0.3333333333333333,False,very-low-contrast
4,9.0,1.0,10.0,high,0.012345679012345678,0.28284271247461906,0.04364856673991033,48,25,0.5208333333333334,False,very-low-contrast
5,9.0,1.0,10.0,high,0.012345679012345678,0.28284271247461906,0.04364856673991033,48,21,0.4375,False,very-low-contrast
6,9.0,1.0,10.0,high,0.012345679012345678,0.28284271247461906,0.04364856673991033,48,23,0.4791666666666667,False,very-low-contrast
7,9.0,1.0,10.0,high,0.012345679012345678,0.28284271247461906,0.04364856673991033,48,25,0.5208333333333334,False,very-low-contrast
8,9.0,1.0,10.0,high,0.012345679012345678,0.28284271247461906,0.04364856673991033,48,22,0.4583333333333333,False,very-low-contrast
9,9.0,1.0,10.0,high,0.012345679012345678,0.28284271247461906,0.04364856673991033,48,28,0.5833333333333334,False,very-low-contrast
10,9.0,1.0,10.0,high,0.012345679012345678,0.28284271247461906,0.04364856673991033,48,27,0.5625,False,very-low-contrast
1,9.0,3.0,1.0,quiet,0.037037037037037035,0.01788854381999832,2.070433312499805,48,10,0.20833333333333334,False,low-contrast
2,9.0,3.0,1.0,quiet,0.037037037037037035,0.01788854381999832,2.070433312499805,48,12,0.25,False,low-contrast
3,9.0,3.0,1.0,quiet,0.037037037037037035,0.01788854381999832,2.070433312499805,48,5,0.10416666666666667,False,low-contrast
4,9.0,3.0,1.0,quiet,0.037037037037037035,0.01788854381999832,2.070433312499805,48,7,0.14583333333333334,False,low-contrast
5,9.0,3.0,1.0,quiet,0.037037037037037035,0.01788854381999832,2.070433312499805,48,8,0.16666666666666666,False,low-contrast
6,9.0,3.0,1.0,quiet,0.037037037037037035,0.01788854381999832,2.070433312499805,48,5,0.10416666666666667,False,low-contrast
7,9.0,3.0,1.0,quiet,0.037037037037037035,0.01788854381999832,2.070433312499805,48,11,0.22916666666666666,False,low-contrast
8,9.0,3.0,1.0,quiet,0.037037037037037035,0.01788854381999832,2.070433312499805,48,4,0.08333333333333333,False,low-contrast
9,9.0,3.0,1.0,quiet,0.037037037037037035,0.01788854381999832,2.070433312499805,48,7,0.14583333333333334,False,low-contrast
10,9.0,3.0,1.0,quiet,0.037037037037037035,0.01788854381999832,2.070433312499805,48,10,0.20833333333333334,False,low-contrast
1,9.0,3.0,1.0,moderate,0.037037037037037035,0.044721359549995794,0.828173324999922,48,16,0.3333333333333333,False,low-contrast
2,9.0,3.0,1.0,moderate,0.037037037037037035,0.044721359549995794,0.828173324999922,48,16,0.3333333333333333,False,low-contrast
3,9.0,3.0,1.0,moderate,0.037037037037037035,0.044721359549995794,0.828173324999922,48,22,0.4583333333333333,False,low-contrast
4,9.0,3.0,1.0,moderate,0.037037037037037035,0.044721359549995794,0.828173324999922,48,20,0.4166666666666667,False,low-contrast
5,9.0,3.0,1.0,moderate,0.037037037037037035,0.044721359549995794,0.828173324999922,48,17,0.3541666666666667,False,low-contrast
6,9.0,3.0,1.0,moderate,0.037037037037037035,0.044721359549995794,0.828173324999922,48,11,0.22916666666666666,False,low-contrast
7,9.0,3.0,1.0,moderate,0.037037037037037035,0.044721359549995794,0.828173324999922,48,19,0.3958333333333333,False,low-contrast
8,9.0,3.0,1.0,moderate,0.037037037037037035,0.044721359549995794,0.828173324999922,48,19,0.3958333333333333,False,low-contrast
9,9.0,3.0,1.0,moderate,0.037037037037037035,0.044721359549995794,0.828173324999922,48,20,0.4166666666666667,False,low-contrast
10,9.0,3.0,1.0,moderate,0.037037037037037035,0.044721359549995794,0.828173324999922,48,9,0.1875,False,low-contrast
1,9.0,3.0,1.0,high,0.037037037037037035,0.08944271909999159,0.414086662499961,48,19,0.3958333333333333,False,low-contrast
2,9.0,3.0,1.0,high,0.037037037037037035,0.08944271909999159,0.414086662499961,48,19,0.3958333333333333,False,low-contrast
3,9.0,3.0,1.0,high,0.037037037037037035,0.08944271909999159,0.414086662499961,48,24,0.5,False,low-contrast
4,9.0,3.0,1.0,high,0.037037037037037035,0.08944271909999159,0.414086662499961,48,19,0.3958333333333333,False,low-contrast
5,9.0,3.0,1.0,high,0.037037037037037035,0.08944271909999159,0.414086662499961,48,20,0.4166666666666667,False,low-contrast
6,9.0,3.0,1.0,high,0.037037037037037035,0.08944271909999159,0.414086662499961,48,20,0.4166666666666667,False,low-contrast
7,9.0,3.0,1.0,high,0.037037037037037035,0.08944271909999159,0.414086662499961,48,23,0.4791666666666667,False,low-contrast
8,9.0,3.0,1.0,high,0.037037037037037035,0.08944271909999159,0.414086662499961,48,20,0.4166666666666667,False,low-contrast
9,9.0,3.0,1.0,high,0.037037037037037035,0.08944271909999159,0.414086662499961,48,16,0.3333333333333333,False,low-contrast
10,9.0,3.0,1.0,high,0.037037037037037035,0.08944271909999159,0.414086662499961,48,20,0.4166666666666667,False,low-contrast
1,9.0,3.0,5.0,quiet,0.037037037037037035,0.04,0.9259259259259258,48,14,0.2916666666666667,False,low-contrast
2,9.0,3.0,5.0,quiet,0.037037037037037035,0.04,0.9259259259259258,48,16,0.3333333333333333,False,low-contrast
3,9.0,3.0,5.0,quiet,0.037037037037037035,0.04,0.9259259259259258,48,20,0.4166666666666667,False,low-contrast
4,9.0,3.0,5.0,quiet,0.037037037037037035,0.04,0.9259259259259258,48,9,0.1875,False,low-contrast
5,9.0,3.0,5.0,quiet,0.037037037037037035,0.04,0.9259259259259258,48,13,0.2708333333333333,False,low-contrast
6,9.0,3.0,5.0,quiet,0.037037037037037035,0.04,0.9259259259259258,48,16,0.3333333333333333,False,low-contrast
7,9.0,3.0,5.0,quiet,0.037037037037037035,0.04,0.9259259259259258,48,17,0.3541666666666667,False,low-contrast
8,9.0,3.0,5.0,quiet,0.037037037037037035,0.04,0.9259259259259258,48,22,0.4583333333333333,False,low-contrast
9,9.0,3.0,5.0,quiet,0.037037037037037035,0.04,0.9259259259259258,48,19,0.3958333333333333,False,low-contrast
10,9.0,3.0,5.0,quiet,0.037037037037037035,0.04,0.9259259259259258,48,10,0.20833333333333334,False,low-contrast
1,9.0,3.0,5.0,moderate,0.037037037037037035,0.1,0.37037037037037035,48,14,0.2916666666666667,False,low-contrast
2,9.0,3.0,5.0,moderate,0.037037037037037035,0.1,0.37037037037037035,48,20,0.4166666666666667,False,low-contrast
3,9.0,3.0,5.0,moderate,0.037037037037037035,0.1,0.37037037037037035,48,20,0.4166666666666667,False,low-contrast
4,9.0,3.0,5.0,moderate,0.037037037037037035,0.1,0.37037037037037035,48,27,0.5625,False,low-contrast
5,9.0,3.0,5.0,moderate,0.037037037037037035,0.1,0.37037037037037035,48,16,0.3333333333333333,False,low-contrast
6,9.0,3.0,5.0,moderate,0.037037037037037035,0.1,0.37037037037037035,48,15,0.3125,False,low-contrast
7,9.0,3.0,5.0,moderate,0.037037037037037035,0.1,0.37037037037037035,48,24,0.5,False,low-contrast
8,9.0,3.0,5.0,moderate,0.037037037037037035,0.1,0.37037037037037035,48,17,0.3541666666666667,False,low-contrast
9,9.0,3.0,5.0,moderate,0.037037037037037035,0.1,0.37037037037037035,48,19,0.3958333333333333,False,low-contrast
10,9.0,3.0,5.0,moderate,0.037037037037037035,0.1,0.37037037037037035,48,24,0.5,False,low-contrast
1,9.0,3.0,5.0,high,0.037037037037037035,0.2,0.18518518518518517,48,16,0.3333333333333333,False,low-contrast
2,9.0,3.0,5.0,high,0.037037037037037035,0.2,0.18518518518518517,48,26,0.5416666666666666,False,low-contrast
3,9.0,3.0,5.0,high,0.037037037037037035,0.2,0.18518518518518517,48,19,0.3958333333333333,False,low-contrast
4,9.0,3.0,5.0,high,0.037037037037037035,0.2,0.18518518518518517,48,17,0.3541666666666667,False,low-contrast
5,9.0,3.0,5.0,high,0.037037037037037035,0.2,0.18518518518518517,48,21,0.4375,False,low-contrast
6,9.0,3.0,5.0,high,0.037037037037037035,0.2,0.18518518518518517,48,20,0.4166666666666667,False,low-contrast
7,9.0,3.0,5.0,high,0.037037037037037035,0.2,0.18518518518518517,48,26,0.5416666666666666,False,low-contrast
8,9.0,3.0,5.0,high,0.037037037037037035,0.2,0.18518518518518517,48,23,0.4791666666666667,False,low-contrast
9,9.0,3.0,5.0,high,0.037037037037037035,0.2,0.18518518518518517,48,27,0.5625,False,low-contrast
10,9.0,3.0,5.0,high,0.037037037037037035,0.2,0.18518518518518517,48,18,0.375,False,low-contrast
1,9.0,3.0,10.0,quiet,0.037037037037037035,0.05656854249492381,0.654728501098655,48,23,0.4791666666666667,False,low-contrast
2,9.0,3.0,10.0,quiet,0.037037037037037035,0.05656854249492381,0.654728501098655,48,18,0.375,False,low-contrast
3,9.0,3.0,10.0,quiet,0.037037037037037035,0.05656854249492381,0.654728501098655,48,17,0.3541666666666667,False,low-contrast
4,9.0,3.0,10.0,quiet,0.037037037037037035,0.05656854249492381,0.654728501098655,48,17,0.3541666666666667,False,low-contrast
5,9.0,3.0,10.0,quiet,0.037037037037037035,0.05656854249492381,0.654728501098655,48,20,0.4166666666666667,False,low-contrast
6,9.0,3.0,10.0,quiet,0.037037037037037035,0.05656854249492381,0.654728501098655,48,19,0.3958333333333333,False,low-contrast
7,9.0,3.0,10.0,quiet,0.037037037037037035,0.05656854249492381,0.654728501098655,48,20,0.4166666666666667,False,low-contrast
8,9.0,3.0,10.0,quiet,0.037037037037037035,0.05656854249492381,0.654728501098655,48,11,0.22916666666666666,False,low-contrast
9,9.0,3.0,10.0,quiet,0.037037037037037035,0.05656854249492381,0.654728501098655,48,17,0.3541666666666667,False,low-contrast
10,9.0,3.0,10.0,quiet,0.037037037037037035,0.05656854249492381,0.654728501098655,48,10,0.20833333333333334,False,low-contrast
1,9.0,3.0,10.0,moderate,0.037037037037037035,0.14142135623730953,0.26189140043946196,48,23,0.4791666666666667,False,low-contrast
2,9.0,3.0,10.0,moderate,0.037037037037037035,0.14142135623730953,0.26189140043946196,48,21,0.4375,False,low-contrast
3,9.0,3.0,10.0,moderate,0.037037037037037035,0.14142135623730953,0.26189140043946196,48,19,0.3958333333333333,False,low-contrast
4,9.0,3.0,10.0,moderate,0.037037037037037035,0.14142135623730953,0.26189140043946196,48,20,0.4166666666666667,False,low-contrast
5,9.0,3.0,10.0,moderate,0.037037037037037035,0.14142135623730953,0.26189140043946196,48,17,0.3541666666666667,False,low-contrast
6,9.0,3.0,10.0,moderate,0.037037037037037035,0.14142135623730953,0.26189140043946196,48,19,0.3958333333333333,False,low-contrast
7,9.0,3.0,10.0,moderate,0.037037037037037035,0.14142135623730953,0.26189140043946196,48,24,0.5,False,low-contrast
8,9.0,3.0,10.0,moderate,0.037037037037037035,0.14142135623730953,0.26189140043946196,48,26,0.5416666666666666,False,low-contrast
9,9.0,3.0,10.0,moderate,0.037037037037037035,0.14142135623730953,0.26189140043946196,48,21,0.4375,False,low-contrast
10,9.0,3.0,10.0,moderate,0.037037037037037035,0.14142135623730953,0.26189140043946196,48,21,0.4375,False,low-contrast
1,9.0,3.0,10.0,high,0.037037037037037035,0.28284271247461906,0.13094570021973098,48,21,0.4375,False,low-contrast
2,9.0,3.0,10.0,high,0.037037037037037035,0.28284271247461906,0.13094570021973098,48,24,0.5,False,low-contrast
3,9.0,3.0,10.0,high,0.037037037037037035,0.28284271247461906,0.13094570021973098,48,23,0.4791666666666667,False,low-contrast
4,9.0,3.0,10.0,high,0.037037037037037035,0.28284271247461906,0.13094570021973098,48,20,0.4166666666666667,False,low-contrast
5,9.0,3.0,10.0,high,0.037037037037037035,0.28284271247461906,0.13094570021973098,48,26,0.5416666666666666,False,low-contrast
6,9.0,3.0,10.0,high,0.037037037037037035,0.28284271247461906,0.13094570021973098,48,15,0.3125,False,low-contrast
7,9.0,3.0,10.0,high,0.037037037037037035,0.28284271247461906,0.13094570021973098,48,20,0.4166666666666667,False,low-contrast
8,9.0,3.0,10.0,high,0.037037037037037035,0.28284271247461906,0.13094570021973098,48,21,0.4375,False,low-contrast
9,9.0,3.0,10.0,high,0.037037037037037035,0.28284271247461906,0.13094570021973098,48,20,0.4166666666666667,False,low-contrast
10,9.0,3.0,10.0,high,0.037037037037037035,0.28284271247461906,0.13094570021973098,48,26,0.5416666666666666,False,low-contrast
1,9.0,5.0,1.0,quiet,0.06172839506172839,0.01788854381999832,3.450722187499675,48,2,0.041666666666666664,False,higher-contrast
2,9.0,5.0,1.0,quiet,0.06172839506172839,0.01788854381999832,3.450722187499675,48,4,0.08333333333333333,False,higher-contrast
3,9.0,5.0,1.0,quiet,0.06172839506172839,0.01788854381999832,3.450722187499675,48,1,0.020833333333333332,False,higher-contrast
4,9.0,5.0,1.0,quiet,0.06172839506172839,0.01788854381999832,3.450722187499675,48,1,0.020833333333333332,False,higher-contrast
5,9.0,5.0,1.0,quiet,0.06172839506172839,0.01788854381999832,3.450722187499675,48,2,0.041666666666666664,False,higher-contrast
6,9.0,5.0,1.0,quiet,0.06172839506172839,0.01788854381999832,3.450722187499675,48,0,0.0,True,higher-contrast
7,9.0,5.0,1.0,quiet,0.06172839506172839,0.01788854381999832,3.450722187499675,48,4,0.08333333333333333,False,higher-contrast
8,9.0,5.0,1.0,quiet,0.06172839506172839,0.01788854381999832,3.450722187499675,48,3,0.0625,False,higher-contrast
9,9.0,5.0,1.0,quiet,0.06172839506172839,0.01788854381999832,3.450722187499675,48,2,0.041666666666666664,False,higher-contrast
10,9.0,5.0,1.0,quiet,0.06172839506172839,0.01788854381999832,3.450722187499675,48,1,0.020833333333333332,False,higher-contrast
1,9.0,5.0,1.0,moderate,0.06172839506172839,0.044721359549995794,1.38028887499987,48,9,0.1875,False,higher-contrast
2,9.0,5.0,1.0,moderate,0.06172839506172839,0.044721359549995794,1.38028887499987,48,6,0.125,False,higher-contrast
3,9.0,5.0,1.0,moderate,0.06172839506172839,0.044721359549995794,1.38028887499987,48,7,0.14583333333333334,False,higher-contrast
4,9.0,5.0,1.0,moderate,0.06172839506172839,0.044721359549995794,1.38028887499987,48,12,0.25,False,higher-contrast
5,9.0,5.0,1.0,moderate,0.06172839506172839,0.044721359549995794,1.38028887499987,48,18,0.375,False,higher-contrast
6,9.0,5.0,1.0,moderate,0.06172839506172839,0.044721359549995794,1.38028887499987,48,15,0.3125,False,higher-contrast
7,9.0,5.0,1.0,moderate,0.06172839506172839,0.044721359549995794,1.38028887499987,48,16,0.3333333333333333,False,higher-contrast
8,9.0,5.0,1.0,moderate,0.06172839506172839,0.044721359549995794,1.38028887499987,48,12,0.25,False,higher-contrast
9,9.0,5.0,1.0,moderate,0.06172839506172839,0.044721359549995794,1.38028887499987,48,10,0.20833333333333334,False,higher-contrast
10,9.0,5.0,1.0,moderate,0.06172839506172839,0.044721359549995794,1.38028887499987,48,17,0.3541666666666667,False,higher-contrast
1,9.0,5.0,1.0,high,0.06172839506172839,0.08944271909999159,0.690144437499935,48,17,0.3541666666666667,False,higher-contrast
2,9.0,5.0,1.0,high,0.06172839506172839,0.08944271909999159,0.690144437499935,48,15,0.3125,False,higher-contrast
3,9.0,5.0,1.0,high,0.06172839506172839,0.08944271909999159,0.690144437499935,48,22,0.4583333333333333,False,higher-contrast
4,9.0,5.0,1.0,high,0.06172839506172839,0.08944271909999159,0.690144437499935,48,16,0.3333333333333333,False,higher-contrast
5,9.0,5.0,1.0,high,0.06172839506172839,0.08944271909999159,0.690144437499935,48,18,0.375,False,higher-contrast
6,9.0,5.0,1.0,high,0.06172839506172839,0.08944271909999159,0.690144437499935,48,15,0.3125,False,higher-contrast
7,9.0,5.0,1.0,high,0.06172839506172839,0.08944271909999159,0.690144437499935,48,18,0.375,False,higher-contrast
8,9.0,5.0,1.0,high,0.06172839506172839,0.08944271909999159,0.690144437499935,48,14,0.2916666666666667,False,higher-contrast
9,9.0,5.0,1.0,high,0.06172839506172839,0.08944271909999159,0.690144437499935,48,14,0.2916666666666667,False,higher-contrast
10,9.0,5.0,1.0,high,0.06172839506172839,0.08944271909999159,0.690144437499935,48,20,0.4166666666666667,False,higher-contrast
1,9.0,5.0,5.0,quiet,0.06172839506172839,0.04,1.5432098765432098,48,18,0.375,False,higher-contrast
2,9.0,5.0,5.0,quiet,0.06172839506172839,0.04,1.5432098765432098,48,5,0.10416666666666667,False,higher-contrast
3,9.0,5.0,5.0,quiet,0.06172839506172839,0.04,1.5432098765432098,48,4,0.08333333333333333,False,higher-contrast
4,9.0,5.0,5.0,quiet,0.06172839506172839,0.04,1.5432098765432098,48,6,0.125,False,higher-contrast
5,9.0,5.0,5.0,quiet,0.06172839506172839,0.04,1.5432098765432098,48,7,0.14583333333333334,False,higher-contrast
6,9.0,5.0,5.0,quiet,0.06172839506172839,0.04,1.5432098765432098,48,10,0.20833333333333334,False,higher-contrast
7,9.0,5.0,5.0,quiet,0.06172839506172839,0.04,1.5432098765432098,48,13,0.2708333333333333,False,higher-contrast
8,9.0,5.0,5.0,quiet,0.06172839506172839,0.04,1.5432098765432098,48,9,0.1875,False,higher-contrast
9,9.0,5.0,5.0,quiet,0.06172839506172839,0.04,1.5432098765432098,48,10,0.20833333333333334,False,higher-contrast
10,9.0,5.0,5.0,quiet,0.06172839506172839,0.04,1.5432098765432098,48,11,0.22916666666666666,False,higher-contrast
1,9.0,5.0,5.0,moderate,0.06172839506172839,0.1,0.6172839506172839,48,19,0.3958333333333333,False,higher-contrast
2,9.0,5.0,5.0,moderate,0.06172839506172839,0.1,0.6172839506172839,48,17,0.3541666666666667,False,higher-contrast
3,9.0,5.0,5.0,moderate,0.06172839506172839,0.1,0.6172839506172839,48,21,0.4375,False,higher-contrast
4,9.0,5.0,5.0,moderate,0.06172839506172839,0.1,0.6172839506172839,48,15,0.3125,False,higher-contrast
5,9.0,5.0,5.0,moderate,0.06172839506172839,0.1,0.6172839506172839,48,17,0.3541666666666667,False,higher-contrast
6,9.0,5.0,5.0,moderate,0.06172839506172839,0.1,0.6172839506172839,48,15,0.3125,False,higher-contrast
7,9.0,5.0,5.0,moderate,0.06172839506172839,0.1,0.6172839506172839,48,20,0.4166666666666667,False,higher-contrast
8,9.0,5.0,5.0,moderate,0.06172839506172839,0.1,0.6172839506172839,48,23,0.4791666666666667,False,higher-contrast
9,9.0,5.0,5.0,moderate,0.06172839506172839,0.1,0.6172839506172839,48,21,0.4375,False,higher-contrast
10,9.0,5.0,5.0,moderate,0.06172839506172839,0.1,0.6172839506172839,48,17,0.3541666666666667,False,higher-contrast
1,9.0,5.0,5.0,high,0.06172839506172839,0.2,0.30864197530864196,48,25,0.5208333333333334,False,higher-contrast
2,9.0,5.0,5.0,high,0.06172839506172839,0.2,0.30864197530864196,48,21,0.4375,False,higher-contrast
3,9.0,5.0,5.0,high,0.06172839506172839,0.2,0.30864197530864196,48,27,0.5625,False,higher-contrast
4,9.0,5.0,5.0,high,0.06172839506172839,0.2,0.30864197530864196,48,19,0.3958333333333333,False,higher-contrast
5,9.0,5.0,5.0,high,0.06172839506172839,0.2,0.30864197530864196,48,23,0.4791666666666667,False,higher-contrast
6,9.0,5.0,5.0,high,0.06172839506172839,0.2,0.30864197530864196,48,22,0.4583333333333333,False,higher-contrast
7,9.0,5.0,5.0,high,0.06172839506172839,0.2,0.30864197530864196,48,25,0.5208333333333334,False,higher-contrast
8,9.0,5.0,5.0,high,0.06172839506172839,0.2,0.30864197530864196,48,23,0.4791666666666667,False,higher-contrast
9,9.0,5.0,5.0,high,0.06172839506172839,0.2,0.30864197530864196,48,22,0.4583333333333333,False,higher-contrast
10,9.0,5.0,5.0,high,0.06172839506172839,0.2,0.30864197530864196,48,21,0.4375,False,higher-contrast
1,9.0,5.0,10.0,quiet,0.06172839506172839,0.05656854249492381,1.0912141684977583,48,12,0.25,False,higher-contrast
2,9.0,5.0,10.0,quiet,0.06172839506172839,0.05656854249492381,1.0912141684977583,48,10,0.20833333333333334,False,higher-contrast
3,9.0,5.0,10.0,quiet,0.06172839506172839,0.05656854249492381,1.0912141684977583,48,18,0.375,False,higher-contrast
4,9.0,5.0,10.0,quiet,0.06172839506172839,0.05656854249492381,1.0912141684977583,48,8,0.16666666666666666,False,higher-contrast
5,9.0,5.0,10.0,quiet,0.06172839506172839,0.05656854249492381,1.0912141684977583,48,12,0.25,False,higher-contrast
6,9.0,5.0,10.0,quiet,0.06172839506172839,0.05656854249492381,1.0912141684977583,48,11,0.22916666666666666,False,higher-contrast
7,9.0,5.0,10.0,quiet,0.06172839506172839,0.05656854249492381,1.0912141684977583,48,12,0.25,False,higher-contrast
8,9.0,5.0,10.0,quiet,0.06172839506172839,0.05656854249492381,1.0912141684977583,48,13,0.2708333333333333,False,higher-contrast
9,9.0,5.0,10.0,quiet,0.06172839506172839,0.05656854249492381,1.0912141684977583,48,10,0.20833333333333334,False,higher-contrast
10,9.0,5.0,10.0,quiet,0.06172839506172839,0.05656854249492381,1.0912141684977583,48,10,0.20833333333333334,False,higher-contrast
1,9.0,5.0,10.0,moderate,0.06172839506172839,0.14142135623730953,0.4364856673991033,48,19,0.3958333333333333,False,higher-contrast
2,9.0,5.0,10.0,moderate,0.06172839506172839,0.14142135623730953,0.4364856673991033,48,19,0.3958333333333333,False,higher-contrast
3,9.0,5.0,10.0,moderate,0.06172839506172839,0.14142135623730953,0.4364856673991033,48,20,0.4166666666666667,False,higher-contrast
4,9.0,5.0,10.0,moderate,0.06172839506172839,0.14142135623730953,0.4364856673991033,48,17,0.3541666666666667,False,higher-contrast
5,9.0,5.0,10.0,moderate,0.06172839506172839,0.14142135623730953,0.4364856673991033,48,20,0.4166666666666667,False,higher-contrast
6,9.0,5.0,10.0,moderate,0.06172839506172839,0.14142135623730953,0.4364856673991033,48,21,0.4375,False,higher-contrast
7,9.0,5.0,10.0,moderate,0.06172839506172839,0.14142135623730953,0.4364856673991033,48,14,0.2916666666666667,False,higher-contrast
8,9.0,5.0,10.0,moderate,0.06172839506172839,0.14142135623730953,0.4364856673991033,48,20,0.4166666666666667,False,higher-contrast
9,9.0,5.0,10.0,moderate,0.06172839506172839,0.14142135623730953,0.4364856673991033,48,23,0.4791666666666667,False,higher-contrast
10,9.0,5.0,10.0,moderate,0.06172839506172839,0.14142135623730953,0.4364856673991033,48,19,0.3958333333333333,False,higher-contrast
1,9.0,5.0,10.0,high,0.06172839506172839,0.28284271247461906,0.21824283369955166,48,23,0.4791666666666667,False,higher-contrast
2,9.0,5.0,10.0,high,0.06172839506172839,0.28284271247461906,0.21824283369955166,48,19,0.3958333333333333,False,higher-contrast
3,9.0,5.0,10.0,high,0.06172839506172839,0.28284271247461906,0.21824283369955166,48,22,0.4583333333333333,False,higher-contrast
4,9.0,5.0,10.0,high,0.06172839506172839,0.28284271247461906,0.21824283369955166,48,21,0.4375,False,higher-contrast
5,9.0,5.0,10.0,high,0.06172839506172839,0.28284271247461906,0.21824283369955166,48,21,0.4375,False,higher-contrast
6,9.0,5.0,10.0,high,0.06172839506172839,0.28284271247461906,0.21824283369955166,48,19,0.3958333333333333,False,higher-contrast
7,9.0,5.0,10.0,high,0.06172839506172839,0.28284271247461906,0.21824283369955166,48,28,0.5833333333333334,False,higher-contrast
8,9.0,5.0,10.0,high,0.06172839506172839,0.28284271247461906,0.21824283369955166,48,25,0.5208333333333334,False,higher-contrast
9,9.0,5.0,10.0,high,0.06172839506172839,0.28284271247461906,0.21824283369955166,48,20,0.4166666666666667,False,higher-contrast
10,9.0,5.0,10.0,high,0.06172839506172839,0.28284271247461906,0.21824283369955166,48,16,0.3333333333333333,False,higher-contrast
