data_classification,respondent_id,synthetic_profile,account,category,reuse_group
SYNTHETIC SURVEY DATA - NO HUMAN PASSWORDS OR RESPONSES,S0001,low_reuse,personal_email,email,G01
SYNTHETIC SURVEY DATA - NO HUMAN PASSWORDS OR RESPONSES,S0001,low_reuse,secondary_email,email,G01
SYNTHETIC SURVEY DATA - NO HUMAN PASSWORDS OR RESPONSES,S0001,low_reuse,school_or_work_email,work_school,G02
SYNTHETIC SURVEY DATA - NO HUMAN PASSWORDS OR RESPONSES,S0001,low_reuse,banking,finance,G03
SYNTHETIC SURVEY DATA - NO HUMAN PASSWORDS OR RESPONSES,S0001,low_reuse,payment_service,finance,G04
SYNTHETIC SURVEY DATA - NO HUMAN PASSWORDS OR RESPONSES,S0001,low_reuse,shopping_primary,shopping,G05
SYNTHETIC SURVEY DATA - NO HUMAN PASSWORDS OR RESPONSES,S0001,low_reuse,social_primary,social,G06
SYNTHETIC SURVEY DATA - NO HUMAN PASSWORDS OR RESPONSES,S0001,low_reuse,social_secondary,social,G07
SYNTHETIC SURVEY DATA - NO HUMAN PASSWORDS OR RESPONSES,S0001,low_reuse,messaging,social,G08
SYNTHETIC SURVEY DATA - NO HUMAN PASSWORDS OR RESPONSES,S0001,low_reuse,gaming,entertainment,G09
SYNTHETIC SURVEY DATA - NO HUMAN PASSWORDS OR RESPONSES,S0001,low_reuse,music_streaming,entertainment,G10
SYNTHETIC SURVEY DATA - NO HUMAN PASSWORDS OR RESPONSES,S0001,low_reuse,video_streaming,entertainment,G04
SYNTHETIC SURVEY DATA - NO HUMAN PASSWORDS OR RESPONSES,S0001,low_reuse,computer_login,device,G11
SYNTHETIC SURVEY DATA - NO HUMAN PASSWORDS OR RESPONSES,S0001,low_reuse,phone_or_tablet,device,G12
SYNTHETIC SURVEY DATA - NO HUMAN PASSWORDS OR RESPONSES,S0002,moderate_reuse,personal_email,email,G01
SYNTHETIC SURVEY DATA - NO HUMAN PASSWORDS OR RESPONSES,S0002,moderate_reuse,secondary_email,email,G01
SYNTHETIC SURVEY DATA - NO HUMAN PASSWORDS OR RESPONSES,S0002,moderate_reuse,school_or_work_portal,work_school,G02
SYNTHETIC SURVEY DATA - NO HUMAN PASSWORDS OR RESPONSES,S0002,moderate_reuse,banking,finance,G03
SYNTHETIC SURVEY DATA - NO HUMAN PASSWORDS OR RESPONSES,S0002,moderate_reuse,payment_service,finance,G03
SYNTHETIC SURVEY DATA - NO HUMAN PASSWORDS OR RESPONSES,S0002,moderate_reuse,shopping_primary,shopping,G04
SYNTHETIC SURVEY DATA - NO HUMAN PASSWORDS OR RESPONSES,S0002,moderate_reuse,shopping_secondary,shopping,G04
SYNTHETIC SURVEY DATA - NO HUMAN PASSWORDS OR RESPONSES,S0002,moderate_reuse,social_primary,social,G02
SYNTHETIC SURVEY DATA - NO HUMAN PASSWORDS OR RESPONSES,S0002,moderate_reuse,social_secondary,social,G02
SYNTHETIC SURVEY DATA - NO HUMAN PASSWORDS OR RESPONSES,S0002,moderate_reuse,messaging,social,G05
SYNTHETIC SURVEY DATA - NO HUMAN PASSWORDS OR RESPONSES,S0002,moderate_reuse,gaming,entertainment,G06
SYNTHETIC SURVEY DATA - NO HUMAN PASSWORDS OR RESPONSES,S0002,moderate_reuse,video_streaming,entertainment,G07
SYNTHETIC SURVEY DATA - NO HUMAN PASSWORDS OR RESPONSES,S0002,moderate_reuse,computer_login,device,G04
SYNTHETIC SURVEY DATA - NO HUMAN PASSWORDS OR RESPONSES,S0002,moderate_reuse,phone_or_tablet,device,G08
SYNTHETIC SURVEY DATA - NO HUMAN PASSWORDS OR RESPONSES,S0003,moderate_reuse,personal_email,email,G01
SYNTHETIC SURVEY DATA - NO HUMAN PASSWORDS OR RESPONSES,S0003,moderate_reuse,secondary_email,email,G01
SYNTHETIC SURVEY DATA - NO HUMAN PASSWORDS OR RESPONSES,S0003,moderate_reuse,school_or_work_email,work_school,G02
SYNTHETIC SURVEY DATA - NO HUMAN PASSWORDS OR RESPONSES,S0003,moderate_reuse,school_or_work_portal,work_school,G01
SYNTHETIC SURVEY DATA - NO HUMAN PASSWORDS OR RESPONSES,S0003,moderate_reuse,cloud_productivity,work_school,G01
SYNTHETIC SURVEY DATA - NO HUMAN PASSWORDS OR RESPONSES,S0003,moderate_reuse,payment_service,finance,G03
SYNTHETIC SURVEY DATA - NO HUMAN PASSWORDS OR RESPONSES,S0003,moderate_reuse,shopping_primary,shopping,G02
SYNTHETIC SURVEY DATA - NO HUMAN PASSWORDS OR RESPONSES,S0003,moderate_reuse,shopping_secondary,shopping,G02
SYNTHETIC SURVEY DATA - NO HUMAN PASSWORDS OR RESPONSES,S0003,moderate_reuse,social_primary,social,G01
SYNTHETIC SURVEY DATA - NO HUMAN PASSWORDS OR RESPONSES,S0003,moderate_reuse,social_secondary,social,G02
SYNTHETIC SURVEY DATA - NO HUMAN PASSWORDS OR RESPONSES,S0003,moderate_reuse,messaging,social,G03
SYNTHETIC SURVEY DATA - NO HUMAN PASSWORDS OR RESPONSES,S0003,moderate_reuse,gaming,entertainment,G01
SYNTHETIC SURVEY DATA - NO HUMAN PASSWORDS OR RESPONSES,S0003,moderate_reuse,music_streaming,entertainment,G04
SYNTHETIC SURVEY DATA - NO HUMAN PASSWORDS OR RESPONSES,S0003,moderate_reuse,video_streaming,entertainment,G04
SYNTHETIC SURVEY DATA - NO HUMAN PASSWORDS OR RESPONSES,S0003,moderate_reuse,computer_login,device,G05
SYNTHETIC SURVEY DATA - NO HUMAN PASSWORDS OR RESPONSES,S0003,moderate_reuse,phone_or_tablet,device,G05
SYNTHETIC SURVEY DATA - NO HUMAN PASSWORDS OR RESPONSES,S0004,low_reuse,personal_email,email,G01
SYNTHETIC SURVEY DATA - NO HUMAN PASSWORDS OR RESPONSES,S0004,low_reuse,secondary_email,email,G02
SYNTHETIC SURVEY DATA - NO HUMAN PASSWORDS OR RESPONSES,S0004,low_reuse,school_or_work_email,work_school,G03
SYNTHETIC SURVEY DATA - NO HUMAN PASSWORDS OR RESPONSES,S0004,low_reuse,school_or_work_portal,work_school,G04
SYNTHETIC SURVEY DATA - NO HUMAN PASSWORDS OR RESPONSES,S0004,low_reuse,cloud_productivity,work_school,G05
SYNTHETIC SURVEY DATA - NO HUMAN PASSWORDS OR RESPONSES,S0004,low_reuse,banking,finance,G06
SYNTHETIC SURVEY DATA - NO HUMAN PASSWORDS OR RESPONSES,S0004,low_reuse,payment_service,finance,G07
SYNTHETIC SURVEY DATA - NO HUMAN PASSWORDS OR RESPONSES,S0004,low_reuse,shopping_primary,shopping,G08
SYNTHETIC SURVEY DATA - NO HUMAN PASSWORDS OR RESPONSES,S0004,low_reuse,social_primary,social,G06
SYNTHETIC SURVEY DATA - NO HUMAN PASSWORDS OR RESPONSES,S0004,low_reuse,social_secondary,social,G08
SYNTHETIC SURVEY DATA - NO HUMAN PASSWORDS OR RESPONSES,S0004,low_reuse,messaging,social,G08
SYNTHETIC SURVEY DATA - NO HUMAN PASSWORDS OR RESPONSES,S0004,low_reuse,gaming,entertainment,G08
SYNTHETIC SURVEY DATA - NO HUMAN PASSWORDS OR RESPONSES,S0004,low_reuse,music_streaming,entertainment,G09
SYNTHETIC SURVEY DATA - NO HUMAN PASSWORDS OR RESPONSES,S0004,low_reuse,video_streaming,entertainment,G08
SYNTHETIC SURVEY DATA - NO HUMAN PASSWORDS OR RESPONSES,S0004,low_reuse,phone_or_tablet,device,G10
SYNTHETIC SURVEY DATA - NO HUMAN PASSWORDS OR RESPONSES,S0005,low_reuse,personal_email,email,G01
SYNTHETIC SURVEY DATA - NO HUMAN PASSWORDS OR RESPONSES,S0005,low_reuse,secondary_email,email,G01
SYNTHETIC SURVEY DATA - NO HUMAN PASSWORDS OR RESPONSES,S0005,low_reuse,school_or_work_email,work_school,G02
SYNTHETIC SURVEY DATA - NO HUMAN PASSWORDS OR RESPONSES,S0005,low_reuse,school_or_work_portal,work_school,G03
SYNTHETIC SURVEY DATA - NO HUMAN PASSWORDS OR RESPONSES,S0005,low_reuse,cloud_productivity,work_school,G04
SYNTHETIC SURVEY DATA - NO HUMAN PASSWORDS OR RESPONSES,S0005,low_reuse,banking,finance,G05
SYNTHETIC SURVEY DATA - NO HUMAN PASSWORDS OR RESPONSES,S0005,low_reuse,payment_service,finance,G06
SYNTHETIC SURVEY DATA - NO HUMAN PASSWORDS OR RESPONSES,S0005,low_reuse,shopping_primary,shopping,G01
SYNTHETIC SURVEY DATA - NO HUMAN PASSWORDS OR RESPONSES,S0005,low_reuse,social_secondary,social,G02
SYNTHETIC SURVEY DATA - NO HUMAN PASSWORDS OR RESPONSES,S0005,low_reuse,messaging,social,G01
SYNTHETIC SURVEY DATA - NO HUMAN PASSWORDS OR RESPONSES,S0005,low_reuse,gaming,entertainment,G07
SYNTHETIC SURVEY DATA - NO HUMAN PASSWORDS OR RESPONSES,S0005,low_reuse,music_streaming,entertainment,G08
SYNTHETIC SURVEY DATA - NO HUMAN PASSWORDS OR RESPONSES,S0005,low_reuse,video_streaming,entertainment,G09
SYNTHETIC SURVEY DATA - NO HUMAN PASSWORDS OR RESPONSES,S0005,low_reuse,computer_login,device,G10
SYNTHETIC SURVEY DATA - NO HUMAN PASSWORDS OR RESPONSES,S0006,low_reuse,personal_email,email,G01
SYNTHETIC SURVEY DATA - NO HUMAN PASSWORDS OR RESPONSES,S0006,low_reuse,secondary_email,email,G02
SYNTHETIC SURVEY DATA - NO HUMAN PASSWORDS OR RESPONSES,S0006,low_reuse,school_or_work_email,work_school,G02
SYNTHETIC SURVEY DATA - NO HUMAN PASSWORDS OR RESPONSES,S0006,low_reuse,banking,finance,G01
SYNTHETIC SURVEY DATA - NO HUMAN PASSWORDS OR RESPONSES,S0006,low_reuse,payment_service,finance,G03
SYNTHETIC SURVEY DATA - NO HUMAN PASSWORDS OR RESPONSES,S0006,low_reuse,shopping_primary,shopping,G04
SYNTHETIC SURVEY DATA - NO HUMAN PASSWORDS OR RESPONSES,S0006,low_reuse,shopping_secondary,shopping,G05
SYNTHETIC SURVEY DATA - NO HUMAN PASSWORDS OR RESPONSES,S0006,low_reuse,messaging,social,G06
SYNTHETIC SURVEY DATA - NO HUMAN PASSWORDS OR RESPONSES,S0006,low_reuse,gaming,entertainment,G07
SYNTHETIC SURVEY DATA - NO HUMAN PASSWORDS OR RESPONSES,S0006,low_reuse,video_streaming,entertainment,G08
SYNTHETIC SURVEY DATA - NO HUMAN PASSWORDS OR RESPONSES,S0006,low_reuse,phone_or_tablet,device,G07
SYNTHETIC SURVEY DATA - NO HUMAN PASSWORDS OR RESPONSES,S0007,low_reuse,personal_email,email,G01
SYNTHETIC SURVEY DATA - NO HUMAN PASSWORDS OR RESPONSES,S0007,low_reuse,school_or_work_email,work_school,G02
SYNTHETIC SURVEY DATA - NO HUMAN PASSWORDS OR RESPONSES,S0007,low_reuse,cloud_productivity,work_school,G03
SYNTHETIC SURVEY DATA - NO HUMAN PASSWORDS OR RESPONSES,S0007,low_reuse,banking,finance,G04
SYNTHETIC SURVEY DATA - NO HUMAN PASSWORDS OR RESPONSES,S0007,low_reuse,payment_service,finance,G05
SYNTHETIC SURVEY DATA - NO HUMAN PASSWORDS OR RESPONSES,S0007,low_reuse,shopping_primary,shopping,G06
SYNTHETIC SURVEY DATA - NO HUMAN PASSWORDS OR RESPONSES,S0007,low_reuse,shopping_secondary,shopping,G06
SYNTHETIC SURVEY DATA - NO HUMAN PASSWORDS OR RESPONSES,S0007,low_reuse,social_primary,social,G07
SYNTHETIC SURVEY DATA - NO HUMAN PASSWORDS OR RESPONSES,S0007,low_reuse,social_secondary,social,G08
SYNTHETIC SURVEY DATA - NO HUMAN PASSWORDS OR RESPONSES,S0007,low_reuse,messaging,social,G08
SYNTHETIC SURVEY DATA - NO HUMAN PASSWORDS OR RESPONSES,S0007,low_reuse,gaming,entertainment,G09
SYNTHETIC SURVEY DATA - NO HUMAN PASSWORDS OR RESPONSES,S0007,low_reuse,music_streaming,entertainment,G10
SYNTHETIC SURVEY DATA - NO HUMAN PASSWORDS OR RESPONSES,S0007,low_reuse,video_streaming,entertainment,G11
SYNTHETIC SURVEY DATA - NO HUMAN PASSWORDS OR RESPONSES,S0007,low_reuse,computer_login,device,G12
SYNTHETIC SURVEY DATA - NO HUMAN PASSWORDS OR RESPONSES,S0007,low_reuse,phone_or_tablet,device,G13
SYNTHETIC SURVEY DATA - NO HUMAN PASSWORDS OR RESPONSES,S0008,high_reuse,personal_email,email,G01
SYNTHETIC SURVEY DATA - NO HUMAN PASSWORDS OR RESPONSES,S0008,high_reuse,secondary_email,email,G01
SYNTHETIC SURVEY DATA - NO HUMAN PASSWORDS OR RESPONSES,S0008,high_reuse,school_or_work_email,work_school,G01
SYNTHETIC SURVEY DATA - NO HUMAN PASSWORDS OR RESPONSES,S0008,high_reuse,school_or_work_portal,work_school,G02
SYNTHETIC SURVEY DATA - NO HUMAN PASSWORDS OR RESPONSES,S0008,high_reuse,banking,finance,G01
SYNTHETIC SURVEY DATA - NO HUMAN PASSWORDS OR RESPONSES,S0008,high_reuse,payment_service,finance,G01
SYNTHETIC SURVEY DATA - NO HUMAN PASSWORDS OR RESPONSES,S0008,high_reuse,shopping_primary,shopping,G01
SYNTHETIC SURVEY DATA - NO HUMAN PASSWORDS OR RESPONSES,S0008,high_reuse,shopping_secondary,shopping,G02
SYNTHETIC SURVEY DATA - NO HUMAN PASSWORDS OR RESPONSES,S0008,high_reuse,social_primary,social,G01
SYNTHETIC SURVEY DATA - NO HUMAN PASSWORDS OR RESPONSES,S0008,high_reuse,social_secondary,social,G01
SYNTHETIC SURVEY DATA - NO HUMAN PASSWORDS OR RESPONSES,S0008,high_reuse,messaging,social,G01
SYNTHETIC SURVEY DATA - NO HUMAN PASSWORDS OR RESPONSES,S0008,high_reuse,gaming,entertainment,G03
SYNTHETIC SURVEY DATA - NO HUMAN PASSWORDS OR RESPONSES,S0008,high_reuse,music_streaming,entertainment,G03
SYNTHETIC SURVEY DATA - NO HUMAN PASSWORDS OR RESPONSES,S0008,high_reuse,video_streaming,entertainment,G01
SYNTHETIC SURVEY DATA - NO HUMAN PASSWORDS OR RESPONSES,S0008,high_reuse,computer_login,device,G04
SYNTHETIC SURVEY DATA - NO HUMAN PASSWORDS OR RESPONSES,S0008,high_reuse,phone_or_tablet,device,G05
SYNTHETIC SURVEY DATA - NO HUMAN PASSWORDS OR RESPONSES,S0009,low_reuse,personal_email,email,G01
SYNTHETIC SURVEY DATA - NO HUMAN PASSWORDS OR RESPONSES,S0009,low_reuse,school_or_work_email,work_school,G02
SYNTHETIC SURVEY DATA - NO HUMAN PASSWORDS OR RESPONSES,S0009,low_reuse,school_or_work_portal,work_school,G03
SYNTHETIC SURVEY DATA - NO HUMAN PASSWORDS OR RESPONSES,S0009,low_reuse,cloud_productivity,work_school,G04
SYNTHETIC SURVEY DATA - NO HUMAN PASSWORDS OR RESPONSES,S0009,low_reuse,banking,finance,G05
SYNTHETIC SURVEY DATA - NO HUMAN PASSWORDS OR RESPONSES,S0009,low_reuse,payment_service,finance,G06
SYNTHETIC SURVEY DATA - NO HUMAN PASSWORDS OR RESPONSES,S0009,low_reuse,shopping_primary,shopping,G07
SYNTHETIC SURVEY DATA - NO HUMAN PASSWORDS OR RESPONSES,S0009,low_reuse,messaging,social,G08
SYNTHETIC SURVEY DATA - NO HUMAN PASSWORDS OR RESPONSES,S0009,low_reuse,computer_login,device,G09
SYNTHETIC SURVEY DATA - NO HUMAN PASSWORDS OR RESPONSES,S0009,low_reuse,phone_or_tablet,device,G10
SYNTHETIC SURVEY DATA - NO HUMAN PASSWORDS OR RESPONSES,S0010,low_reuse,personal_email,email,G01
SYNTHETIC SURVEY DATA - NO HUMAN PASSWORDS OR RESPONSES,S0010,low_reuse,secondary_email,email,G02
SYNTHETIC SURVEY DATA - NO HUMAN PASSWORDS OR RESPONSES,S0010,low_reuse,school_or_work_email,work_school,G03
SYNTHETIC SURVEY DATA - NO HUMAN PASSWORDS OR RESPONSES,S0010,low_reuse,school_or_work_portal,work_school,G04
SYNTHETIC SURVEY DATA - NO HUMAN PASSWORDS OR RESPONSES,S0010,low_reuse,cloud_productivity,work_school,G05
SYNTHETIC SURVEY DATA - NO HUMAN PASSWORDS OR RESPONSES,S0010,low_reuse,payment_service,finance,G01
SYNTHETIC SURVEY DATA - NO HUMAN PASSWORDS OR RESPONSES,S0010,low_reuse,shopping_primary,shopping,G06
SYNTHETIC SURVEY DATA - NO HUMAN PASSWORDS OR RESPONSES,S0010,low_reuse,shopping_secondary,shopping,G07
SYNTHETIC SURVEY DATA - NO HUMAN PASSWORDS OR RESPONSES,S0010,low_reuse,social_primary,social,G08
SYNTHETIC SURVEY DATA - NO HUMAN PASSWORDS OR RESPONSES,S0010,low_reuse,social_secondary,social,G09
SYNTHETIC SURVEY DATA - NO HUMAN PASSWORDS OR RESPONSES,S0010,low_reuse,messaging,social,G10
SYNTHETIC SURVEY DATA - NO HUMAN PASSWORDS OR RESPONSES,S0010,low_reuse,gaming,entertainment,G11
SYNTHETIC SURVEY DATA - NO HUMAN PASSWORDS OR RESPONSES,S0010,low_reuse,video_streaming,entertainment,G12
SYNTHETIC SURVEY DATA - NO HUMAN PASSWORDS OR RESPONSES,S0010,low_reuse,phone_or_tablet,device,G13
SYNTHETIC SURVEY DATA - NO HUMAN PASSWORDS OR RESPONSES,S0011,low_reuse,personal_email,email,G01
SYNTHETIC SURVEY DATA - NO HUMAN PASSWORDS OR RESPONSES,S0011,low_reuse,secondary_email,email,G02
SYNTHETIC SURVEY DATA - NO HUMAN PASSWORDS OR RESPONSES,S0011,low_reuse,school_or_work_portal,work_school,G03
SYNTHETIC SURVEY DATA - NO HUMAN PASSWORDS OR RESPONSES,S0011,low_reuse,cloud_productivity,work_school,G04
SYNTHETIC SURVEY DATA - NO HUMAN PASSWORDS OR RESPONSES,S0011,low_reuse,payment_service,finance,G02
SYNTHETIC SURVEY DATA - NO HUMAN PASSWORDS OR RESPONSES,S0011,low_reuse,shopping_primary,shopping,G05
SYNTHETIC SURVEY DATA - NO HUMAN PASSWORDS OR RESPONSES,S0011,low_reuse,shopping_secondary,shopping,G06
SYNTHETIC SURVEY DATA - NO HUMAN PASSWORDS OR RESPONSES,S0011,low_reuse,social_primary,social,G07
SYNTHETIC SURVEY DATA - NO HUMAN PASSWORDS OR RESPONSES,S0011,low_reuse,social_secondary,social,G08
SYNTHETIC SURVEY DATA - NO HUMAN PASSWORDS OR RESPONSES,S0011,low_reuse,messaging,social,G09
SYNTHETIC SURVEY DATA - NO HUMAN PASSWORDS OR RESPONSES,S0011,low_reuse,gaming,entertainment,G10
SYNTHETIC SURVEY DATA - NO HUMAN PASSWORDS OR RESPONSES,S0011,low_reuse,music_streaming,entertainment,G11
SYNTHETIC SURVEY DATA - NO HUMAN PASSWORDS OR RESPONSES,S0011,low_reuse,video_streaming,entertainment,G11
SYNTHETIC SURVEY DATA - NO HUMAN PASSWORDS OR RESPONSES,S0011,low_reuse,computer_login,device,G12
SYNTHETIC SURVEY DATA - NO HUMAN PASSWORDS OR RESPONSES,S0011,low_reuse,phone_or_tablet,device,G13
SYNTHETIC SURVEY DATA - NO HUMAN PASSWORDS OR RESPONSES,S0012,moderate_reuse,personal_email,email,G01
SYNTHETIC SURVEY DATA - NO HUMAN PASSWORDS OR RESPONSES,S0012,moderate_reuse,school_or_work_email,work_school,G02
SYNTHETIC SURVEY DATA - NO HUMAN PASSWORDS OR RESPONSES,S0012,moderate_reuse,payment_service,finance,G01
SYNTHETIC SURVEY DATA - NO HUMAN PASSWORDS OR RESPONSES,S0012,moderate_reuse,shopping_primary,shopping,G03
SYNTHETIC SURVEY DATA - NO HUMAN PASSWORDS OR RESPONSES,S0012,moderate_reuse,shopping_secondary,shopping,G04
SYNTHETIC SURVEY DATA - NO HUMAN PASSWORDS OR RESPONSES,S0012,moderate_reuse,social_primary,social,G02
SYNTHETIC SURVEY DATA - NO HUMAN PASSWORDS OR RESPONSES,S0012,moderate_reuse,social_secondary,social,G05
SYNTHETIC SURVEY DATA - NO HUMAN PASSWORDS OR RESPONSES,S0012,moderate_reuse,music_streaming,entertainment,G05
SYNTHETIC SURVEY DATA - NO HUMAN PASSWORDS OR RESPONSES,S0012,moderate_reuse,video_streaming,entertainment,G06
SYNTHETIC SURVEY DATA - NO HUMAN PASSWORDS OR RESPONSES,S0012,moderate_reuse,computer_login,device,G05
SYNTHETIC SURVEY DATA - NO HUMAN PASSWORDS OR RESPONSES,S0012,moderate_reuse,phone_or_tablet,device,G07
SYNTHETIC SURVEY DATA - NO HUMAN PASSWORDS OR RESPONSES,S0013,high_reuse,personal_email,email,G01
SYNTHETIC SURVEY DATA - NO HUMAN PASSWORDS OR RESPONSES,S0013,high_reuse,secondary_email,email,G02
SYNTHETIC SURVEY DATA - NO HUMAN PASSWORDS OR RESPONSES,S0013,high_reuse,school_or_work_portal,work_school,G01
SYNTHETIC SURVEY DATA - NO HUMAN PASSWORDS OR RESPONSES,S0013,high_reuse,payment_service,finance,G01
SYNTHETIC SURVEY DATA - NO HUMAN PASSWORDS OR RESPONSES,S0013,high_reuse,shopping_primary,shopping,G03
SYNTHETIC SURVEY DATA - NO HUMAN PASSWORDS OR RESPONSES,S0013,high_reuse,shopping_secondary,shopping,G03
SYNTHETIC SURVEY DATA - NO HUMAN PASSWORDS OR RESPONSES,S0013,high_reuse,social_primary,social,G01
SYNTHETIC SURVEY DATA - NO HUMAN PASSWORDS OR RESPONSES,S0013,high_reuse,social_secondary,social,G01
SYNTHETIC SURVEY DATA - NO HUMAN PASSWORDS OR RESPONSES,S0013,high_reuse,messaging,social,G03
SYNTHETIC SURVEY DATA - NO HUMAN PASSWORDS OR RESPONSES,S0013,high_reuse,gaming,entertainment,G04
SYNTHETIC SURVEY DATA - NO HUMAN PASSWORDS OR RESPONSES,S0013,high_reuse,music_streaming,entertainment,G04
SYNTHETIC SURVEY DATA - NO HUMAN PASSWORDS OR RESPONSES,S0013,high_reuse,video_streaming,entertainment,G05
SYNTHETIC SURVEY DATA - NO HUMAN PASSWORDS OR RESPONSES,S0013,high_reuse,computer_login,device,G01
SYNTHETIC SURVEY DATA - NO HUMAN PASSWORDS OR RESPONSES,S0013,high_reuse,phone_or_tablet,device,G01
SYNTHETIC SURVEY DATA - NO HUMAN PASSWORDS OR RESPONSES,S0014,moderate_reuse,personal_email,email,G01
SYNTHETIC SURVEY DATA - NO HUMAN PASSWORDS OR RESPONSES,S0014,moderate_reuse,secondary_email,email,G01
SYNTHETIC SURVEY DATA - NO HUMAN PASSWORDS OR RESPONSES,S0014,moderate_reuse,school_or_work_email,work_school,G01
SYNTHETIC SURVEY DATA - NO HUMAN PASSWORDS OR RESPONSES,S0014,moderate_reuse,school_or_work_portal,work_school,G01
SYNTHETIC SURVEY DATA - NO HUMAN PASSWORDS OR RESPONSES,S0014,moderate_reuse,banking,finance,G02
SYNTHETIC SURVEY DATA - NO HUMAN PASSWORDS OR RESPONSES,S0014,moderate_reuse,payment_service,finance,G03
SYNTHETIC SURVEY DATA - NO HUMAN PASSWORDS OR RESPONSES,S0014,moderate_reuse,shopping_primary,shopping,G01
SYNTHETIC SURVEY DATA - NO HUMAN PASSWORDS OR RESPONSES,S0014,moderate_reuse,social_primary,social,G04
SYNTHETIC SURVEY DATA - NO HUMAN PASSWORDS OR RESPONSES,S0014,moderate_reuse,social_secondary,social,G05
SYNTHETIC SURVEY DATA - NO HUMAN PASSWORDS OR RESPONSES,S0014,moderate_reuse,messaging,social,G06
SYNTHETIC SURVEY DATA - NO HUMAN PASSWORDS OR RESPONSES,S0014,moderate_reuse,music_streaming,entertainment,G01
SYNTHETIC SURVEY DATA - NO HUMAN PASSWORDS OR RESPONSES,S0014,moderate_reuse,video_streaming,entertainment,G07
SYNTHETIC SURVEY DATA - NO HUMAN PASSWORDS OR RESPONSES,S0014,moderate_reuse,phone_or_tablet,device,G08
SYNTHETIC SURVEY DATA - NO HUMAN PASSWORDS OR RESPONSES,S0015,high_reuse,personal_email,email,G01
SYNTHETIC SURVEY DATA - NO HUMAN PASSWORDS OR RESPONSES,S0015,high_reuse,secondary_email,email,G01
SYNTHETIC SURVEY DATA - NO HUMAN PASSWORDS OR RESPONSES,S0015,high_reuse,school_or_work_email,work_school,G01
SYNTHETIC SURVEY DATA - NO HUMAN PASSWORDS OR RESPONSES,S0015,high_reuse,school_or_work_portal,work_school,G01
SYNTHETIC SURVEY DATA - NO HUMAN PASSWORDS OR RESPONSES,S0015,high_reuse,cloud_productivity,work_school,G01
SYNTHETIC SURVEY DATA - NO HUMAN PASSWORDS OR RESPONSES,S0015,high_reuse,banking,finance,G02
SYNTHETIC SURVEY DATA - NO HUMAN PASSWORDS OR RESPONSES,S0015,high_reuse,shopping_primary,shopping,G03
SYNTHETIC SURVEY DATA - NO HUMAN PASSWORDS OR RESPONSES,S0015,high_reuse,social_primary,social,G03
SYNTHETIC SURVEY DATA - NO HUMAN PASSWORDS OR RESPONSES,S0015,high_reuse,social_secondary,social,G03
SYNTHETIC SURVEY DATA - NO HUMAN PASSWORDS OR RESPONSES,S0015,high_reuse,messaging,social,G01
SYNTHETIC SURVEY DATA - NO HUMAN PASSWORDS OR RESPONSES,S0015,high_reuse,gaming,entertainment,G01
SYNTHETIC SURVEY DATA - NO HUMAN PASSWORDS OR RESPONSES,S0015,high_reuse,music_streaming,entertainment,G01
SYNTHETIC SURVEY DATA - NO HUMAN PASSWORDS OR RESPONSES,S0015,high_reuse,video_streaming,entertainment,G01
SYNTHETIC SURVEY DATA - NO HUMAN PASSWORDS OR RESPONSES,S0015,high_reuse,computer_login,device,G04
SYNTHETIC SURVEY DATA - NO HUMAN PASSWORDS OR RESPONSES,S0015,high_reuse,phone_or_tablet,device,G04
SYNTHETIC SURVEY DATA - NO HUMAN PASSWORDS OR RESPONSES,S0016,moderate_reuse,personal_email,email,G01
SYNTHETIC SURVEY DATA - NO HUMAN PASSWORDS OR RESPONSES,S0016,moderate_reuse,secondary_email,email,G01
SYNTHETIC SURVEY DATA - NO HUMAN PASSWORDS OR RESPONSES,S0016,moderate_reuse,school_or_work_email,work_school,G02
SYNTHETIC SURVEY DATA - NO HUMAN PASSWORDS OR RESPONSES,S0016,moderate_reuse,school_or_work_portal,work_school,G02
SYNTHETIC SURVEY DATA - NO HUMAN PASSWORDS OR RESPONSES,S0016,moderate_reuse,cloud_productivity,work_school,G03
SYNTHETIC SURVEY DATA - NO HUMAN PASSWORDS OR RESPONSES,S0016,moderate_reuse,banking,finance,G04
SYNTHETIC SURVEY DATA - NO HUMAN PASSWORDS OR RESPONSES,S0016,moderate_reuse,payment_service,finance,G04
SYNTHETIC SURVEY DATA - NO HUMAN PASSWORDS OR RESPONSES,S0016,moderate_reuse,shopping_primary,shopping,G04
SYNTHETIC SURVEY DATA - NO HUMAN PASSWORDS OR RESPONSES,S0016,moderate_reuse,social_primary,social,G02
SYNTHETIC SURVEY DATA - NO HUMAN PASSWORDS OR RESPONSES,S0016,moderate_reuse,social_secondary,social,G02
SYNTHETIC SURVEY DATA - NO HUMAN PASSWORDS OR RESPONSES,S0016,moderate_reuse,messaging,social,G05
SYNTHETIC SURVEY DATA - NO HUMAN PASSWORDS OR RESPONSES,S0016,moderate_reuse,gaming,entertainment,G06
SYNTHETIC SURVEY DATA - NO HUMAN PASSWORDS OR RESPONSES,S0016,moderate_reuse,music_streaming,entertainment,G01
SYNTHETIC SURVEY DATA - NO HUMAN PASSWORDS OR RESPONSES,S0016,moderate_reuse,computer_login,device,G04
SYNTHETIC SURVEY DATA - NO HUMAN PASSWORDS OR RESPONSES,S0016,moderate_reuse,phone_or_tablet,device,G04
SYNTHETIC SURVEY DATA - NO HUMAN PASSWORDS OR RESPONSES,S0017,low_reuse,personal_email,email,G01
SYNTHETIC SURVEY DATA - NO HUMAN PASSWORDS OR RESPONSES,S0017,low_reuse,secondary_email,email,G02
SYNTHETIC SURVEY DATA - NO HUMAN PASSWORDS OR RESPONSES,S0017,low_reuse,school_or_work_portal,work_school,G03
SYNTHETIC SURVEY DATA - NO HUMAN PASSWORDS OR RESPONSES,S0017,low_reuse,shopping_primary,shopping,G04
SYNTHETIC SURVEY DATA - NO HUMAN PASSWORDS OR RESPONSES,S0017,low_reuse,social_primary,social,G05
SYNTHETIC SURVEY DATA - NO HUMAN PASSWORDS OR RESPONSES,S0017,low_reuse,social_secondary,social,G06
SYNTHETIC SURVEY DATA - NO HUMAN PASSWORDS OR RESPONSES,S0017,low_reuse,music_streaming,entertainment,G07
SYNTHETIC SURVEY DATA - NO HUMAN PASSWORDS OR RESPONSES,S0017,low_reuse,video_streaming,entertainment,G08
SYNTHETIC SURVEY DATA - NO HUMAN PASSWORDS OR RESPONSES,S0017,low_reuse,computer_login,device,G09
SYNTHETIC SURVEY DATA - NO HUMAN PASSWORDS OR RESPONSES,S0017,low_reuse,phone_or_tablet,device,G10
SYNTHETIC SURVEY DATA - NO HUMAN PASSWORDS OR RESPONSES,S0018,moderate_reuse,personal_email,email,G01
SYNTHETIC SURVEY DATA - NO HUMAN PASSWORDS OR RESPONSES,S0018,moderate_reuse,school_or_work_portal,work_school,G01
SYNTHETIC SURVEY DATA - NO HUMAN PASSWORDS OR RESPONSES,S0018,moderate_reuse,cloud_productivity,work_school,G02
SYNTHETIC SURVEY DATA - NO HUMAN PASSWORDS OR RESPONSES,S0018,moderate_reuse,banking,finance,G03
SYNTHETIC SURVEY DATA - NO HUMAN PASSWORDS OR RESPONSES,S0018,moderate_reuse,payment_service,finance,G04
SYNTHETIC SURVEY DATA - NO HUMAN PASSWORDS OR RESPONSES,S0018,moderate_reuse,shopping_primary,shopping,G05
SYNTHETIC SURVEY DATA - NO HUMAN PASSWORDS OR RESPONSES,S0018,moderate_reuse,social_primary,social,G06
SYNTHETIC SURVEY DATA - NO HUMAN PASSWORDS OR RESPONSES,S0018,moderate_reuse,social_secondary,social,G07
SYNTHETIC SURVEY DATA - NO HUMAN PASSWORDS OR RESPONSES,S0018,moderate_reuse,gaming,entertainment,G01
SYNTHETIC SURVEY DATA - NO HUMAN PASSWORDS OR RESPONSES,S0018,moderate_reuse,music_streaming,entertainment,G08
SYNTHETIC SURVEY DATA - NO HUMAN PASSWORDS OR RESPONSES,S0018,moderate_reuse,computer_login,device,G03
SYNTHETIC SURVEY DATA - NO HUMAN PASSWORDS OR RESPONSES,S0018,moderate_reuse,phone_or_tablet,device,G03
SYNTHETIC SURVEY DATA - NO HUMAN PASSWORDS OR RESPONSES,S0019,high_reuse,personal_email,email,G01
SYNTHETIC SURVEY DATA - NO HUMAN PASSWORDS OR RESPONSES,S0019,high_reuse,secondary_email,email,G01
SYNTHETIC SURVEY DATA - NO HUMAN PASSWORDS OR RESPONSES,S0019,high_reuse,school_or_work_email,work_school,G02
SYNTHETIC SURVEY DATA - NO HUMAN PASSWORDS OR RESPONSES,S0019,high_reuse,school_or_work_portal,work_school,G02
SYNTHETIC SURVEY DATA - NO HUMAN PASSWORDS OR RESPONSES,S0019,high_reuse,cloud_productivity,work_school,G02
SYNTHETIC SURVEY DATA - NO HUMAN PASSWORDS OR RESPONSES,S0019,high_reuse,banking,finance,G02
SYNTHETIC SURVEY DATA - NO HUMAN PASSWORDS OR RESPONSES,S0019,high_reuse,payment_service,finance,G01
SYNTHETIC SURVEY DATA - NO HUMAN PASSWORDS OR RESPONSES,S0019,high_reuse,shopping_primary,shopping,G03
SYNTHETIC SURVEY DATA - NO HUMAN PASSWORDS OR RESPONSES,S0019,high_reuse,social_primary,social,G01
SYNTHETIC SURVEY DATA - NO HUMAN PASSWORDS OR RESPONSES,S0019,high_reuse,social_secondary,social,G01
SYNTHETIC SURVEY DATA - NO HUMAN PASSWORDS OR RESPONSES,S0019,high_reuse,messaging,social,G04
SYNTHETIC SURVEY DATA - NO HUMAN PASSWORDS OR RESPONSES,S0019,high_reuse,music_streaming,entertainment,G05
SYNTHETIC SURVEY DATA - NO HUMAN PASSWORDS OR RESPONSES,S0019,high_reuse,video_streaming,entertainment,G06
SYNTHETIC SURVEY DATA - NO HUMAN PASSWORDS OR RESPONSES,S0019,high_reuse,phone_or_tablet,device,G07
SYNTHETIC SURVEY DATA - NO HUMAN PASSWORDS OR RESPONSES,S0020,moderate_reuse,personal_email,email,G01
SYNTHETIC SURVEY DATA - NO HUMAN PASSWORDS OR RESPONSES,S0020,moderate_reuse,secondary_email,email,G01
SYNTHETIC SURVEY DATA - NO HUMAN PASSWORDS OR RESPONSES,S0020,moderate_reuse,school_or_work_email,work_school,G01
SYNTHETIC SURVEY DATA - NO HUMAN PASSWORDS OR RESPONSES,S0020,moderate_reuse,school_or_work_portal,work_school,G02
SYNTHETIC SURVEY DATA - NO HUMAN PASSWORDS OR RESPONSES,S0020,moderate_reuse,cloud_productivity,work_school,G01
SYNTHETIC SURVEY DATA - NO HUMAN PASSWORDS OR RESPONSES,S0020,moderate_reuse,banking,finance,G01
SYNTHETIC SURVEY DATA - NO HUMAN PASSWORDS OR RESPONSES,S0020,moderate_reuse,shopping_primary,shopping,G03
SYNTHETIC SURVEY DATA - NO HUMAN PASSWORDS OR RESPONSES,S0020,moderate_reuse,shopping_secondary,shopping,G04
SYNTHETIC SURVEY DATA - NO HUMAN PASSWORDS OR RESPONSES,S0020,moderate_reuse,social_primary,social,G05
SYNTHETIC SURVEY DATA - NO HUMAN PASSWORDS OR RESPONSES,S0020,moderate_reuse,messaging,social,G06
SYNTHETIC SURVEY DATA - NO HUMAN PASSWORDS OR RESPONSES,S0020,moderate_reuse,gaming,entertainment,G01
SYNTHETIC SURVEY DATA - NO HUMAN PASSWORDS OR RESPONSES,S0020,moderate_reuse,music_streaming,entertainment,G07
SYNTHETIC SURVEY DATA - NO HUMAN PASSWORDS OR RESPONSES,S0020,moderate_reuse,video_streaming,entertainment,G08
SYNTHETIC SURVEY DATA - NO HUMAN PASSWORDS OR RESPONSES,S0020,moderate_reuse,phone_or_tablet,device,G09
SYNTHETIC SURVEY DATA - NO HUMAN PASSWORDS OR RESPONSES,S0021,low_reuse,personal_email,email,G01
SYNTHETIC SURVEY DATA - NO HUMAN PASSWORDS OR RESPONSES,S0021,low_reuse,secondary_email,email,G02
SYNTHETIC SURVEY DATA - NO HUMAN PASSWORDS OR RESPONSES,S0021,low_reuse,school_or_work_email,work_school,G03
SYNTHETIC SURVEY DATA - NO HUMAN PASSWORDS OR RESPONSES,S0021,low_reuse,school_or_work_portal,work_school,G04
SYNTHETIC SURVEY DATA - NO HUMAN PASSWORDS OR RESPONSES,S0021,low_reuse,cloud_productivity,work_school,G05
SYNTHETIC SURVEY DATA - NO HUMAN PASSWORDS OR RESPONSES,S0021,low_reuse,banking,finance,G06
SYNTHETIC SURVEY DATA - NO HUMAN PASSWORDS OR RESPONSES,S0021,low_reuse,payment_service,finance,G07
SYNTHETIC SURVEY DATA - NO HUMAN PASSWORDS OR RESPONSES,S0021,low_reuse,shopping_primary,shopping,G08
SYNTHETIC SURVEY DATA - NO HUMAN PASSWORDS OR RESPONSES,S0021,low_reuse,social_primary,social,G08
SYNTHETIC SURVEY DATA - NO HUMAN PASSWORDS OR RESPONSES,S0021,low_reuse,social_secondary,social,G09
SYNTHETIC SURVEY DATA - NO HUMAN PASSWORDS OR RESPONSES,S0021,low_reuse,messaging,social,G10
SYNTHETIC SURVEY DATA - NO HUMAN PASSWORDS OR RESPONSES,S0021,low_reuse,gaming,entertainment,G07
SYNTHETIC SURVEY DATA - NO HUMAN PASSWORDS OR RESPONSES,S0021,low_reuse,music_streaming,entertainment,G11
SYNTHETIC SURVEY DATA - NO HUMAN PASSWORDS OR RESPONSES,S0021,low_reuse,video_streaming,entertainment,G04
SYNTHETIC SURVEY DATA - NO HUMAN PASSWORDS OR RESPONSES,S0021,low_reuse,computer_login,device,G12
SYNTHETIC SURVEY DATA - NO HUMAN PASSWORDS OR RESPONSES,S0021,low_reuse,phone_or_tablet,device,G13
SYNTHETIC SURVEY DATA - NO HUMAN PASSWORDS OR RESPONSES,S0022,moderate_reuse,personal_email,email,G01
SYNTHETIC SURVEY DATA - NO HUMAN PASSWORDS OR RESPONSES,S0022,moderate_reuse,secondary_email,email,G01
SYNTHETIC SURVEY DATA - NO HUMAN PASSWORDS OR RESPONSES,S0022,moderate_reuse,school_or_work_email,work_school,G02
SYNTHETIC SURVEY DATA - NO HUMAN PASSWORDS OR RESPONSES,S0022,moderate_reuse,school_or_work_portal,work_school,G03
SYNTHETIC SURVEY DATA - NO HUMAN PASSWORDS OR RESPONSES,S0022,moderate_reuse,cloud_productivity,work_school,G03
SYNTHETIC SURVEY DATA - NO HUMAN PASSWORDS OR RESPONSES,S0022,moderate_reuse,banking,finance,G04
SYNTHETIC SURVEY DATA - NO HUMAN PASSWORDS OR RESPONSES,S0022,moderate_reuse,payment_service,finance,G05
SYNTHETIC SURVEY DATA - NO HUMAN PASSWORDS OR RESPONSES,S0022,moderate_reuse,shopping_primary,shopping,G06
SYNTHETIC SURVEY DATA - NO HUMAN PASSWORDS OR RESPONSES,S0022,moderate_reuse,social_primary,social,G07
SYNTHETIC SURVEY DATA - NO HUMAN PASSWORDS OR RESPONSES,S0022,moderate_reuse,messaging,social,G08
SYNTHETIC SURVEY DATA - NO HUMAN PASSWORDS OR RESPONSES,S0022,moderate_reuse,music_streaming,entertainment,G06
SYNTHETIC SURVEY DATA - NO HUMAN PASSWORDS OR RESPONSES,S0022,moderate_reuse,video_streaming,entertainment,G09
SYNTHETIC SURVEY DATA - NO HUMAN PASSWORDS OR RESPONSES,S0022,moderate_reuse,computer_login,device,G01
SYNTHETIC SURVEY DATA - NO HUMAN PASSWORDS OR RESPONSES,S0022,moderate_reuse,phone_or_tablet,device,G10
SYNTHETIC SURVEY DATA - NO HUMAN PASSWORDS OR RESPONSES,S0023,low_reuse,personal_email,email,G01
SYNTHETIC SURVEY DATA - NO HUMAN PASSWORDS OR RESPONSES,S0023,low_reuse,school_or_work_email,work_school,G02
SYNTHETIC SURVEY DATA - NO HUMAN PASSWORDS OR RESPONSES,S0023,low_reuse,school_or_work_portal,work_school,G02
SYNTHETIC SURVEY DATA - NO HUMAN PASSWORDS OR RESPONSES,S0023,low_reuse,cloud_productivity,work_school,G03
SYNTHETIC SURVEY DATA - NO HUMAN PASSWORDS OR RESPONSES,S0023,low_reuse,banking,finance,G04
SYNTHETIC SURVEY DATA - NO HUMAN PASSWORDS OR RESPONSES,S0023,low_reuse,payment_service,finance,G05
SYNTHETIC SURVEY DATA - NO HUMAN PASSWORDS OR RESPONSES,S0023,low_reuse,shopping_primary,shopping,G06
SYNTHETIC SURVEY DATA - NO HUMAN PASSWORDS OR RESPONSES,S0023,low_reuse,shopping_secondary,shopping,G05
SYNTHETIC SURVEY DATA - NO HUMAN PASSWORDS OR RESPONSES,S0023,low_reuse,social_primary,social,G01
SYNTHETIC SURVEY DATA - NO HUMAN PASSWORDS OR RESPONSES,S0023,low_reuse,messaging,social,G07
SYNTHETIC SURVEY DATA - NO HUMAN PASSWORDS OR RESPONSES,S0023,low_reuse,computer_login,device,G08
SYNTHETIC SURVEY DATA - NO HUMAN PASSWORDS OR RESPONSES,S0023,low_reuse,phone_or_tablet,device,G09
SYNTHETIC SURVEY DATA - NO HUMAN PASSWORDS OR RESPONSES,S0024,moderate_reuse,personal_email,email,G01
SYNTHETIC SURVEY DATA - NO HUMAN PASSWORDS OR RESPONSES,S0024,moderate_reuse,secondary_email,email,G01
SYNTHETIC SURVEY DATA - NO HUMAN PASSWORDS OR RESPONSES,S0024,moderate_reuse,school_or_work_email,work_school,G02
SYNTHETIC SURVEY DATA - NO HUMAN PASSWORDS OR RESPONSES,S0024,moderate_reuse,school_or_work_portal,work_school,G03
SYNTHETIC SURVEY DATA - NO HUMAN PASSWORDS OR RESPONSES,S0024,moderate_reuse,cloud_productivity,work_school,G03
SYNTHETIC SURVEY DATA - NO HUMAN PASSWORDS OR RESPONSES,S0024,moderate_reuse,banking,finance,G02
SYNTHETIC SURVEY DATA - NO HUMAN PASSWORDS OR RESPONSES,S0024,moderate_reuse,shopping_primary,shopping,G01
SYNTHETIC SURVEY DATA - NO HUMAN PASSWORDS OR RESPONSES,S0024,moderate_reuse,shopping_secondary,shopping,G01
SYNTHETIC SURVEY DATA - NO HUMAN PASSWORDS OR RESPONSES,S0024,moderate_reuse,social_primary,social,G04
SYNTHETIC SURVEY DATA - NO HUMAN PASSWORDS OR RESPONSES,S0024,moderate_reuse,social_secondary,social,G04
SYNTHETIC SURVEY DATA - NO HUMAN PASSWORDS OR RESPONSES,S0024,moderate_reuse,messaging,social,G05
SYNTHETIC SURVEY DATA - NO HUMAN PASSWORDS OR RESPONSES,S0024,moderate_reuse,gaming,entertainment,G06
SYNTHETIC SURVEY DATA - NO HUMAN PASSWORDS OR RESPONSES,S0024,moderate_reuse,music_streaming,entertainment,G06
SYNTHETIC SURVEY DATA - NO HUMAN PASSWORDS OR RESPONSES,S0024,moderate_reuse,computer_login,device,G02
SYNTHETIC SURVEY DATA - NO HUMAN PASSWORDS OR RESPONSES,S0024,moderate_reuse,phone_or_tablet,device,G07
SYNTHETIC SURVEY DATA - NO HUMAN PASSWORDS OR RESPONSES,S0025,low_reuse,personal_email,email,G01
SYNTHETIC SURVEY DATA - NO HUMAN PASSWORDS OR RESPONSES,S0025,low_reuse,secondary_email,email,G02
SYNTHETIC SURVEY DATA - NO HUMAN PASSWORDS OR RESPONSES,S0025,low_reuse,school_or_work_email,work_school,G03
SYNTHETIC SURVEY DATA - NO HUMAN PASSWORDS OR RESPONSES,S0025,low_reuse,school_or_work_portal,work_school,G04
SYNTHETIC SURVEY DATA - NO HUMAN PASSWORDS OR RESPONSES,S0025,low_reuse,cloud_productivity,work_school,G05
SYNTHETIC SURVEY DATA - NO HUMAN PASSWORDS OR RESPONSES,S0025,low_reuse,banking,finance,G06
SYNTHETIC SURVEY DATA - NO HUMAN PASSWORDS OR RESPONSES,S0025,low_reuse,shopping_primary,shopping,G05
SYNTHETIC SURVEY DATA - NO HUMAN PASSWORDS OR RESPONSES,S0025,low_reuse,social_primary,social,G07
SYNTHETIC SURVEY DATA - NO HUMAN PASSWORDS OR RESPONSES,S0025,low_reuse,social_secondary,social,G08
SYNTHETIC SURVEY DATA - NO HUMAN PASSWORDS OR RESPONSES,S0025,low_reuse,messaging,social,G09
SYNTHETIC SURVEY DATA - NO HUMAN PASSWORDS OR RESPONSES,S0025,low_reuse,video_streaming,entertainment,G10
SYNTHETIC SURVEY DATA - NO HUMAN PASSWORDS OR RESPONSES,S0025,low_reuse,computer_login,device,G11
SYNTHETIC SURVEY DATA - NO HUMAN PASSWORDS OR RESPONSES,S0025,low_reuse,phone_or_tablet,device,G12
SYNTHETIC SURVEY DATA - NO HUMAN PASSWORDS OR RESPONSES,S0026,moderate_reuse,personal_email,email,G01
SYNTHETIC SURVEY DATA - NO HUMAN PASSWORDS OR RESPONSES,S0026,moderate_reuse,secondary_email,email,G02
SYNTHETIC SURVEY DATA - NO HUMAN PASSWORDS OR RESPONSES,S0026,moderate_reuse,school_or_work_email,work_school,G02
SYNTHETIC SURVEY DATA - NO HUMAN PASSWORDS OR RESPONSES,S0026,moderate_reuse,school_or_work_portal,work_school,G03
SYNTHETIC SURVEY DATA - NO HUMAN PASSWORDS OR RESPONSES,S0026,moderate_reuse,cloud_productivity,work_school,G04
SYNTHETIC SURVEY DATA - NO HUMAN PASSWORDS OR RESPONSES,S0026,moderate_reuse,banking,finance,G05
SYNTHETIC SURVEY DATA - NO HUMAN PASSWORDS OR RESPONSES,S0026,moderate_reuse,shopping_primary,shopping,G05
SYNTHETIC SURVEY DATA - NO HUMAN PASSWORDS OR RESPONSES,S0026,moderate_reuse,shopping_secondary,shopping,G06
SYNTHETIC SURVEY DATA - NO HUMAN PASSWORDS OR RESPONSES,S0026,moderate_reuse,social_primary,social,G07
SYNTHETIC SURVEY DATA - NO HUMAN PASSWORDS OR RESPONSES,S0026,moderate_reuse,social_secondary,social,G07
SYNTHETIC SURVEY DATA - NO HUMAN PASSWORDS OR RESPONSES,S0026,moderate_reuse,messaging,social,G08
SYNTHETIC SURVEY DATA - NO HUMAN PASSWORDS OR RESPONSES,S0026,moderate_reuse,gaming,entertainment,G01
SYNTHETIC SURVEY DATA - NO HUMAN PASSWORDS OR RESPONSES,S0026,moderate_reuse,music_streaming,entertainment,G01
SYNTHETIC SURVEY DATA - NO HUMAN PASSWORDS OR RESPONSES,S0026,moderate_reuse,video_streaming,entertainment,G09
SYNTHETIC SURVEY DATA - NO HUMAN PASSWORDS OR RESPONSES,S0026,moderate_reuse,phone_or_tablet,device,G01
SYNTHETIC SURVEY DATA - NO HUMAN PASSWORDS OR RESPONSES,S0027,low_reuse,personal_email,email,G01
SYNTHETIC SURVEY DATA - NO HUMAN PASSWORDS OR RESPONSES,S0027,low_reuse,school_or_work_email,work_school,G02
SYNTHETIC SURVEY DATA - NO HUMAN PASSWORDS OR RESPONSES,S0027,low_reuse,school_or_work_portal,work_school,G03
SYNTHETIC SURVEY DATA - NO HUMAN PASSWORDS OR RESPONSES,S0027,low_reuse,banking,finance,G02
SYNTHETIC SURVEY DATA - NO HUMAN PASSWORDS OR RESPONSES,S0027,low_reuse,shopping_primary,shopping,G04
SYNTHETIC SURVEY DATA - NO HUMAN PASSWORDS OR RESPONSES,S0027,low_reuse,shopping_secondary,shopping,G05
SYNTHETIC SURVEY DATA - NO HUMAN PASSWORDS OR RESPONSES,S0027,low_reuse,social_primary,social,G06
SYNTHETIC SURVEY DATA - NO HUMAN PASSWORDS OR RESPONSES,S0027,low_reuse,messaging,social,G07
SYNTHETIC SURVEY DATA - NO HUMAN PASSWORDS OR RESPONSES,S0027,low_reuse,gaming,entertainment,G08
SYNTHETIC SURVEY DATA - NO HUMAN PASSWORDS OR RESPONSES,S0027,low_reuse,video_streaming,entertainment,G09
SYNTHETIC SURVEY DATA - NO HUMAN PASSWORDS OR RESPONSES,S0027,low_reuse,computer_login,device,G10
SYNTHETIC SURVEY DATA - NO HUMAN PASSWORDS OR RESPONSES,S0027,low_reuse,phone_or_tablet,device,G10
SYNTHETIC SURVEY DATA - NO HUMAN PASSWORDS OR RESPONSES,S0028,low_reuse,personal_email,email,G01
SYNTHETIC SURVEY DATA - NO HUMAN PASSWORDS OR RESPONSES,S0028,low_reuse,secondary_email,email,G02
SYNTHETIC SURVEY DATA - NO HUMAN PASSWORDS OR RESPONSES,S0028,low_reuse,school_or_work_email,work_school,G03
SYNTHETIC SURVEY DATA - NO HUMAN PASSWORDS OR RESPONSES,S0028,low_reuse,school_or_work_portal,work_school,G04
SYNTHETIC SURVEY DATA - NO HUMAN PASSWORDS OR RESPONSES,S0028,low_reuse,cloud_productivity,work_school,G05
SYNTHETIC SURVEY DATA - NO HUMAN PASSWORDS OR RESPONSES,S0028,low_reuse,banking,finance,G04
SYNTHETIC SURVEY DATA - NO HUMAN PASSWORDS OR RESPONSES,S0028,low_reuse,shopping_primary,shopping,G06
SYNTHETIC SURVEY DATA - NO HUMAN PASSWORDS OR RESPONSES,S0028,low_reuse,shopping_secondary,shopping,G07
SYNTHETIC SURVEY DATA - NO HUMAN PASSWORDS OR RESPONSES,S0028,low_reuse,social_primary,social,G07
SYNTHETIC SURVEY DATA - NO HUMAN PASSWORDS OR RESPONSES,S0028,low_reuse,social_secondary,social,G07
SYNTHETIC SURVEY DATA - NO HUMAN PASSWORDS OR RESPONSES,S0028,low_reuse,messaging,social,G08
SYNTHETIC SURVEY DATA - NO HUMAN PASSWORDS OR RESPONSES,S0028,low_reuse,music_streaming,entertainment,G09
SYNTHETIC SURVEY DATA - NO HUMAN PASSWORDS OR RESPONSES,S0028,low_reuse,video_streaming,entertainment,G10
SYNTHETIC SURVEY DATA - NO HUMAN PASSWORDS OR RESPONSES,S0028,low_reuse,computer_login,device,G11
SYNTHETIC SURVEY DATA - NO HUMAN PASSWORDS OR RESPONSES,S0028,low_reuse,phone_or_tablet,device,G12
SYNTHETIC SURVEY DATA - NO HUMAN PASSWORDS OR RESPONSES,S0029,high_reuse,personal_email,email,G01
SYNTHETIC SURVEY DATA - NO HUMAN PASSWORDS OR RESPONSES,S0029,high_reuse,secondary_email,email,G01
SYNTHETIC SURVEY DATA - NO HUMAN PASSWORDS OR RESPONSES,S0029,high_reuse,school_or_work_portal,work_school,G01
SYNTHETIC SURVEY DATA - NO HUMAN PASSWORDS OR RESPONSES,S0029,high_reuse,cloud_productivity,work_school,G01
SYNTHETIC SURVEY DATA - NO HUMAN PASSWORDS OR RESPONSES,S0029,high_reuse,banking,finance,G01
SYNTHETIC SURVEY DATA - NO HUMAN PASSWORDS OR RESPONSES,S0029,high_reuse,payment_service,finance,G01
SYNTHETIC SURVEY DATA - NO HUMAN PASSWORDS OR RESPONSES,S0029,high_reuse,shopping_primary,shopping,G01
SYNTHETIC SURVEY DATA - NO HUMAN PASSWORDS OR RESPONSES,S0029,high_reuse,shopping_secondary,shopping,G02
SYNTHETIC SURVEY DATA - NO HUMAN PASSWORDS OR RESPONSES,S0029,high_reuse,social_primary,social,G01
SYNTHETIC SURVEY DATA - NO HUMAN PASSWORDS OR RESPONSES,S0029,high_reuse,social_secondary,social,G03
SYNTHETIC SURVEY DATA - NO HUMAN PASSWORDS OR RESPONSES,S0029,high_reuse,messaging,social,G01
SYNTHETIC SURVEY DATA - NO HUMAN PASSWORDS OR RESPONSES,S0029,high_reuse,gaming,entertainment,G01
SYNTHETIC SURVEY DATA - NO HUMAN PASSWORDS OR RESPONSES,S0029,high_reuse,music_streaming,entertainment,G04
SYNTHETIC SURVEY DATA - NO HUMAN PASSWORDS OR RESPONSES,S0029,high_reuse,video_streaming,entertainment,G01
SYNTHETIC SURVEY DATA - NO HUMAN PASSWORDS OR RESPONSES,S0029,high_reuse,phone_or_tablet,device,G01
SYNTHETIC SURVEY DATA - NO HUMAN PASSWORDS OR RESPONSES,S0030,moderate_reuse,personal_email,email,G01
SYNTHETIC SURVEY DATA - NO HUMAN PASSWORDS OR RESPONSES,S0030,moderate_reuse,secondary_email,email,G02
SYNTHETIC SURVEY DATA - NO HUMAN PASSWORDS OR RESPONSES,S0030,moderate_reuse,school_or_work_email,work_school,G03
SYNTHETIC SURVEY DATA - NO HUMAN PASSWORDS OR RESPONSES,S0030,moderate_reuse,school_or_work_portal,work_school,G04
SYNTHETIC SURVEY DATA - NO HUMAN PASSWORDS OR RESPONSES,S0030,moderate_reuse,cloud_productivity,work_school,G03
SYNTHETIC SURVEY DATA - NO HUMAN PASSWORDS OR RESPONSES,S0030,moderate_reuse,banking,finance,G05
SYNTHETIC SURVEY DATA - NO HUMAN PASSWORDS OR RESPONSES,S0030,moderate_reuse,payment_service,finance,G06
SYNTHETIC SURVEY DATA - NO HUMAN PASSWORDS OR RESPONSES,S0030,moderate_reuse,shopping_primary,shopping,G03
SYNTHETIC SURVEY DATA - NO HUMAN PASSWORDS OR RESPONSES,S0030,moderate_reuse,shopping_secondary,shopping,G07
SYNTHETIC SURVEY DATA - NO HUMAN PASSWORDS OR RESPONSES,S0030,moderate_reuse,social_primary,social,G08
SYNTHETIC SURVEY DATA - NO HUMAN PASSWORDS OR RESPONSES,S0030,moderate_reuse,social_secondary,social,G08
SYNTHETIC SURVEY DATA - NO HUMAN PASSWORDS OR RESPONSES,S0030,moderate_reuse,messaging,social,G08
SYNTHETIC SURVEY DATA - NO HUMAN PASSWORDS OR RESPONSES,S0030,moderate_reuse,gaming,entertainment,G08
SYNTHETIC SURVEY DATA - NO HUMAN PASSWORDS OR RESPONSES,S0030,moderate_reuse,computer_login,device,G09
SYNTHETIC SURVEY DATA - NO HUMAN PASSWORDS OR RESPONSES,S0031,low_reuse,personal_email,email,G01
SYNTHETIC SURVEY DATA - NO HUMAN PASSWORDS OR RESPONSES,S0031,low_reuse,secondary_email,email,G02
SYNTHETIC SURVEY DATA - NO HUMAN PASSWORDS OR RESPONSES,S0031,low_reuse,school_or_work_email,work_school,G03
SYNTHETIC SURVEY DATA - NO HUMAN PASSWORDS OR RESPONSES,S0031,low_reuse,school_or_work_portal,work_school,G03
SYNTHETIC SURVEY DATA - NO HUMAN PASSWORDS OR RESPONSES,S0031,low_reuse,cloud_productivity,work_school,G04
SYNTHETIC SURVEY DATA - NO HUMAN PASSWORDS OR RESPONSES,S0031,low_reuse,banking,finance,G05
SYNTHETIC SURVEY DATA - NO HUMAN PASSWORDS OR RESPONSES,S0031,low_reuse,payment_service,finance,G06
SYNTHETIC SURVEY DATA - NO HUMAN PASSWORDS OR RESPONSES,S0031,low_reuse,shopping_primary,shopping,G07
SYNTHETIC SURVEY DATA - NO HUMAN PASSWORDS OR RESPONSES,S0031,low_reuse,shopping_secondary,shopping,G08
SYNTHETIC SURVEY DATA - NO HUMAN PASSWORDS OR RESPONSES,S0031,low_reuse,social_primary,social,G09
SYNTHETIC SURVEY DATA - NO HUMAN PASSWORDS OR RESPONSES,S0031,low_reuse,social_secondary,social,G09
SYNTHETIC SURVEY DATA - NO HUMAN PASSWORDS OR RESPONSES,S0031,low_reuse,messaging,social,G10
SYNTHETIC SURVEY DATA - NO HUMAN PASSWORDS OR RESPONSES,S0031,low_reuse,gaming,entertainment,G11
SYNTHETIC SURVEY DATA - NO HUMAN PASSWORDS OR RESPONSES,S0031,low_reuse,music_streaming,entertainment,G12
SYNTHETIC SURVEY DATA - NO HUMAN PASSWORDS OR RESPONSES,S0031,low_reuse,video_streaming,entertainment,G13
SYNTHETIC SURVEY DATA - NO HUMAN PASSWORDS OR RESPONSES,S0031,low_reuse,phone_or_tablet,device,G14
SYNTHETIC SURVEY DATA - NO HUMAN PASSWORDS OR RESPONSES,S0032,low_reuse,personal_email,email,G01
SYNTHETIC SURVEY DATA - NO HUMAN PASSWORDS OR RESPONSES,S0032,low_reuse,secondary_email,email,G02
SYNTHETIC SURVEY DATA - NO HUMAN PASSWORDS OR RESPONSES,S0032,low_reuse,school_or_work_email,work_school,G03
SYNTHETIC SURVEY DATA - NO HUMAN PASSWORDS OR RESPONSES,S0032,low_reuse,school_or_work_portal,work_school,G04
SYNTHETIC SURVEY DATA - NO HUMAN PASSWORDS OR RESPONSES,S0032,low_reuse,cloud_productivity,work_school,G05
SYNTHETIC SURVEY DATA - NO HUMAN PASSWORDS OR RESPONSES,S0032,low_reuse,banking,finance,G05
SYNTHETIC SURVEY DATA - NO HUMAN PASSWORDS OR RESPONSES,S0032,low_reuse,payment_service,finance,G06
SYNTHETIC SURVEY DATA - NO HUMAN PASSWORDS OR RESPONSES,S0032,low_reuse,shopping_primary,shopping,G01
SYNTHETIC SURVEY DATA - NO HUMAN PASSWORDS OR RESPONSES,S0032,low_reuse,shopping_secondary,shopping,G07
SYNTHETIC SURVEY DATA - NO HUMAN PASSWORDS OR RESPONSES,S0032,low_reuse,social_primary,social,G08
SYNTHETIC SURVEY DATA - NO HUMAN PASSWORDS OR RESPONSES,S0032,low_reuse,messaging,social,G09
SYNTHETIC SURVEY DATA - NO HUMAN PASSWORDS OR RESPONSES,S0032,low_reuse,gaming,entertainment,G10
SYNTHETIC SURVEY DATA - NO HUMAN PASSWORDS OR RESPONSES,S0032,low_reuse,music_streaming,entertainment,G10
SYNTHETIC SURVEY DATA - NO HUMAN PASSWORDS OR RESPONSES,S0032,low_reuse,video_streaming,entertainment,G11
SYNTHETIC SURVEY DATA - NO HUMAN PASSWORDS OR RESPONSES,S0032,low_reuse,computer_login,device,G04
SYNTHETIC SURVEY DATA - NO HUMAN PASSWORDS OR RESPONSES,S0033,low_reuse,personal_email,email,G01
SYNTHETIC SURVEY DATA - NO HUMAN PASSWORDS OR RESPONSES,S0033,low_reuse,secondary_email,email,G02
SYNTHETIC SURVEY DATA - NO HUMAN PASSWORDS OR RESPONSES,S0033,low_reuse,school_or_work_email,work_school,G03
SYNTHETIC SURVEY DATA - NO HUMAN PASSWORDS OR RESPONSES,S0033,low_reuse,school_or_work_portal,work_school,G04
SYNTHETIC SURVEY DATA - NO HUMAN PASSWORDS OR RESPONSES,S0033,low_reuse,shopping_primary,shopping,G05
SYNTHETIC SURVEY DATA - NO HUMAN PASSWORDS OR RESPONSES,S0033,low_reuse,shopping_secondary,shopping,G06
SYNTHETIC SURVEY DATA - NO HUMAN PASSWORDS OR RESPONSES,S0033,low_reuse,social_primary,social,G07
SYNTHETIC SURVEY DATA - NO HUMAN PASSWORDS OR RESPONSES,S0033,low_reuse,social_secondary,social,G08
SYNTHETIC SURVEY DATA - NO HUMAN PASSWORDS OR RESPONSES,S0033,low_reuse,messaging,social,G09
SYNTHETIC SURVEY DATA - NO HUMAN PASSWORDS OR RESPONSES,S0033,low_reuse,gaming,entertainment,G10
SYNTHETIC SURVEY DATA - NO HUMAN PASSWORDS OR RESPONSES,S0033,low_reuse,music_streaming,entertainment,G11
SYNTHETIC SURVEY DATA - NO HUMAN PASSWORDS OR RESPONSES,S0033,low_reuse,video_streaming,entertainment,G12
SYNTHETIC SURVEY DATA - NO HUMAN PASSWORDS OR RESPONSES,S0033,low_reuse,computer_login,device,G13
SYNTHETIC SURVEY DATA - NO HUMAN PASSWORDS OR RESPONSES,S0033,low_reuse,phone_or_tablet,device,G14
SYNTHETIC SURVEY DATA - NO HUMAN PASSWORDS OR RESPONSES,S0034,moderate_reuse,school_or_work_email,work_school,G01
SYNTHETIC SURVEY DATA - NO HUMAN PASSWORDS OR RESPONSES,S0034,moderate_reuse,school_or_work_portal,work_school,G01
SYNTHETIC SURVEY DATA - NO HUMAN PASSWORDS OR RESPONSES,S0034,moderate_reuse,cloud_productivity,work_school,G02
SYNTHETIC SURVEY DATA - NO HUMAN PASSWORDS OR RESPONSES,S0034,moderate_reuse,banking,finance,G03
SYNTHETIC SURVEY DATA - NO HUMAN PASSWORDS OR RESPONSES,S0034,moderate_reuse,payment_service,finance,G04
SYNTHETIC SURVEY DATA - NO HUMAN PASSWORDS OR RESPONSES,S0034,moderate_reuse,shopping_primary,shopping,G05
SYNTHETIC SURVEY DATA - NO HUMAN PASSWORDS OR RESPONSES,S0034,moderate_reuse,social_primary,social,G01
SYNTHETIC SURVEY DATA - NO HUMAN PASSWORDS OR RESPONSES,S0034,moderate_reuse,messaging,social,G06
SYNTHETIC SURVEY DATA - NO HUMAN PASSWORDS OR RESPONSES,S0034,moderate_reuse,computer_login,device,G01
SYNTHETIC SURVEY DATA - NO HUMAN PASSWORDS OR RESPONSES,S0034,moderate_reuse,phone_or_tablet,device,G07
SYNTHETIC SURVEY DATA - NO HUMAN PASSWORDS OR RESPONSES,S0035,low_reuse,personal_email,email,G01
SYNTHETIC SURVEY DATA - NO HUMAN PASSWORDS OR RESPONSES,S0035,low_reuse,school_or_work_email,work_school,G02
SYNTHETIC SURVEY DATA - NO HUMAN PASSWORDS OR RESPONSES,S0035,low_reuse,school_or_work_portal,work_school,G03
SYNTHETIC SURVEY DATA - NO HUMAN PASSWORDS OR RESPONSES,S0035,low_reuse,payment_service,finance,G02
SYNTHETIC SURVEY DATA - NO HUMAN PASSWORDS OR RESPONSES,S0035,low_reuse,shopping_primary,shopping,G04
SYNTHETIC SURVEY DATA - NO HUMAN PASSWORDS OR RESPONSES,S0035,low_reuse,social_primary,social,G05
SYNTHETIC SURVEY DATA - NO HUMAN PASSWORDS OR RESPONSES,S0035,low_reuse,social_secondary,social,G06
SYNTHETIC SURVEY DATA - NO HUMAN PASSWORDS OR RESPONSES,S0035,low_reuse,messaging,social,G07
SYNTHETIC SURVEY DATA - NO HUMAN PASSWORDS OR RESPONSES,S0035,low_reuse,gaming,entertainment,G02
SYNTHETIC SURVEY DATA - NO HUMAN PASSWORDS OR RESPONSES,S0035,low_reuse,music_streaming,entertainment,G08
SYNTHETIC SURVEY DATA - NO HUMAN PASSWORDS OR RESPONSES,S0035,low_reuse,video_streaming,entertainment,G09
SYNTHETIC SURVEY DATA - NO HUMAN PASSWORDS OR RESPONSES,S0035,low_reuse,computer_login,device,G10
SYNTHETIC SURVEY DATA - NO HUMAN PASSWORDS OR RESPONSES,S0035,low_reuse,phone_or_tablet,device,G11
SYNTHETIC SURVEY DATA - NO HUMAN PASSWORDS OR RESPONSES,S0036,moderate_reuse,personal_email,email,G01
SYNTHETIC SURVEY DATA - NO HUMAN PASSWORDS OR RESPONSES,S0036,moderate_reuse,school_or_work_portal,work_school,G01
SYNTHETIC SURVEY DATA - NO HUMAN PASSWORDS OR RESPONSES,S0036,moderate_reuse,cloud_productivity,work_school,G01
SYNTHETIC SURVEY DATA - NO HUMAN PASSWORDS OR RESPONSES,S0036,moderate_reuse,banking,finance,G02
SYNTHETIC SURVEY DATA - NO HUMAN PASSWORDS OR RESPONSES,S0036,moderate_reuse,shopping_primary,shopping,G03
SYNTHETIC SURVEY DATA - NO HUMAN PASSWORDS OR RESPONSES,S0036,moderate_reuse,shopping_secondary,shopping,G04
SYNTHETIC SURVEY DATA - NO HUMAN PASSWORDS OR RESPONSES,S0036,moderate_reuse,social_primary,social,G05
SYNTHETIC SURVEY DATA - NO HUMAN PASSWORDS OR RESPONSES,S0036,moderate_reuse,social_secondary,social,G05
SYNTHETIC SURVEY DATA - NO HUMAN PASSWORDS OR RESPONSES,S0036,moderate_reuse,messaging,social,G05
SYNTHETIC SURVEY DATA - NO HUMAN PASSWORDS OR RESPONSES,S0036,moderate_reuse,gaming,entertainment,G06
SYNTHETIC SURVEY DATA - NO HUMAN PASSWORDS OR RESPONSES,S0036,moderate_reuse,music_streaming,entertainment,G07
SYNTHETIC SURVEY DATA - NO HUMAN PASSWORDS OR RESPONSES,S0036,moderate_reuse,video_streaming,entertainment,G08
SYNTHETIC SURVEY DATA - NO HUMAN PASSWORDS OR RESPONSES,S0036,moderate_reuse,computer_login,device,G09
SYNTHETIC SURVEY DATA - NO HUMAN PASSWORDS OR RESPONSES,S0036,moderate_reuse,phone_or_tablet,device,G10
SYNTHETIC SURVEY DATA - NO HUMAN PASSWORDS OR RESPONSES,S0037,moderate_reuse,personal_email,email,G01
SYNTHETIC SURVEY DATA - NO HUMAN PASSWORDS OR RESPONSES,S0037,moderate_reuse,secondary_email,email,G01
SYNTHETIC SURVEY DATA - NO HUMAN PASSWORDS OR RESPONSES,S0037,moderate_reuse,school_or_work_email,work_school,G02
SYNTHETIC SURVEY DATA - NO HUMAN PASSWORDS OR RESPONSES,S0037,moderate_reuse,cloud_productivity,work_school,G03
SYNTHETIC SURVEY DATA - NO HUMAN PASSWORDS OR RESPONSES,S0037,moderate_reuse,banking,finance,G01
SYNTHETIC SURVEY DATA - NO HUMAN PASSWORDS OR RESPONSES,S0037,moderate_reuse,payment_service,finance,G01
SYNTHETIC SURVEY DATA - NO HUMAN PASSWORDS OR RESPONSES,S0037,moderate_reuse,shopping_primary,shopping,G01
SYNTHETIC SURVEY DATA - NO HUMAN PASSWORDS OR RESPONSES,S0037,moderate_reuse,shopping_secondary,shopping,G04
SYNTHETIC SURVEY DATA - NO HUMAN PASSWORDS OR RESPONSES,S0037,moderate_reuse,social_primary,social,G05
SYNTHETIC SURVEY DATA - NO HUMAN PASSWORDS OR RESPONSES,S0037,moderate_reuse,social_secondary,social,G06
SYNTHETIC SURVEY DATA - NO HUMAN PASSWORDS OR RESPONSES,S0037,moderate_reuse,messaging,social,G05
SYNTHETIC SURVEY DATA - NO HUMAN PASSWORDS OR RESPONSES,S0037,moderate_reuse,music_streaming,entertainment,G05
SYNTHETIC SURVEY DATA - NO HUMAN PASSWORDS OR RESPONSES,S0037,moderate_reuse,video_streaming,entertainment,G07
SYNTHETIC SURVEY DATA - NO HUMAN PASSWORDS OR RESPONSES,S0037,moderate_reuse,computer_login,device,G08
SYNTHETIC SURVEY DATA - NO HUMAN PASSWORDS OR RESPONSES,S0037,moderate_reuse,phone_or_tablet,device,G09
SYNTHETIC SURVEY DATA - NO HUMAN PASSWORDS OR RESPONSES,S0038,moderate_reuse,secondary_email,email,G01
SYNTHETIC SURVEY DATA - NO HUMAN PASSWORDS OR RESPONSES,S0038,moderate_reuse,school_or_work_portal,work_school,G02
SYNTHETIC SURVEY DATA - NO HUMAN PASSWORDS OR RESPONSES,S0038,moderate_reuse,cloud_productivity,work_school,G03
SYNTHETIC SURVEY DATA - NO HUMAN PASSWORDS OR RESPONSES,S0038,moderate_reuse,banking,finance,G04
SYNTHETIC SURVEY DATA - NO HUMAN PASSWORDS OR RESPONSES,S0038,moderate_reuse,shopping_primary,shopping,G04
SYNTHETIC SURVEY DATA - NO HUMAN PASSWORDS OR RESPONSES,S0038,moderate_reuse,shopping_secondary,shopping,G03
SYNTHETIC SURVEY DATA - NO HUMAN PASSWORDS OR RESPONSES,S0038,moderate_reuse,social_primary,social,G05
SYNTHETIC SURVEY DATA - NO HUMAN PASSWORDS OR RESPONSES,S0038,moderate_reuse,social_secondary,social,G05
SYNTHETIC SURVEY DATA - NO HUMAN PASSWORDS OR RESPONSES,S0038,moderate_reuse,messaging,social,G06
SYNTHETIC SURVEY DATA - NO HUMAN PASSWORDS OR RESPONSES,S0038,moderate_reuse,gaming,entertainment,G07
SYNTHETIC SURVEY DATA - NO HUMAN PASSWORDS OR RESPONSES,S0038,moderate_reuse,music_streaming,entertainment,G03
SYNTHETIC SURVEY DATA - NO HUMAN PASSWORDS OR RESPONSES,S0038,moderate_reuse,phone_or_tablet,device,G04
SYNTHETIC SURVEY DATA - NO HUMAN PASSWORDS OR RESPONSES,S0039,moderate_reuse,secondary_email,email,G01
SYNTHETIC SURVEY DATA - NO HUMAN PASSWORDS OR RESPONSES,S0039,moderate_reuse,school_or_work_email,work_school,G02
SYNTHETIC SURVEY DATA - NO HUMAN PASSWORDS OR RESPONSES,S0039,moderate_reuse,school_or_work_portal,work_school,G03
SYNTHETIC SURVEY DATA - NO HUMAN PASSWORDS OR RESPONSES,S0039,moderate_reuse,payment_service,finance,G02
SYNTHETIC SURVEY DATA - NO HUMAN PASSWORDS OR RESPONSES,S0039,moderate_reuse,shopping_primary,shopping,G02
SYNTHETIC SURVEY DATA - NO HUMAN PASSWORDS OR RESPONSES,S0039,moderate_reuse,social_primary,social,G03
SYNTHETIC SURVEY DATA - NO HUMAN PASSWORDS OR RESPONSES,S0039,moderate_reuse,social_secondary,social,G03
SYNTHETIC SURVEY DATA - NO HUMAN PASSWORDS OR RESPONSES,S0039,moderate_reuse,messaging,social,G03
SYNTHETIC SURVEY DATA - NO HUMAN PASSWORDS OR RESPONSES,S0039,moderate_reuse,gaming,entertainment,G04
SYNTHETIC SURVEY DATA - NO HUMAN PASSWORDS OR RESPONSES,S0039,moderate_reuse,music_streaming,entertainment,G05
SYNTHETIC SURVEY DATA - NO HUMAN PASSWORDS OR RESPONSES,S0039,moderate_reuse,video_streaming,entertainment,G06
SYNTHETIC SURVEY DATA - NO HUMAN PASSWORDS OR RESPONSES,S0039,moderate_reuse,computer_login,device,G07
SYNTHETIC SURVEY DATA - NO HUMAN PASSWORDS OR RESPONSES,S0039,moderate_reuse,phone_or_tablet,device,G07
SYNTHETIC SURVEY DATA - NO HUMAN PASSWORDS OR RESPONSES,S0040,low_reuse,personal_email,email,G01
SYNTHETIC SURVEY DATA - NO HUMAN PASSWORDS OR RESPONSES,S0040,low_reuse,secondary_email,email,G02
SYNTHETIC SURVEY DATA - NO HUMAN PASSWORDS OR RESPONSES,S0040,low_reuse,school_or_work_portal,work_school,G03
SYNTHETIC SURVEY DATA - NO HUMAN PASSWORDS OR RESPONSES,S0040,low_reuse,cloud_productivity,work_school,G04
SYNTHETIC SURVEY DATA - NO HUMAN PASSWORDS OR RESPONSES,S0040,low_reuse,banking,finance,G05
SYNTHETIC SURVEY DATA - NO HUMAN PASSWORDS OR RESPONSES,S0040,low_reuse,payment_service,finance,G02
SYNTHETIC SURVEY DATA - NO HUMAN PASSWORDS OR RESPONSES,S0040,low_reuse,shopping_primary,shopping,G02
SYNTHETIC SURVEY DATA - NO HUMAN PASSWORDS OR RESPONSES,S0040,low_reuse,shopping_secondary,shopping,G06
SYNTHETIC SURVEY DATA - NO HUMAN PASSWORDS OR RESPONSES,S0040,low_reuse,social_primary,social,G07
SYNTHETIC SURVEY DATA - NO HUMAN PASSWORDS OR RESPONSES,S0040,low_reuse,messaging,social,G08
SYNTHETIC SURVEY DATA - NO HUMAN PASSWORDS OR RESPONSES,S0040,low_reuse,gaming,entertainment,G09
SYNTHETIC SURVEY DATA - NO HUMAN PASSWORDS OR RESPONSES,S0040,low_reuse,music_streaming,entertainment,G10
SYNTHETIC SURVEY DATA - NO HUMAN PASSWORDS OR RESPONSES,S0040,low_reuse,video_streaming,entertainment,G09
SYNTHETIC SURVEY DATA - NO HUMAN PASSWORDS OR RESPONSES,S0040,low_reuse,computer_login,device,G11
SYNTHETIC SURVEY DATA - NO HUMAN PASSWORDS OR RESPONSES,S0040,low_reuse,phone_or_tablet,device,G12
SYNTHETIC SURVEY DATA - NO HUMAN PASSWORDS OR RESPONSES,S0041,high_reuse,personal_email,email,G01
SYNTHETIC SURVEY DATA - NO HUMAN PASSWORDS OR RESPONSES,S0041,high_reuse,school_or_work_portal,work_school,G02
SYNTHETIC SURVEY DATA - NO HUMAN PASSWORDS OR RESPONSES,S0041,high_reuse,cloud_productivity,work_school,G03
SYNTHETIC SURVEY DATA - NO HUMAN PASSWORDS OR RESPONSES,S0041,high_reuse,banking,finance,G01
SYNTHETIC SURVEY DATA - NO HUMAN PASSWORDS OR RESPONSES,S0041,high_reuse,payment_service,finance,G01
SYNTHETIC SURVEY DATA - NO HUMAN PASSWORDS OR RESPONSES,S0041,high_reuse,shopping_primary,shopping,G02
SYNTHETIC SURVEY DATA - NO HUMAN PASSWORDS OR RESPONSES,S0041,high_reuse,social_primary,social,G02
SYNTHETIC SURVEY DATA - NO HUMAN PASSWORDS OR RESPONSES,S0041,high_reuse,messaging,social,G01
SYNTHETIC SURVEY DATA - NO HUMAN PASSWORDS OR RESPONSES,S0041,high_reuse,gaming,entertainment,G02
SYNTHETIC SURVEY DATA - NO HUMAN PASSWORDS OR RESPONSES,S0041,high_reuse,music_streaming,entertainment,G02
SYNTHETIC SURVEY DATA - NO HUMAN PASSWORDS OR RESPONSES,S0041,high_reuse,video_streaming,entertainment,G04
SYNTHETIC SURVEY DATA - NO HUMAN PASSWORDS OR RESPONSES,S0041,high_reuse,computer_login,device,G01
SYNTHETIC SURVEY DATA - NO HUMAN PASSWORDS OR RESPONSES,S0041,high_reuse,phone_or_tablet,device,G01
SYNTHETIC SURVEY DATA - NO HUMAN PASSWORDS OR RESPONSES,S0042,low_reuse,personal_email,email,G01
SYNTHETIC SURVEY DATA - NO HUMAN PASSWORDS OR RESPONSES,S0042,low_reuse,secondary_email,email,G02
SYNTHETIC SURVEY DATA - NO HUMAN PASSWORDS OR RESPONSES,S0042,low_reuse,school_or_work_email,work_school,G03
SYNTHETIC SURVEY DATA - NO HUMAN PASSWORDS OR RESPONSES,S0042,low_reuse,cloud_productivity,work_school,G04
SYNTHETIC SURVEY DATA - NO HUMAN PASSWORDS OR RESPONSES,S0042,low_reuse,payment_service,finance,G05
SYNTHETIC SURVEY DATA - NO HUMAN PASSWORDS OR RESPONSES,S0042,low_reuse,shopping_primary,shopping,G06
SYNTHETIC SURVEY DATA - NO HUMAN PASSWORDS OR RESPONSES,S0042,low_reuse,social_primary,social,G07
SYNTHETIC SURVEY DATA - NO HUMAN PASSWORDS OR RESPONSES,S0042,low_reuse,social_secondary,social,G07
SYNTHETIC SURVEY DATA - NO HUMAN PASSWORDS OR RESPONSES,S0042,low_reuse,music_streaming,entertainment,G08
SYNTHETIC SURVEY DATA - NO HUMAN PASSWORDS OR RESPONSES,S0042,low_reuse,video_streaming,entertainment,G08
SYNTHETIC SURVEY DATA - NO HUMAN PASSWORDS OR RESPONSES,S0042,low_reuse,computer_login,device,G09
SYNTHETIC SURVEY DATA - NO HUMAN PASSWORDS OR RESPONSES,S0042,low_reuse,phone_or_tablet,device,G10
SYNTHETIC SURVEY DATA - NO HUMAN PASSWORDS OR RESPONSES,S0043,low_reuse,personal_email,email,G01
SYNTHETIC SURVEY DATA - NO HUMAN PASSWORDS OR RESPONSES,S0043,low_reuse,secondary_email,email,G02
SYNTHETIC SURVEY DATA - NO HUMAN PASSWORDS OR RESPONSES,S0043,low_reuse,payment_service,finance,G03
SYNTHETIC SURVEY DATA - NO HUMAN PASSWORDS OR RESPONSES,S0043,low_reuse,shopping_primary,shopping,G04
SYNTHETIC SURVEY DATA - NO HUMAN PASSWORDS OR RESPONSES,S0043,low_reuse,shopping_secondary,shopping,G05
SYNTHETIC SURVEY DATA - NO HUMAN PASSWORDS OR RESPONSES,S0043,low_reuse,social_primary,social,G06
SYNTHETIC SURVEY DATA - NO HUMAN PASSWORDS OR RESPONSES,S0043,low_reuse,social_secondary,social,G06
SYNTHETIC SURVEY DATA - NO HUMAN PASSWORDS OR RESPONSES,S0043,low_reuse,gaming,entertainment,G07
SYNTHETIC SURVEY DATA - NO HUMAN PASSWORDS OR RESPONSES,S0043,low_reuse,music_streaming,entertainment,G08
SYNTHETIC SURVEY DATA - NO HUMAN PASSWORDS OR RESPONSES,S0043,low_reuse,video_streaming,entertainment,G09
SYNTHETIC SURVEY DATA - NO HUMAN PASSWORDS OR RESPONSES,S0043,low_reuse,computer_login,device,G06
SYNTHETIC SURVEY DATA - NO HUMAN PASSWORDS OR RESPONSES,S0043,low_reuse,phone_or_tablet,device,G10
SYNTHETIC SURVEY DATA - NO HUMAN PASSWORDS OR RESPONSES,S0044,low_reuse,personal_email,email,G01
SYNTHETIC SURVEY DATA - NO HUMAN PASSWORDS OR RESPONSES,S0044,low_reuse,secondary_email,email,G02
SYNTHETIC SURVEY DATA - NO HUMAN PASSWORDS OR RESPONSES,S0044,low_reuse,school_or_work_email,work_school,G03
SYNTHETIC SURVEY DATA - NO HUMAN PASSWORDS OR RESPONSES,S0044,low_reuse,school_or_work_portal,work_school,G04
SYNTHETIC SURVEY DATA - NO HUMAN PASSWORDS OR RESPONSES,S0044,low_reuse,cloud_productivity,work_school,G05
SYNTHETIC SURVEY DATA - NO HUMAN PASSWORDS OR RESPONSES,S0044,low_reuse,payment_service,finance,G06
SYNTHETIC SURVEY DATA - NO HUMAN PASSWORDS OR RESPONSES,S0044,low_reuse,shopping_primary,shopping,G07
SYNTHETIC SURVEY DATA - NO HUMAN PASSWORDS OR RESPONSES,S0044,low_reuse,social_primary,social,G08
SYNTHETIC SURVEY DATA - NO HUMAN PASSWORDS OR RESPONSES,S0044,low_reuse,messaging,social,G09
SYNTHETIC SURVEY DATA - NO HUMAN PASSWORDS OR RESPONSES,S0044,low_reuse,gaming,entertainment,G10
SYNTHETIC SURVEY DATA - NO HUMAN PASSWORDS OR RESPONSES,S0044,low_reuse,music_streaming,entertainment,G11
SYNTHETIC SURVEY DATA - NO HUMAN PASSWORDS OR RESPONSES,S0044,low_reuse,video_streaming,entertainment,G11
SYNTHETIC SURVEY DATA - NO HUMAN PASSWORDS OR RESPONSES,S0044,low_reuse,computer_login,device,G12
SYNTHETIC SURVEY DATA - NO HUMAN PASSWORDS OR RESPONSES,S0044,low_reuse,phone_or_tablet,device,G13
SYNTHETIC SURVEY DATA - NO HUMAN PASSWORDS OR RESPONSES,S0045,moderate_reuse,personal_email,email,G01
SYNTHETIC SURVEY DATA - NO HUMAN PASSWORDS OR RESPONSES,S0045,moderate_reuse,secondary_email,email,G02
SYNTHETIC SURVEY DATA - NO HUMAN PASSWORDS OR RESPONSES,S0045,moderate_reuse,school_or_work_portal,work_school,G03
SYNTHETIC SURVEY DATA - NO HUMAN PASSWORDS OR RESPONSES,S0045,moderate_reuse,cloud_productivity,work_school,G04
SYNTHETIC SURVEY DATA - NO HUMAN PASSWORDS OR RESPONSES,S0045,moderate_reuse,banking,finance,G04
SYNTHETIC SURVEY DATA - NO HUMAN PASSWORDS OR RESPONSES,S0045,moderate_reuse,shopping_primary,shopping,G05
SYNTHETIC SURVEY DATA - NO HUMAN PASSWORDS OR RESPONSES,S0045,moderate_reuse,shopping_secondary,shopping,G03
SYNTHETIC SURVEY DATA - NO HUMAN PASSWORDS OR RESPONSES,S0045,moderate_reuse,social_primary,social,G03
SYNTHETIC SURVEY DATA - NO HUMAN PASSWORDS OR RESPONSES,S0045,moderate_reuse,social_secondary,social,G06
SYNTHETIC SURVEY DATA - NO HUMAN PASSWORDS OR RESPONSES,S0045,moderate_reuse,gaming,entertainment,G07
SYNTHETIC SURVEY DATA - NO HUMAN PASSWORDS OR RESPONSES,S0045,moderate_reuse,music_streaming,entertainment,G07
SYNTHETIC SURVEY DATA - NO HUMAN PASSWORDS OR RESPONSES,S0045,moderate_reuse,phone_or_tablet,device,G08
SYNTHETIC SURVEY DATA - NO HUMAN PASSWORDS OR RESPONSES,S0046,low_reuse,personal_email,email,G01
SYNTHETIC SURVEY DATA - NO HUMAN PASSWORDS OR RESPONSES,S0046,low_reuse,school_or_work_email,work_school,G02
SYNTHETIC SURVEY DATA - NO HUMAN PASSWORDS OR RESPONSES,S0046,low_reuse,school_or_work_portal,work_school,G03
SYNTHETIC SURVEY DATA - NO HUMAN PASSWORDS OR RESPONSES,S0046,low_reuse,cloud_productivity,work_school,G04
SYNTHETIC SURVEY DATA - NO HUMAN PASSWORDS OR RESPONSES,S0046,low_reuse,payment_service,finance,G05
SYNTHETIC SURVEY DATA - NO HUMAN PASSWORDS OR RESPONSES,S0046,low_reuse,shopping_primary,shopping,G06
SYNTHETIC SURVEY DATA - NO HUMAN PASSWORDS OR RESPONSES,S0046,low_reuse,shopping_secondary,shopping,G07
SYNTHETIC SURVEY DATA - NO HUMAN PASSWORDS OR RESPONSES,S0046,low_reuse,social_secondary,social,G08
SYNTHETIC SURVEY DATA - NO HUMAN PASSWORDS OR RESPONSES,S0046,low_reuse,messaging,social,G09
SYNTHETIC SURVEY DATA - NO HUMAN PASSWORDS OR RESPONSES,S0046,low_reuse,gaming,entertainment,G10
SYNTHETIC SURVEY DATA - NO HUMAN PASSWORDS OR RESPONSES,S0046,low_reuse,music_streaming,entertainment,G11
SYNTHETIC SURVEY DATA - NO HUMAN PASSWORDS OR RESPONSES,S0046,low_reuse,video_streaming,entertainment,G10
SYNTHETIC SURVEY DATA - NO HUMAN PASSWORDS OR RESPONSES,S0046,low_reuse,computer_login,device,G12
SYNTHETIC SURVEY DATA - NO HUMAN PASSWORDS OR RESPONSES,S0046,low_reuse,phone_or_tablet,device,G13
SYNTHETIC SURVEY DATA - NO HUMAN PASSWORDS OR RESPONSES,S0047,high_reuse,personal_email,email,G01
SYNTHETIC SURVEY DATA - NO HUMAN PASSWORDS OR RESPONSES,S0047,high_reuse,school_or_work_email,work_school,G01
SYNTHETIC SURVEY DATA - NO HUMAN PASSWORDS OR RESPONSES,S0047,high_reuse,school_or_work_portal,work_school,G01
SYNTHETIC SURVEY DATA - NO HUMAN PASSWORDS OR RESPONSES,S0047,high_reuse,banking,finance,G02
SYNTHETIC SURVEY DATA - NO HUMAN PASSWORDS OR RESPONSES,S0047,high_reuse,shopping_primary,shopping,G01
SYNTHETIC SURVEY DATA - NO HUMAN PASSWORDS OR RESPONSES,S0047,high_reuse,social_primary,social,G02
SYNTHETIC SURVEY DATA - NO HUMAN PASSWORDS OR RESPONSES,S0047,high_reuse,social_secondary,social,G02
SYNTHETIC SURVEY DATA - NO HUMAN PASSWORDS OR RESPONSES,S0047,high_reuse,messaging,social,G02
SYNTHETIC SURVEY DATA - NO HUMAN PASSWORDS OR RESPONSES,S0047,high_reuse,gaming,entertainment,G02
SYNTHETIC SURVEY DATA - NO HUMAN PASSWORDS OR RESPONSES,S0047,high_reuse,video_streaming,entertainment,G03
SYNTHETIC SURVEY DATA - NO HUMAN PASSWORDS OR RESPONSES,S0047,high_reuse,computer_login,device,G01
SYNTHETIC SURVEY DATA - NO HUMAN PASSWORDS OR RESPONSES,S0047,high_reuse,phone_or_tablet,device,G04
SYNTHETIC SURVEY DATA - NO HUMAN PASSWORDS OR RESPONSES,S0048,moderate_reuse,personal_email,email,G01
SYNTHETIC SURVEY DATA - NO HUMAN PASSWORDS OR RESPONSES,S0048,moderate_reuse,school_or_work_email,work_school,G01
SYNTHETIC SURVEY DATA - NO HUMAN PASSWORDS OR RESPONSES,S0048,moderate_reuse,school_or_work_portal,work_school,G02
SYNTHETIC SURVEY DATA - NO HUMAN PASSWORDS OR RESPONSES,S0048,moderate_reuse,cloud_productivity,work_school,G02
SYNTHETIC SURVEY DATA - NO HUMAN PASSWORDS OR RESPONSES,S0048,moderate_reuse,banking,finance,G03
SYNTHETIC SURVEY DATA - NO HUMAN PASSWORDS OR RESPONSES,S0048,moderate_reuse,payment_service,finance,G03
SYNTHETIC SURVEY DATA - NO HUMAN PASSWORDS OR RESPONSES,S0048,moderate_reuse,social_primary,social,G02
SYNTHETIC SURVEY DATA - NO HUMAN PASSWORDS OR RESPONSES,S0048,moderate_reuse,social_secondary,social,G03
SYNTHETIC SURVEY DATA - NO HUMAN PASSWORDS OR RESPONSES,S0048,moderate_reuse,messaging,social,G04
SYNTHETIC SURVEY DATA - NO HUMAN PASSWORDS OR RESPONSES,S0048,moderate_reuse,music_streaming,entertainment,G01
SYNTHETIC SURVEY DATA - NO HUMAN PASSWORDS OR RESPONSES,S0048,moderate_reuse,video_streaming,entertainment,G01
SYNTHETIC SURVEY DATA - NO HUMAN PASSWORDS OR RESPONSES,S0048,moderate_reuse,phone_or_tablet,device,G01
SYNTHETIC SURVEY DATA - NO HUMAN PASSWORDS OR RESPONSES,S0049,low_reuse,personal_email,email,G01
SYNTHETIC SURVEY DATA - NO HUMAN PASSWORDS OR RESPONSES,S0049,low_reuse,secondary_email,email,G02
SYNTHETIC SURVEY DATA - NO HUMAN PASSWORDS OR RESPONSES,S0049,low_reuse,school_or_work_email,work_school,G03
SYNTHETIC SURVEY DATA - NO HUMAN PASSWORDS OR RESPONSES,S0049,low_reuse,school_or_work_portal,work_school,G04
SYNTHETIC SURVEY DATA - NO HUMAN PASSWORDS OR RESPONSES,S0049,low_reuse,cloud_productivity,work_school,G05
SYNTHETIC SURVEY DATA - NO HUMAN PASSWORDS OR RESPONSES,S0049,low_reuse,shopping_primary,shopping,G06
SYNTHETIC SURVEY DATA - NO HUMAN PASSWORDS OR RESPONSES,S0049,low_reuse,shopping_secondary,shopping,G07
SYNTHETIC SURVEY DATA - NO HUMAN PASSWORDS OR RESPONSES,S0049,low_reuse,social_primary,social,G08
SYNTHETIC SURVEY DATA - NO HUMAN PASSWORDS OR RESPONSES,S0049,low_reuse,social_secondary,social,G09
SYNTHETIC SURVEY DATA - NO HUMAN PASSWORDS OR RESPONSES,S0049,low_reuse,messaging,social,G10
SYNTHETIC SURVEY DATA - NO HUMAN PASSWORDS OR RESPONSES,S0049,low_reuse,gaming,entertainment,G11
SYNTHETIC SURVEY DATA - NO HUMAN PASSWORDS OR RESPONSES,S0049,low_reuse,video_streaming,entertainment,G12
SYNTHETIC SURVEY DATA - NO HUMAN PASSWORDS OR RESPONSES,S0049,low_reuse,computer_login,device,G13
SYNTHETIC SURVEY DATA - NO HUMAN PASSWORDS OR RESPONSES,S0049,low_reuse,phone_or_tablet,device,G14
SYNTHETIC SURVEY DATA - NO HUMAN PASSWORDS OR RESPONSES,S0050,low_reuse,personal_email,email,G01
SYNTHETIC SURVEY DATA - NO HUMAN PASSWORDS OR RESPONSES,S0050,low_reuse,school_or_work_email,work_school,G02
SYNTHETIC SURVEY DATA - NO HUMAN PASSWORDS OR RESPONSES,S0050,low_reuse,school_or_work_portal,work_school,G03
SYNTHETIC SURVEY DATA - NO HUMAN PASSWORDS OR RESPONSES,S0050,low_reuse,cloud_productivity,work_school,G04
SYNTHETIC SURVEY DATA - NO HUMAN PASSWORDS OR RESPONSES,S0050,low_reuse,shopping_primary,shopping,G05
SYNTHETIC SURVEY DATA - NO HUMAN PASSWORDS OR RESPONSES,S0050,low_reuse,social_primary,social,G02
SYNTHETIC SURVEY DATA - NO HUMAN PASSWORDS OR RESPONSES,S0050,low_reuse,social_secondary,social,G06
SYNTHETIC SURVEY DATA - NO HUMAN PASSWORDS OR RESPONSES,S0050,low_reuse,messaging,social,G07
SYNTHETIC SURVEY DATA - NO HUMAN PASSWORDS OR RESPONSES,S0050,low_reuse,gaming,entertainment,G01
SYNTHETIC SURVEY DATA - NO HUMAN PASSWORDS OR RESPONSES,S0050,low_reuse,music_streaming,entertainment,G03
SYNTHETIC SURVEY DATA - NO HUMAN PASSWORDS OR RESPONSES,S0050,low_reuse,video_streaming,entertainment,G08
SYNTHETIC SURVEY DATA - NO HUMAN PASSWORDS OR RESPONSES,S0050,low_reuse,phone_or_tablet,device,G09
SYNTHETIC SURVEY DATA - NO HUMAN PASSWORDS OR RESPONSES,S0051,low_reuse,personal_email,email,G01
SYNTHETIC SURVEY DATA - NO HUMAN PASSWORDS OR RESPONSES,S0051,low_reuse,secondary_email,email,G02
SYNTHETIC SURVEY DATA - NO HUMAN PASSWORDS OR RESPONSES,S0051,low_reuse,school_or_work_email,work_school,G03
SYNTHETIC SURVEY DATA - NO HUMAN PASSWORDS OR RESPONSES,S0051,low_reuse,school_or_work_portal,work_school,G04
SYNTHETIC SURVEY DATA - NO HUMAN PASSWORDS OR RESPONSES,S0051,low_reuse,cloud_productivity,work_school,G05
SYNTHETIC SURVEY DATA - NO HUMAN PASSWORDS OR RESPONSES,S0051,low_reuse,banking,finance,G06
SYNTHETIC SURVEY DATA - NO HUMAN PASSWORDS OR RESPONSES,S0051,low_reuse,payment_service,finance,G07
SYNTHETIC SURVEY DATA - NO HUMAN PASSWORDS OR RESPONSES,S0051,low_reuse,shopping_primary,shopping,G08
SYNTHETIC SURVEY DATA - NO HUMAN PASSWORDS OR RESPONSES,S0051,low_reuse,shopping_secondary,shopping,G09
SYNTHETIC SURVEY DATA - NO HUMAN PASSWORDS OR RESPONSES,S0051,low_reuse,social_primary,social,G10
SYNTHETIC SURVEY DATA - NO HUMAN PASSWORDS OR RESPONSES,S0051,low_reuse,social_secondary,social,G10
SYNTHETIC SURVEY DATA - NO HUMAN PASSWORDS OR RESPONSES,S0051,low_reuse,messaging,social,G11
SYNTHETIC SURVEY DATA - NO HUMAN PASSWORDS OR RESPONSES,S0051,low_reuse,music_streaming,entertainment,G12
SYNTHETIC SURVEY DATA - NO HUMAN PASSWORDS OR RESPONSES,S0051,low_reuse,video_streaming,entertainment,G12
SYNTHETIC SURVEY DATA - NO HUMAN PASSWORDS OR RESPONSES,S0051,low_reuse,computer_login,device,G13
SYNTHETIC SURVEY DATA - NO HUMAN PASSWORDS OR RESPONSES,S0051,low_reuse,phone_or_tablet,device,G13
SYNTHETIC SURVEY DATA - NO HUMAN PASSWORDS OR RESPONSES,S0052,low_reuse,personal_email,email,G01
SYNTHETIC SURVEY DATA - NO HUMAN PASSWORDS OR RESPONSES,S0052,low_reuse,secondary_email,email,G02
SYNTHETIC SURVEY DATA - NO HUMAN PASSWORDS OR RESPONSES,S0052,low_reuse,school_or_work_email,work_school,G03
SYNTHETIC SURVEY DATA - NO HUMAN PASSWORDS OR RESPONSES,S0052,low_reuse,school_or_work_portal,work_school,G04
SYNTHETIC SURVEY DATA - NO HUMAN PASSWORDS OR RESPONSES,S0052,low_reuse,cloud_productivity,work_school,G05
SYNTHETIC SURVEY DATA - NO HUMAN PASSWORDS OR RESPONSES,S0052,low_reuse,banking,finance,G06
SYNTHETIC SURVEY DATA - NO HUMAN PASSWORDS OR RESPONSES,S0052,low_reuse,shopping_primary,shopping,G07
SYNTHETIC SURVEY DATA - NO HUMAN PASSWORDS OR RESPONSES,S0052,low_reuse,social_primary,social,G08
SYNTHETIC SURVEY DATA - NO HUMAN PASSWORDS OR RESPONSES,S0052,low_reuse,social_secondary,social,G09
SYNTHETIC SURVEY DATA - NO HUMAN PASSWORDS OR RESPONSES,S0052,low_reuse,messaging,social,G10
SYNTHETIC SURVEY DATA - NO HUMAN PASSWORDS OR RESPONSES,S0052,low_reuse,gaming,entertainment,G11
SYNTHETIC SURVEY DATA - NO HUMAN PASSWORDS OR RESPONSES,S0052,low_reuse,music_streaming,entertainment,G12
SYNTHETIC SURVEY DATA - NO HUMAN PASSWORDS OR RESPONSES,S0052,low_reuse,video_streaming,entertainment,G13
SYNTHETIC SURVEY DATA - NO HUMAN PASSWORDS OR RESPONSES,S0052,low_reuse,computer_login,device,G14
SYNTHETIC SURVEY DATA - NO HUMAN PASSWORDS OR RESPONSES,S0052,low_reuse,phone_or_tablet,device,G15
SYNTHETIC SURVEY DATA - NO HUMAN PASSWORDS OR RESPONSES,S0053,low_reuse,personal_email,email,G01
SYNTHETIC SURVEY DATA - NO HUMAN PASSWORDS OR RESPONSES,S0053,low_reuse,secondary_email,email,G02
SYNTHETIC SURVEY DATA - NO HUMAN PASSWORDS OR RESPONSES,S0053,low_reuse,school_or_work_email,work_school,G03
SYNTHETIC SURVEY DATA - NO HUMAN PASSWORDS OR RESPONSES,S0053,low_reuse,school_or_work_portal,work_school,G04
SYNTHETIC SURVEY DATA - NO HUMAN PASSWORDS OR RESPONSES,S0053,low_reuse,banking,finance,G02
SYNTHETIC SURVEY DATA - NO HUMAN PASSWORDS OR RESPONSES,S0053,low_reuse,payment_service,finance,G02
SYNTHETIC SURVEY DATA - NO HUMAN PASSWORDS OR RESPONSES,S0053,low_reuse,shopping_primary,shopping,G05
SYNTHETIC SURVEY DATA - NO HUMAN PASSWORDS OR RESPONSES,S0053,low_reuse,shopping_secondary,shopping,G06
SYNTHETIC SURVEY DATA - NO HUMAN PASSWORDS OR RESPONSES,S0053,low_reuse,social_primary,social,G07
SYNTHETIC SURVEY DATA - NO HUMAN PASSWORDS OR RESPONSES,S0053,low_reuse,social_secondary,social,G08
SYNTHETIC SURVEY DATA - NO HUMAN PASSWORDS OR RESPONSES,S0053,low_reuse,messaging,social,G09
SYNTHETIC SURVEY DATA - NO HUMAN PASSWORDS OR RESPONSES,S0053,low_reuse,gaming,entertainment,G10
SYNTHETIC SURVEY DATA - NO HUMAN PASSWORDS OR RESPONSES,S0053,low_reuse,video_streaming,entertainment,G11
SYNTHETIC SURVEY DATA - NO HUMAN PASSWORDS OR RESPONSES,S0053,low_reuse,phone_or_tablet,device,G02
SYNTHETIC SURVEY DATA - NO HUMAN PASSWORDS OR RESPONSES,S0054,moderate_reuse,personal_email,email,G01
SYNTHETIC SURVEY DATA - NO HUMAN PASSWORDS OR RESPONSES,S0054,moderate_reuse,secondary_email,email,G02
SYNTHETIC SURVEY DATA - NO HUMAN PASSWORDS OR RESPONSES,S0054,moderate_reuse,school_or_work_email,work_school,G02
SYNTHETIC SURVEY DATA - NO HUMAN PASSWORDS OR RESPONSES,S0054,moderate_reuse,school_or_work_portal,work_school,G03
SYNTHETIC SURVEY DATA - NO HUMAN PASSWORDS OR RESPONSES,S0054,moderate_reuse,banking,finance,G04
SYNTHETIC SURVEY DATA - NO HUMAN PASSWORDS OR RESPONSES,S0054,moderate_reuse,payment_service,finance,G02
SYNTHETIC SURVEY DATA - NO HUMAN PASSWORDS OR RESPONSES,S0054,moderate_reuse,shopping_primary,shopping,G01
SYNTHETIC SURVEY DATA - NO HUMAN PASSWORDS OR RESPONSES,S0054,moderate_reuse,social_primary,social,G05
SYNTHETIC SURVEY DATA - NO HUMAN PASSWORDS OR RESPONSES,S0054,moderate_reuse,messaging,social,G05
SYNTHETIC SURVEY DATA - NO HUMAN PASSWORDS OR RESPONSES,S0054,moderate_reuse,gaming,entertainment,G05
SYNTHETIC SURVEY DATA - NO HUMAN PASSWORDS OR RESPONSES,S0054,moderate_reuse,music_streaming,entertainment,G05
SYNTHETIC SURVEY DATA - NO HUMAN PASSWORDS OR RESPONSES,S0054,moderate_reuse,video_streaming,entertainment,G05
SYNTHETIC SURVEY DATA - NO HUMAN PASSWORDS OR RESPONSES,S0054,moderate_reuse,computer_login,device,G02
SYNTHETIC SURVEY DATA - NO HUMAN PASSWORDS OR RESPONSES,S0054,moderate_reuse,phone_or_tablet,device,G05
SYNTHETIC SURVEY DATA - NO HUMAN PASSWORDS OR RESPONSES,S0055,moderate_reuse,personal_email,email,G01
SYNTHETIC SURVEY DATA - NO HUMAN PASSWORDS OR RESPONSES,S0055,moderate_reuse,secondary_email,email,G01
SYNTHETIC SURVEY DATA - NO HUMAN PASSWORDS OR RESPONSES,S0055,moderate_reuse,school_or_work_portal,work_school,G01
SYNTHETIC SURVEY DATA - NO HUMAN PASSWORDS OR RESPONSES,S0055,moderate_reuse,cloud_productivity,work_school,G01
SYNTHETIC SURVEY DATA - NO HUMAN PASSWORDS OR RESPONSES,S0055,moderate_reuse,banking,finance,G01
SYNTHETIC SURVEY DATA - NO HUMAN PASSWORDS OR RESPONSES,S0055,moderate_reuse,payment_service,finance,G02
SYNTHETIC SURVEY DATA - NO HUMAN PASSWORDS OR RESPONSES,S0055,moderate_reuse,shopping_primary,shopping,G03
SYNTHETIC SURVEY DATA - NO HUMAN PASSWORDS OR RESPONSES,S0055,moderate_reuse,shopping_secondary,shopping,G03
SYNTHETIC SURVEY DATA - NO HUMAN PASSWORDS OR RESPONSES,S0055,moderate_reuse,social_primary,social,G03
SYNTHETIC SURVEY DATA - NO HUMAN PASSWORDS OR RESPONSES,S0055,moderate_reuse,messaging,social,G03
SYNTHETIC SURVEY DATA - NO HUMAN PASSWORDS OR RESPONSES,S0055,moderate_reuse,music_streaming,entertainment,G04
SYNTHETIC SURVEY DATA - NO HUMAN PASSWORDS OR RESPONSES,S0055,moderate_reuse,video_streaming,entertainment,G04
SYNTHETIC SURVEY DATA - NO HUMAN PASSWORDS OR RESPONSES,S0055,moderate_reuse,computer_login,device,G05
SYNTHETIC SURVEY DATA - NO HUMAN PASSWORDS OR RESPONSES,S0055,moderate_reuse,phone_or_tablet,device,G06
SYNTHETIC SURVEY DATA - NO HUMAN PASSWORDS OR RESPONSES,S0056,moderate_reuse,personal_email,email,G01
SYNTHETIC SURVEY DATA - NO HUMAN PASSWORDS OR RESPONSES,S0056,moderate_reuse,secondary_email,email,G02
SYNTHETIC SURVEY DATA - NO HUMAN PASSWORDS OR RESPONSES,S0056,moderate_reuse,school_or_work_email,work_school,G03
SYNTHETIC SURVEY DATA - NO HUMAN PASSWORDS OR RESPONSES,S0056,moderate_reuse,school_or_work_portal,work_school,G03
SYNTHETIC SURVEY DATA - NO HUMAN PASSWORDS OR RESPONSES,S0056,moderate_reuse,cloud_productivity,work_school,G03
SYNTHETIC SURVEY DATA - NO HUMAN PASSWORDS OR RESPONSES,S0056,moderate_reuse,payment_service,finance,G04
SYNTHETIC SURVEY DATA - NO HUMAN PASSWORDS OR RESPONSES,S0056,moderate_reuse,shopping_primary,shopping,G03
SYNTHETIC SURVEY DATA - NO HUMAN PASSWORDS OR RESPONSES,S0056,moderate_reuse,shopping_secondary,shopping,G05
SYNTHETIC SURVEY DATA - NO HUMAN PASSWORDS OR RESPONSES,S0056,moderate_reuse,social_primary,social,G02
SYNTHETIC SURVEY DATA - NO HUMAN PASSWORDS OR RESPONSES,S0056,moderate_reuse,social_secondary,social,G02
SYNTHETIC SURVEY DATA - NO HUMAN PASSWORDS OR RESPONSES,S0056,moderate_reuse,messaging,social,G06
SYNTHETIC SURVEY DATA - NO HUMAN PASSWORDS OR RESPONSES,S0056,moderate_reuse,gaming,entertainment,G07
SYNTHETIC SURVEY DATA - NO HUMAN PASSWORDS OR RESPONSES,S0056,moderate_reuse,video_streaming,entertainment,G08
SYNTHETIC SURVEY DATA - NO HUMAN PASSWORDS OR RESPONSES,S0056,moderate_reuse,computer_login,device,G09
SYNTHETIC SURVEY DATA - NO HUMAN PASSWORDS OR RESPONSES,S0056,moderate_reuse,phone_or_tablet,device,G10
SYNTHETIC SURVEY DATA - NO HUMAN PASSWORDS OR RESPONSES,S0057,high_reuse,personal_email,email,G01
SYNTHETIC SURVEY DATA - NO HUMAN PASSWORDS OR RESPONSES,S0057,high_reuse,school_or_work_email,work_school,G02
SYNTHETIC SURVEY DATA - NO HUMAN PASSWORDS OR RESPONSES,S0057,high_reuse,school_or_work_portal,work_school,G02
SYNTHETIC SURVEY DATA - NO HUMAN PASSWORDS OR RESPONSES,S0057,high_reuse,cloud_productivity,work_school,G01
SYNTHETIC SURVEY DATA - NO HUMAN PASSWORDS OR RESPONSES,S0057,high_reuse,banking,finance,G02
SYNTHETIC SURVEY DATA - NO HUMAN PASSWORDS OR RESPONSES,S0057,high_reuse,payment_service,finance,G02
SYNTHETIC SURVEY DATA - NO HUMAN PASSWORDS OR RESPONSES,S0057,high_reuse,shopping_primary,shopping,G02
SYNTHETIC SURVEY DATA - NO HUMAN PASSWORDS OR RESPONSES,S0057,high_reuse,shopping_secondary,shopping,G02
SYNTHETIC SURVEY DATA - NO HUMAN PASSWORDS OR RESPONSES,S0057,high_reuse,social_primary,social,G01
SYNTHETIC SURVEY DATA - NO HUMAN PASSWORDS OR RESPONSES,S0057,high_reuse,social_secondary,social,G01
SYNTHETIC SURVEY DATA - NO HUMAN PASSWORDS OR RESPONSES,S0057,high_reuse,messaging,social,G01
SYNTHETIC SURVEY DATA - NO HUMAN PASSWORDS OR RESPONSES,S0057,high_reuse,gaming,entertainment,G02
SYNTHETIC SURVEY DATA - NO HUMAN PASSWORDS OR RESPONSES,S0057,high_reuse,phone_or_tablet,device,G02
SYNTHETIC SURVEY DATA - NO HUMAN PASSWORDS OR RESPONSES,S0058,low_reuse,personal_email,email,G01
SYNTHETIC SURVEY DATA - NO HUMAN PASSWORDS OR RESPONSES,S0058,low_reuse,school_or_work_email,work_school,G02
SYNTHETIC SURVEY DATA - NO HUMAN PASSWORDS OR RESPONSES,S0058,low_reuse,school_or_work_portal,work_school,G03
SYNTHETIC SURVEY DATA - NO HUMAN PASSWORDS OR RESPONSES,S0058,low_reuse,banking,finance,G04
SYNTHETIC SURVEY DATA - NO HUMAN PASSWORDS OR RESPONSES,S0058,low_reuse,shopping_primary,shopping,G05
SYNTHETIC SURVEY DATA - NO HUMAN PASSWORDS OR RESPONSES,S0058,low_reuse,social_primary,social,G06
SYNTHETIC SURVEY DATA - NO HUMAN PASSWORDS OR RESPONSES,S0058,low_reuse,social_secondary,social,G07
SYNTHETIC SURVEY DATA - NO HUMAN PASSWORDS OR RESPONSES,S0058,low_reuse,messaging,social,G08
SYNTHETIC SURVEY DATA - NO HUMAN PASSWORDS OR RESPONSES,S0058,low_reuse,gaming,entertainment,G09
SYNTHETIC SURVEY DATA - NO HUMAN PASSWORDS OR RESPONSES,S0058,low_reuse,music_streaming,entertainment,G10
SYNTHETIC SURVEY DATA - NO HUMAN PASSWORDS OR RESPONSES,S0058,low_reuse,computer_login,device,G11
SYNTHETIC SURVEY DATA - NO HUMAN PASSWORDS OR RESPONSES,S0058,low_reuse,phone_or_tablet,device,G12
SYNTHETIC SURVEY DATA - NO HUMAN PASSWORDS OR RESPONSES,S0059,low_reuse,personal_email,email,G01
SYNTHETIC SURVEY DATA - NO HUMAN PASSWORDS OR RESPONSES,S0059,low_reuse,school_or_work_email,work_school,G02
SYNTHETIC SURVEY DATA - NO HUMAN PASSWORDS OR RESPONSES,S0059,low_reuse,school_or_work_portal,work_school,G03
SYNTHETIC SURVEY DATA - NO HUMAN PASSWORDS OR RESPONSES,S0059,low_reuse,cloud_productivity,work_school,G04
SYNTHETIC SURVEY DATA - NO HUMAN PASSWORDS OR RESPONSES,S0059,low_reuse,banking,finance,G05
SYNTHETIC SURVEY DATA - NO HUMAN PASSWORDS OR RESPONSES,S0059,low_reuse,shopping_primary,shopping,G06
SYNTHETIC SURVEY DATA - NO HUMAN PASSWORDS OR RESPONSES,S0059,low_reuse,social_primary,social,G07
SYNTHETIC SURVEY DATA - NO HUMAN PASSWORDS OR RESPONSES,S0059,low_reuse,messaging,social,G08
SYNTHETIC SURVEY DATA - NO HUMAN PASSWORDS OR RESPONSES,S0059,low_reuse,gaming,entertainment,G09
SYNTHETIC SURVEY DATA - NO HUMAN PASSWORDS OR RESPONSES,S0059,low_reuse,music_streaming,entertainment,G10
SYNTHETIC SURVEY DATA - NO HUMAN PASSWORDS OR RESPONSES,S0059,low_reuse,video_streaming,entertainment,G11
SYNTHETIC SURVEY DATA - NO HUMAN PASSWORDS OR RESPONSES,S0059,low_reuse,phone_or_tablet,device,G12
SYNTHETIC SURVEY DATA - NO HUMAN PASSWORDS OR RESPONSES,S0060,moderate_reuse,personal_email,email,G01
SYNTHETIC SURVEY DATA - NO HUMAN PASSWORDS OR RESPONSES,S0060,moderate_reuse,school_or_work_email,work_school,G02
SYNTHETIC SURVEY DATA - NO HUMAN PASSWORDS OR RESPONSES,S0060,moderate_reuse,cloud_productivity,work_school,G02
SYNTHETIC SURVEY DATA - NO HUMAN PASSWORDS OR RESPONSES,S0060,moderate_reuse,banking,finance,G02
SYNTHETIC SURVEY DATA - NO HUMAN PASSWORDS OR RESPONSES,S0060,moderate_reuse,payment_service,finance,G03
SYNTHETIC SURVEY DATA - NO HUMAN PASSWORDS OR RESPONSES,S0060,moderate_reuse,shopping_primary,shopping,G04
SYNTHETIC SURVEY DATA - NO HUMAN PASSWORDS OR RESPONSES,S0060,moderate_reuse,social_primary,social,G05
SYNTHETIC SURVEY DATA - NO HUMAN PASSWORDS OR RESPONSES,S0060,moderate_reuse,messaging,social,G04
SYNTHETIC SURVEY DATA - NO HUMAN PASSWORDS OR RESPONSES,S0060,moderate_reuse,gaming,entertainment,G06
SYNTHETIC SURVEY DATA - NO HUMAN PASSWORDS OR RESPONSES,S0060,moderate_reuse,music_streaming,entertainment,G07
SYNTHETIC SURVEY DATA - NO HUMAN PASSWORDS OR RESPONSES,S0060,moderate_reuse,video_streaming,entertainment,G08
SYNTHETIC SURVEY DATA - NO HUMAN PASSWORDS OR RESPONSES,S0060,moderate_reuse,computer_login,device,G04
SYNTHETIC SURVEY DATA - NO HUMAN PASSWORDS OR RESPONSES,S0060,moderate_reuse,phone_or_tablet,device,G04
SYNTHETIC SURVEY DATA - NO HUMAN PASSWORDS OR RESPONSES,S0061,low_reuse,personal_email,email,G01
SYNTHETIC SURVEY DATA - NO HUMAN PASSWORDS OR RESPONSES,S0061,low_reuse,school_or_work_email,work_school,G02
SYNTHETIC SURVEY DATA - NO HUMAN PASSWORDS OR RESPONSES,S0061,low_reuse,school_or_work_portal,work_school,G03
SYNTHETIC SURVEY DATA - NO HUMAN PASSWORDS OR RESPONSES,S0061,low_reuse,cloud_productivity,work_school,G04
SYNTHETIC SURVEY DATA - NO HUMAN PASSWORDS OR RESPONSES,S0061,low_reuse,banking,finance,G05
SYNTHETIC SURVEY DATA - NO HUMAN PASSWORDS OR RESPONSES,S0061,low_reuse,shopping_primary,shopping,G05
SYNTHETIC SURVEY DATA - NO HUMAN PASSWORDS OR RESPONSES,S0061,low_reuse,shopping_secondary,shopping,G02
SYNTHETIC SURVEY DATA - NO HUMAN PASSWORDS OR RESPONSES,S0061,low_reuse,social_primary,social,G06
SYNTHETIC SURVEY DATA - NO HUMAN PASSWORDS OR RESPONSES,S0061,low_reuse,social_secondary,social,G07
SYNTHETIC SURVEY DATA - NO HUMAN PASSWORDS OR RESPONSES,S0061,low_reuse,messaging,social,G08
SYNTHETIC SURVEY DATA - NO HUMAN PASSWORDS OR RESPONSES,S0061,low_reuse,music_streaming,entertainment,G09
SYNTHETIC SURVEY DATA - NO HUMAN PASSWORDS OR RESPONSES,S0061,low_reuse,video_streaming,entertainment,G10
SYNTHETIC SURVEY DATA - NO HUMAN PASSWORDS OR RESPONSES,S0061,low_reuse,computer_login,device,G11
SYNTHETIC SURVEY DATA - NO HUMAN PASSWORDS OR RESPONSES,S0061,low_reuse,phone_or_tablet,device,G12
SYNTHETIC SURVEY DATA - NO HUMAN PASSWORDS OR RESPONSES,S0062,moderate_reuse,personal_email,email,G01
SYNTHETIC SURVEY DATA - NO HUMAN PASSWORDS OR RESPONSES,S0062,moderate_reuse,school_or_work_email,work_school,G02
SYNTHETIC SURVEY DATA - NO HUMAN PASSWORDS OR RESPONSES,S0062,moderate_reuse,school_or_work_portal,work_school,G02
SYNTHETIC SURVEY DATA - NO HUMAN PASSWORDS OR RESPONSES,S0062,moderate_reuse,cloud_productivity,work_school,G03
SYNTHETIC SURVEY DATA - NO HUMAN PASSWORDS OR RESPONSES,S0062,moderate_reuse,banking,finance,G04
SYNTHETIC SURVEY DATA - NO HUMAN PASSWORDS OR RESPONSES,S0062,moderate_reuse,payment_service,finance,G05
SYNTHETIC SURVEY DATA - NO HUMAN PASSWORDS OR RESPONSES,S0062,moderate_reuse,shopping_primary,shopping,G05
SYNTHETIC SURVEY DATA - NO HUMAN PASSWORDS OR RESPONSES,S0062,moderate_reuse,social_primary,social,G05
SYNTHETIC SURVEY DATA - NO HUMAN PASSWORDS OR RESPONSES,S0062,moderate_reuse,social_secondary,social,G05
SYNTHETIC SURVEY DATA - NO HUMAN PASSWORDS OR RESPONSES,S0062,moderate_reuse,messaging,social,G06
SYNTHETIC SURVEY DATA - NO HUMAN PASSWORDS OR RESPONSES,S0062,moderate_reuse,gaming,entertainment,G05
SYNTHETIC SURVEY DATA - NO HUMAN PASSWORDS OR RESPONSES,S0062,moderate_reuse,music_streaming,entertainment,G05
SYNTHETIC SURVEY DATA - NO HUMAN PASSWORDS OR RESPONSES,S0062,moderate_reuse,video_streaming,entertainment,G07
SYNTHETIC SURVEY DATA - NO HUMAN PASSWORDS OR RESPONSES,S0062,moderate_reuse,computer_login,device,G08
SYNTHETIC SURVEY DATA - NO HUMAN PASSWORDS OR RESPONSES,S0062,moderate_reuse,phone_or_tablet,device,G09
SYNTHETIC SURVEY DATA - NO HUMAN PASSWORDS OR RESPONSES,S0063,moderate_reuse,personal_email,email,G01
SYNTHETIC SURVEY DATA - NO HUMAN PASSWORDS OR RESPONSES,S0063,moderate_reuse,school_or_work_email,work_school,G01
SYNTHETIC SURVEY DATA - NO HUMAN PASSWORDS OR RESPONSES,S0063,moderate_reuse,school_or_work_portal,work_school,G01
SYNTHETIC SURVEY DATA - NO HUMAN PASSWORDS OR RESPONSES,S0063,moderate_reuse,cloud_productivity,work_school,G01
SYNTHETIC SURVEY DATA - NO HUMAN PASSWORDS OR RESPONSES,S0063,moderate_reuse,banking,finance,G02
SYNTHETIC SURVEY DATA - NO HUMAN PASSWORDS OR RESPONSES,S0063,moderate_reuse,payment_service,finance,G02
SYNTHETIC SURVEY DATA - NO HUMAN PASSWORDS OR RESPONSES,S0063,moderate_reuse,shopping_primary,shopping,G01
SYNTHETIC SURVEY DATA - NO HUMAN PASSWORDS OR RESPONSES,S0063,moderate_reuse,social_secondary,social,G03
SYNTHETIC SURVEY DATA - NO HUMAN PASSWORDS OR RESPONSES,S0063,moderate_reuse,messaging,social,G03
SYNTHETIC SURVEY DATA - NO HUMAN PASSWORDS OR RESPONSES,S0063,moderate_reuse,gaming,entertainment,G01
SYNTHETIC SURVEY DATA - NO HUMAN PASSWORDS OR RESPONSES,S0063,moderate_reuse,music_streaming,entertainment,G01
SYNTHETIC SURVEY DATA - NO HUMAN PASSWORDS OR RESPONSES,S0063,moderate_reuse,computer_login,device,G04
SYNTHETIC SURVEY DATA - NO HUMAN PASSWORDS OR RESPONSES,S0063,moderate_reuse,phone_or_tablet,device,G05
SYNTHETIC SURVEY DATA - NO HUMAN PASSWORDS OR RESPONSES,S0064,low_reuse,personal_email,email,G01
SYNTHETIC SURVEY DATA - NO HUMAN PASSWORDS OR RESPONSES,S0064,low_reuse,secondary_email,email,G02
SYNTHETIC SURVEY DATA - NO HUMAN PASSWORDS OR RESPONSES,S0064,low_reuse,school_or_work_portal,work_school,G03
SYNTHETIC SURVEY DATA - NO HUMAN PASSWORDS OR RESPONSES,S0064,low_reuse,banking,finance,G04
SYNTHETIC SURVEY DATA - NO HUMAN PASSWORDS OR RESPONSES,S0064,low_reuse,payment_service,finance,G05
SYNTHETIC SURVEY DATA - NO HUMAN PASSWORDS OR RESPONSES,S0064,low_reuse,shopping_primary,shopping,G06
SYNTHETIC SURVEY DATA - NO HUMAN PASSWORDS OR RESPONSES,S0064,low_reuse,shopping_secondary,shopping,G07
SYNTHETIC SURVEY DATA - NO HUMAN PASSWORDS OR RESPONSES,S0064,low_reuse,social_primary,social,G08
SYNTHETIC SURVEY DATA - NO HUMAN PASSWORDS OR RESPONSES,S0064,low_reuse,social_secondary,social,G09
SYNTHETIC SURVEY DATA - NO HUMAN PASSWORDS OR RESPONSES,S0064,low_reuse,messaging,social,G10
SYNTHETIC SURVEY DATA - NO HUMAN PASSWORDS OR RESPONSES,S0064,low_reuse,gaming,entertainment,G11
SYNTHETIC SURVEY DATA - NO HUMAN PASSWORDS OR RESPONSES,S0064,low_reuse,music_streaming,entertainment,G06
SYNTHETIC SURVEY DATA - NO HUMAN PASSWORDS OR RESPONSES,S0064,low_reuse,video_streaming,entertainment,G06
SYNTHETIC SURVEY DATA - NO HUMAN PASSWORDS OR RESPONSES,S0064,low_reuse,computer_login,device,G12
SYNTHETIC SURVEY DATA - NO HUMAN PASSWORDS OR RESPONSES,S0064,low_reuse,phone_or_tablet,device,G13
SYNTHETIC SURVEY DATA - NO HUMAN PASSWORDS OR RESPONSES,S0065,low_reuse,personal_email,email,G01
SYNTHETIC SURVEY DATA - NO HUMAN PASSWORDS OR RESPONSES,S0065,low_reuse,school_or_work_email,work_school,G02
SYNTHETIC SURVEY DATA - NO HUMAN PASSWORDS OR RESPONSES,S0065,low_reuse,school_or_work_portal,work_school,G03
SYNTHETIC SURVEY DATA - NO HUMAN PASSWORDS OR RESPONSES,S0065,low_reuse,cloud_productivity,work_school,G04
SYNTHETIC SURVEY DATA - NO HUMAN PASSWORDS OR RESPONSES,S0065,low_reuse,banking,finance,G05
SYNTHETIC SURVEY DATA - NO HUMAN PASSWORDS OR RESPONSES,S0065,low_reuse,payment_service,finance,G06
SYNTHETIC SURVEY DATA - NO HUMAN PASSWORDS OR RESPONSES,S0065,low_reuse,shopping_primary,shopping,G07
SYNTHETIC SURVEY DATA - NO HUMAN PASSWORDS OR RESPONSES,S0065,low_reuse,social_primary,social,G08
SYNTHETIC SURVEY DATA - NO HUMAN PASSWORDS OR RESPONSES,S0065,low_reuse,social_secondary,social,G09
SYNTHETIC SURVEY DATA - NO HUMAN PASSWORDS OR RESPONSES,S0065,low_reuse,messaging,social,G10
SYNTHETIC SURVEY DATA - NO HUMAN PASSWORDS OR RESPONSES,S0065,low_reuse,gaming,entertainment,G11
SYNTHETIC SURVEY DATA - NO HUMAN PASSWORDS OR RESPONSES,S0065,low_reuse,music_streaming,entertainment,G11
SYNTHETIC SURVEY DATA - NO HUMAN PASSWORDS OR RESPONSES,S0065,low_reuse,video_streaming,entertainment,G12
SYNTHETIC SURVEY DATA - NO HUMAN PASSWORDS OR RESPONSES,S0065,low_reuse,computer_login,device,G10
SYNTHETIC SURVEY DATA - NO HUMAN PASSWORDS OR RESPONSES,S0065,low_reuse,phone_or_tablet,device,G13
SYNTHETIC SURVEY DATA - NO HUMAN PASSWORDS OR RESPONSES,S0066,high_reuse,personal_email,email,G01
SYNTHETIC SURVEY DATA - NO HUMAN PASSWORDS OR RESPONSES,S0066,high_reuse,secondary_email,email,G02
SYNTHETIC SURVEY DATA - NO HUMAN PASSWORDS OR RESPONSES,S0066,high_reuse,school_or_work_email,work_school,G02
SYNTHETIC SURVEY DATA - NO HUMAN PASSWORDS OR RESPONSES,S0066,high_reuse,school_or_work_portal,work_school,G03
SYNTHETIC SURVEY DATA - NO HUMAN PASSWORDS OR RESPONSES,S0066,high_reuse,cloud_productivity,work_school,G04
SYNTHETIC SURVEY DATA - NO HUMAN PASSWORDS OR RESPONSES,S0066,high_reuse,banking,finance,G03
SYNTHETIC SURVEY DATA - NO HUMAN PASSWORDS OR RESPONSES,S0066,high_reuse,payment_service,finance,G03
SYNTHETIC SURVEY DATA - NO HUMAN PASSWORDS OR RESPONSES,S0066,high_reuse,shopping_primary,shopping,G05
SYNTHETIC SURVEY DATA - NO HUMAN PASSWORDS OR RESPONSES,S0066,high_reuse,shopping_secondary,shopping,G05
SYNTHETIC SURVEY DATA - NO HUMAN PASSWORDS OR RESPONSES,S0066,high_reuse,social_primary,social,G03
SYNTHETIC SURVEY DATA - NO HUMAN PASSWORDS OR RESPONSES,S0066,high_reuse,social_secondary,social,G03
SYNTHETIC SURVEY DATA - NO HUMAN PASSWORDS OR RESPONSES,S0066,high_reuse,music_streaming,entertainment,G03
SYNTHETIC SURVEY DATA - NO HUMAN PASSWORDS OR RESPONSES,S0066,high_reuse,video_streaming,entertainment,G03
SYNTHETIC SURVEY DATA - NO HUMAN PASSWORDS OR RESPONSES,S0066,high_reuse,computer_login,device,G03
SYNTHETIC SURVEY DATA - NO HUMAN PASSWORDS OR RESPONSES,S0066,high_reuse,phone_or_tablet,device,G03
SYNTHETIC SURVEY DATA - NO HUMAN PASSWORDS OR RESPONSES,S0067,moderate_reuse,personal_email,email,G01
SYNTHETIC SURVEY DATA - NO HUMAN PASSWORDS OR RESPONSES,S0067,moderate_reuse,secondary_email,email,G02
SYNTHETIC SURVEY DATA - NO HUMAN PASSWORDS OR RESPONSES,S0067,moderate_reuse,school_or_work_email,work_school,G03
SYNTHETIC SURVEY DATA - NO HUMAN PASSWORDS OR RESPONSES,S0067,moderate_reuse,cloud_productivity,work_school,G01
SYNTHETIC SURVEY DATA - NO HUMAN PASSWORDS OR RESPONSES,S0067,moderate_reuse,banking,finance,G02
SYNTHETIC SURVEY DATA - NO HUMAN PASSWORDS OR RESPONSES,S0067,moderate_reuse,payment_service,finance,G04
SYNTHETIC SURVEY DATA - NO HUMAN PASSWORDS OR RESPONSES,S0067,moderate_reuse,shopping_primary,shopping,G02
SYNTHETIC SURVEY DATA - NO HUMAN PASSWORDS OR RESPONSES,S0067,moderate_reuse,social_primary,social,G03
SYNTHETIC SURVEY DATA - NO HUMAN PASSWORDS OR RESPONSES,S0067,moderate_reuse,music_streaming,entertainment,G04
SYNTHETIC SURVEY DATA - NO HUMAN PASSWORDS OR RESPONSES,S0067,moderate_reuse,video_streaming,entertainment,G04
SYNTHETIC SURVEY DATA - NO HUMAN PASSWORDS OR RESPONSES,S0067,moderate_reuse,phone_or_tablet,device,G03
SYNTHETIC SURVEY DATA - NO HUMAN PASSWORDS OR RESPONSES,S0068,moderate_reuse,personal_email,email,G01
SYNTHETIC SURVEY DATA - NO HUMAN PASSWORDS OR RESPONSES,S0068,moderate_reuse,school_or_work_email,work_school,G02
SYNTHETIC SURVEY DATA - NO HUMAN PASSWORDS OR RESPONSES,S0068,moderate_reuse,school_or_work_portal,work_school,G02
SYNTHETIC SURVEY DATA - NO HUMAN PASSWORDS OR RESPONSES,S0068,moderate_reuse,cloud_productivity,work_school,G03
SYNTHETIC SURVEY DATA - NO HUMAN PASSWORDS OR RESPONSES,S0068,moderate_reuse,banking,finance,G04
SYNTHETIC SURVEY DATA - NO HUMAN PASSWORDS OR RESPONSES,S0068,moderate_reuse,payment_service,finance,G02
SYNTHETIC SURVEY DATA - NO HUMAN PASSWORDS OR RESPONSES,S0068,moderate_reuse,shopping_primary,shopping,G05
SYNTHETIC SURVEY DATA - NO HUMAN PASSWORDS OR RESPONSES,S0068,moderate_reuse,shopping_secondary,shopping,G06
SYNTHETIC SURVEY DATA - NO HUMAN PASSWORDS OR RESPONSES,S0068,moderate_reuse,social_primary,social,G06
SYNTHETIC SURVEY DATA - NO HUMAN PASSWORDS OR RESPONSES,S0068,moderate_reuse,social_secondary,social,G07
SYNTHETIC SURVEY DATA - NO HUMAN PASSWORDS OR RESPONSES,S0068,moderate_reuse,messaging,social,G08
SYNTHETIC SURVEY DATA - NO HUMAN PASSWORDS OR RESPONSES,S0068,moderate_reuse,gaming,entertainment,G05
SYNTHETIC SURVEY DATA - NO HUMAN PASSWORDS OR RESPONSES,S0068,moderate_reuse,music_streaming,entertainment,G09
SYNTHETIC SURVEY DATA - NO HUMAN PASSWORDS OR RESPONSES,S0068,moderate_reuse,video_streaming,entertainment,G10
SYNTHETIC SURVEY DATA - NO HUMAN PASSWORDS OR RESPONSES,S0068,moderate_reuse,computer_login,device,G11
SYNTHETIC SURVEY DATA - NO HUMAN PASSWORDS OR RESPONSES,S0068,moderate_reuse,phone_or_tablet,device,G11
SYNTHETIC SURVEY DATA - NO HUMAN PASSWORDS OR RESPONSES,S0069,moderate_reuse,personal_email,email,G01
SYNTHETIC SURVEY DATA - NO HUMAN PASSWORDS OR RESPONSES,S0069,moderate_reuse,school_or_work_email,work_school,G01
SYNTHETIC SURVEY DATA - NO HUMAN PASSWORDS OR RESPONSES,S0069,moderate_reuse,school_or_work_portal,work_school,G02
SYNTHETIC SURVEY DATA - NO HUMAN PASSWORDS OR RESPONSES,S0069,moderate_reuse,cloud_productivity,work_school,G03
SYNTHETIC SURVEY DATA - NO HUMAN PASSWORDS OR RESPONSES,S0069,moderate_reuse,banking,finance,G01
SYNTHETIC SURVEY DATA - NO HUMAN PASSWORDS OR RESPONSES,S0069,moderate_reuse,payment_service,finance,G04
SYNTHETIC SURVEY DATA - NO HUMAN PASSWORDS OR RESPONSES,S0069,moderate_reuse,shopping_primary,shopping,G01
SYNTHETIC SURVEY DATA - NO HUMAN PASSWORDS OR RESPONSES,S0069,moderate_reuse,shopping_secondary,shopping,G05
SYNTHETIC SURVEY DATA - NO HUMAN PASSWORDS OR RESPONSES,S0069,moderate_reuse,social_primary,social,G01
SYNTHETIC SURVEY DATA - NO HUMAN PASSWORDS OR RESPONSES,S0069,moderate_reuse,social_secondary,social,G01
SYNTHETIC SURVEY DATA - NO HUMAN PASSWORDS OR RESPONSES,S0069,moderate_reuse,music_streaming,entertainment,G01
SYNTHETIC SURVEY DATA - NO HUMAN PASSWORDS OR RESPONSES,S0069,moderate_reuse,video_streaming,entertainment,G06
SYNTHETIC SURVEY DATA - NO HUMAN PASSWORDS OR RESPONSES,S0069,moderate_reuse,computer_login,device,G07
SYNTHETIC SURVEY DATA - NO HUMAN PASSWORDS OR RESPONSES,S0069,moderate_reuse,phone_or_tablet,device,G08
SYNTHETIC SURVEY DATA - NO HUMAN PASSWORDS OR RESPONSES,S0070,high_reuse,personal_email,email,G01
SYNTHETIC SURVEY DATA - NO HUMAN PASSWORDS OR RESPONSES,S0070,high_reuse,school_or_work_email,work_school,G01
SYNTHETIC SURVEY DATA - NO HUMAN PASSWORDS OR RESPONSES,S0070,high_reuse,school_or_work_portal,work_school,G01
SYNTHETIC SURVEY DATA - NO HUMAN PASSWORDS OR RESPONSES,S0070,high_reuse,cloud_productivity,work_school,G01
SYNTHETIC SURVEY DATA - NO HUMAN PASSWORDS OR RESPONSES,S0070,high_reuse,banking,finance,G02
SYNTHETIC SURVEY DATA - NO HUMAN PASSWORDS OR RESPONSES,S0070,high_reuse,payment_service,finance,G01
SYNTHETIC SURVEY DATA - NO HUMAN PASSWORDS OR RESPONSES,S0070,high_reuse,shopping_primary,shopping,G01
SYNTHETIC SURVEY DATA - NO HUMAN PASSWORDS OR RESPONSES,S0070,high_reuse,social_primary,social,G03
SYNTHETIC SURVEY DATA - NO HUMAN PASSWORDS OR RESPONSES,S0070,high_reuse,messaging,social,G03
SYNTHETIC SURVEY DATA - NO HUMAN PASSWORDS OR RESPONSES,S0070,high_reuse,music_streaming,entertainment,G03
SYNTHETIC SURVEY DATA - NO HUMAN PASSWORDS OR RESPONSES,S0070,high_reuse,video_streaming,entertainment,G03
SYNTHETIC SURVEY DATA - NO HUMAN PASSWORDS OR RESPONSES,S0070,high_reuse,computer_login,device,G04
SYNTHETIC SURVEY DATA - NO HUMAN PASSWORDS OR RESPONSES,S0070,high_reuse,phone_or_tablet,device,G05
SYNTHETIC SURVEY DATA - NO HUMAN PASSWORDS OR RESPONSES,S0071,low_reuse,school_or_work_email,work_school,G01
SYNTHETIC SURVEY DATA - NO HUMAN PASSWORDS OR RESPONSES,S0071,low_reuse,school_or_work_portal,work_school,G02
SYNTHETIC SURVEY DATA - NO HUMAN PASSWORDS OR RESPONSES,S0071,low_reuse,cloud_productivity,work_school,G03
SYNTHETIC SURVEY DATA - NO HUMAN PASSWORDS OR RESPONSES,S0071,low_reuse,shopping_primary,shopping,G04
SYNTHETIC SURVEY DATA - NO HUMAN PASSWORDS OR RESPONSES,S0071,low_reuse,social_secondary,social,G05
SYNTHETIC SURVEY DATA - NO HUMAN PASSWORDS OR RESPONSES,S0071,low_reuse,messaging,social,G06
SYNTHETIC SURVEY DATA - NO HUMAN PASSWORDS OR RESPONSES,S0071,low_reuse,gaming,entertainment,G07
SYNTHETIC SURVEY DATA - NO HUMAN PASSWORDS OR RESPONSES,S0071,low_reuse,music_streaming,entertainment,G08
SYNTHETIC SURVEY DATA - NO HUMAN PASSWORDS OR RESPONSES,S0071,low_reuse,video_streaming,entertainment,G09
SYNTHETIC SURVEY DATA - NO HUMAN PASSWORDS OR RESPONSES,S0071,low_reuse,computer_login,device,G10
SYNTHETIC SURVEY DATA - NO HUMAN PASSWORDS OR RESPONSES,S0071,low_reuse,phone_or_tablet,device,G11
SYNTHETIC SURVEY DATA - NO HUMAN PASSWORDS OR RESPONSES,S0072,high_reuse,personal_email,email,G01
SYNTHETIC SURVEY DATA - NO HUMAN PASSWORDS OR RESPONSES,S0072,high_reuse,secondary_email,email,G01
SYNTHETIC SURVEY DATA - NO HUMAN PASSWORDS OR RESPONSES,S0072,high_reuse,school_or_work_email,work_school,G01
SYNTHETIC SURVEY DATA - NO HUMAN PASSWORDS OR RESPONSES,S0072,high_reuse,school_or_work_portal,work_school,G01
SYNTHETIC SURVEY DATA - NO HUMAN PASSWORDS OR RESPONSES,S0072,high_reuse,cloud_productivity,work_school,G01
SYNTHETIC SURVEY DATA - NO HUMAN PASSWORDS OR RESPONSES,S0072,high_reuse,payment_service,finance,G01
SYNTHETIC SURVEY DATA - NO HUMAN PASSWORDS OR RESPONSES,S0072,high_reuse,shopping_primary,shopping,G01
SYNTHETIC SURVEY DATA - NO HUMAN PASSWORDS OR RESPONSES,S0072,high_reuse,shopping_secondary,shopping,G01
SYNTHETIC SURVEY DATA - NO HUMAN PASSWORDS OR RESPONSES,S0072,high_reuse,social_secondary,social,G01
SYNTHETIC SURVEY DATA - NO HUMAN PASSWORDS OR RESPONSES,S0072,high_reuse,messaging,social,G01
SYNTHETIC SURVEY DATA - NO HUMAN PASSWORDS OR RESPONSES,S0072,high_reuse,gaming,entertainment,G01
SYNTHETIC SURVEY DATA - NO HUMAN PASSWORDS OR RESPONSES,S0072,high_reuse,video_streaming,entertainment,G01
SYNTHETIC SURVEY DATA - NO HUMAN PASSWORDS OR RESPONSES,S0072,high_reuse,computer_login,device,G01
SYNTHETIC SURVEY DATA - NO HUMAN PASSWORDS OR RESPONSES,S0072,high_reuse,phone_or_tablet,device,G01
SYNTHETIC SURVEY DATA - NO HUMAN PASSWORDS OR RESPONSES,S0073,low_reuse,personal_email,email,G01
SYNTHETIC SURVEY DATA - NO HUMAN PASSWORDS OR RESPONSES,S0073,low_reuse,school_or_work_email,work_school,G02
SYNTHETIC SURVEY DATA - NO HUMAN PASSWORDS OR RESPONSES,S0073,low_reuse,school_or_work_portal,work_school,G03
SYNTHETIC SURVEY DATA - NO HUMAN PASSWORDS OR RESPONSES,S0073,low_reuse,cloud_productivity,work_school,G04
SYNTHETIC SURVEY DATA - NO HUMAN PASSWORDS OR RESPONSES,S0073,low_reuse,shopping_secondary,shopping,G05
SYNTHETIC SURVEY DATA - NO HUMAN PASSWORDS OR RESPONSES,S0073,low_reuse,social_primary,social,G06
SYNTHETIC SURVEY DATA - NO HUMAN PASSWORDS OR RESPONSES,S0073,low_reuse,social_secondary,social,G07
SYNTHETIC SURVEY DATA - NO HUMAN PASSWORDS OR RESPONSES,S0073,low_reuse,messaging,social,G08
SYNTHETIC SURVEY DATA - NO HUMAN PASSWORDS OR RESPONSES,S0073,low_reuse,gaming,entertainment,G09
SYNTHETIC SURVEY DATA - NO HUMAN PASSWORDS OR RESPONSES,S0073,low_reuse,video_streaming,entertainment,G10
SYNTHETIC SURVEY DATA - NO HUMAN PASSWORDS OR RESPONSES,S0073,low_reuse,computer_login,device,G11
SYNTHETIC SURVEY DATA - NO HUMAN PASSWORDS OR RESPONSES,S0073,low_reuse,phone_or_tablet,device,G11
SYNTHETIC SURVEY DATA - NO HUMAN PASSWORDS OR RESPONSES,S0074,low_reuse,personal_email,email,G01
SYNTHETIC SURVEY DATA - NO HUMAN PASSWORDS OR RESPONSES,S0074,low_reuse,secondary_email,email,G02
SYNTHETIC SURVEY DATA - NO HUMAN PASSWORDS OR RESPONSES,S0074,low_reuse,school_or_work_email,work_school,G03
SYNTHETIC SURVEY DATA - NO HUMAN PASSWORDS OR RESPONSES,S0074,low_reuse,banking,finance,G03
SYNTHETIC SURVEY DATA - NO HUMAN PASSWORDS OR RESPONSES,S0074,low_reuse,payment_service,finance,G04
SYNTHETIC SURVEY DATA - NO HUMAN PASSWORDS OR RESPONSES,S0074,low_reuse,social_primary,social,G05
SYNTHETIC SURVEY DATA - NO HUMAN PASSWORDS OR RESPONSES,S0074,low_reuse,messaging,social,G06
SYNTHETIC SURVEY DATA - NO HUMAN PASSWORDS OR RESPONSES,S0074,low_reuse,gaming,entertainment,G07
SYNTHETIC SURVEY DATA - NO HUMAN PASSWORDS OR RESPONSES,S0074,low_reuse,music_streaming,entertainment,G08
SYNTHETIC SURVEY DATA - NO HUMAN PASSWORDS OR RESPONSES,S0074,low_reuse,video_streaming,entertainment,G09
SYNTHETIC SURVEY DATA - NO HUMAN PASSWORDS OR RESPONSES,S0074,low_reuse,computer_login,device,G10
SYNTHETIC SURVEY DATA - NO HUMAN PASSWORDS OR RESPONSES,S0074,low_reuse,phone_or_tablet,device,G11
SYNTHETIC SURVEY DATA - NO HUMAN PASSWORDS OR RESPONSES,S0075,low_reuse,personal_email,email,G01
SYNTHETIC SURVEY DATA - NO HUMAN PASSWORDS OR RESPONSES,S0075,low_reuse,school_or_work_email,work_school,G02
SYNTHETIC SURVEY DATA - NO HUMAN PASSWORDS OR RESPONSES,S0075,low_reuse,cloud_productivity,work_school,G03
SYNTHETIC SURVEY DATA - NO HUMAN PASSWORDS OR RESPONSES,S0075,low_reuse,payment_service,finance,G04
SYNTHETIC SURVEY DATA - NO HUMAN PASSWORDS OR RESPONSES,S0075,low_reuse,shopping_primary,shopping,G05
SYNTHETIC SURVEY DATA - NO HUMAN PASSWORDS OR RESPONSES,S0075,low_reuse,shopping_secondary,shopping,G06
SYNTHETIC SURVEY DATA - NO HUMAN PASSWORDS OR RESPONSES,S0075,low_reuse,social_primary,social,G07
SYNTHETIC SURVEY DATA - NO HUMAN PASSWORDS OR RESPONSES,S0075,low_reuse,social_secondary,social,G07
SYNTHETIC SURVEY DATA - NO HUMAN PASSWORDS OR RESPONSES,S0075,low_reuse,messaging,social,G08
SYNTHETIC SURVEY DATA - NO HUMAN PASSWORDS OR RESPONSES,S0075,low_reuse,music_streaming,entertainment,G09
SYNTHETIC SURVEY DATA - NO HUMAN PASSWORDS OR RESPONSES,S0075,low_reuse,video_streaming,entertainment,G10
SYNTHETIC SURVEY DATA - NO HUMAN PASSWORDS OR RESPONSES,S0075,low_reuse,phone_or_tablet,device,G11
SYNTHETIC SURVEY DATA - NO HUMAN PASSWORDS OR RESPONSES,S0076,low_reuse,personal_email,email,G01
SYNTHETIC SURVEY DATA - NO HUMAN PASSWORDS OR RESPONSES,S0076,low_reuse,school_or_work_portal,work_school,G02
SYNTHETIC SURVEY DATA - NO HUMAN PASSWORDS OR RESPONSES,S0076,low_reuse,banking,finance,G03
SYNTHETIC SURVEY DATA - NO HUMAN PASSWORDS OR RESPONSES,S0076,low_reuse,payment_service,finance,G04
SYNTHETIC SURVEY DATA - NO HUMAN PASSWORDS OR RESPONSES,S0076,low_reuse,shopping_primary,shopping,G05
SYNTHETIC SURVEY DATA - NO HUMAN PASSWORDS OR RESPONSES,S0076,low_reuse,shopping_secondary,shopping,G06
SYNTHETIC SURVEY DATA - NO HUMAN PASSWORDS OR RESPONSES,S0076,low_reuse,social_primary,social,G07
SYNTHETIC SURVEY DATA - NO HUMAN PASSWORDS OR RESPONSES,S0076,low_reuse,messaging,social,G08
SYNTHETIC SURVEY DATA - NO HUMAN PASSWORDS OR RESPONSES,S0076,low_reuse,gaming,entertainment,G09
SYNTHETIC SURVEY DATA - NO HUMAN PASSWORDS OR RESPONSES,S0076,low_reuse,music_streaming,entertainment,G10
SYNTHETIC SURVEY DATA - NO HUMAN PASSWORDS OR RESPONSES,S0076,low_reuse,video_streaming,entertainment,G11
SYNTHETIC SURVEY DATA - NO HUMAN PASSWORDS OR RESPONSES,S0076,low_reuse,computer_login,device,G12
SYNTHETIC SURVEY DATA - NO HUMAN PASSWORDS OR RESPONSES,S0076,low_reuse,phone_or_tablet,device,G13
SYNTHETIC SURVEY DATA - NO HUMAN PASSWORDS OR RESPONSES,S0077,moderate_reuse,personal_email,email,G01
SYNTHETIC SURVEY DATA - NO HUMAN PASSWORDS OR RESPONSES,S0077,moderate_reuse,secondary_email,email,G02
SYNTHETIC SURVEY DATA - NO HUMAN PASSWORDS OR RESPONSES,S0077,moderate_reuse,school_or_work_email,work_school,G03
SYNTHETIC SURVEY DATA - NO HUMAN PASSWORDS OR RESPONSES,S0077,moderate_reuse,school_or_work_portal,work_school,G04
SYNTHETIC SURVEY DATA - NO HUMAN PASSWORDS OR RESPONSES,S0077,moderate_reuse,cloud_productivity,work_school,G03
SYNTHETIC SURVEY DATA - NO HUMAN PASSWORDS OR RESPONSES,S0077,moderate_reuse,banking,finance,G03
SYNTHETIC SURVEY DATA - NO HUMAN PASSWORDS OR RESPONSES,S0077,moderate_reuse,payment_service,finance,G03
SYNTHETIC SURVEY DATA - NO HUMAN PASSWORDS OR RESPONSES,S0077,moderate_reuse,shopping_primary,shopping,G03
SYNTHETIC SURVEY DATA - NO HUMAN PASSWORDS OR RESPONSES,S0077,moderate_reuse,shopping_secondary,shopping,G01
SYNTHETIC SURVEY DATA - NO HUMAN PASSWORDS OR RESPONSES,S0077,moderate_reuse,social_secondary,social,G05
SYNTHETIC SURVEY DATA - NO HUMAN PASSWORDS OR RESPONSES,S0077,moderate_reuse,messaging,social,G06
SYNTHETIC SURVEY DATA - NO HUMAN PASSWORDS OR RESPONSES,S0077,moderate_reuse,video_streaming,entertainment,G07
SYNTHETIC SURVEY DATA - NO HUMAN PASSWORDS OR RESPONSES,S0077,moderate_reuse,computer_login,device,G03
SYNTHETIC SURVEY DATA - NO HUMAN PASSWORDS OR RESPONSES,S0077,moderate_reuse,phone_or_tablet,device,G08
SYNTHETIC SURVEY DATA - NO HUMAN PASSWORDS OR RESPONSES,S0078,moderate_reuse,personal_email,email,G01
SYNTHETIC SURVEY DATA - NO HUMAN PASSWORDS OR RESPONSES,S0078,moderate_reuse,school_or_work_portal,work_school,G01
SYNTHETIC SURVEY DATA - NO HUMAN PASSWORDS OR RESPONSES,S0078,moderate_reuse,cloud_productivity,work_school,G02
SYNTHETIC SURVEY DATA - NO HUMAN PASSWORDS OR RESPONSES,S0078,moderate_reuse,payment_service,finance,G03
SYNTHETIC SURVEY DATA - NO HUMAN PASSWORDS OR RESPONSES,S0078,moderate_reuse,shopping_primary,shopping,G04
SYNTHETIC SURVEY DATA - NO HUMAN PASSWORDS OR RESPONSES,S0078,moderate_reuse,shopping_secondary,shopping,G05
SYNTHETIC SURVEY DATA - NO HUMAN PASSWORDS OR RESPONSES,S0078,moderate_reuse,social_primary,social,G06
SYNTHETIC SURVEY DATA - NO HUMAN PASSWORDS OR RESPONSES,S0078,moderate_reuse,social_secondary,social,G07
SYNTHETIC SURVEY DATA - NO HUMAN PASSWORDS OR RESPONSES,S0078,moderate_reuse,messaging,social,G08
SYNTHETIC SURVEY DATA - NO HUMAN PASSWORDS OR RESPONSES,S0078,moderate_reuse,gaming,entertainment,G07
SYNTHETIC SURVEY DATA - NO HUMAN PASSWORDS OR RESPONSES,S0078,moderate_reuse,video_streaming,entertainment,G09
SYNTHETIC SURVEY DATA - NO HUMAN PASSWORDS OR RESPONSES,S0078,moderate_reuse,computer_login,device,G10
SYNTHETIC SURVEY DATA - NO HUMAN PASSWORDS OR RESPONSES,S0078,moderate_reuse,phone_or_tablet,device,G11
SYNTHETIC SURVEY DATA - NO HUMAN PASSWORDS OR RESPONSES,S0079,moderate_reuse,personal_email,email,G01
SYNTHETIC SURVEY DATA - NO HUMAN PASSWORDS OR RESPONSES,S0079,moderate_reuse,secondary_email,email,G01
SYNTHETIC SURVEY DATA - NO HUMAN PASSWORDS OR RESPONSES,S0079,moderate_reuse,school_or_work_email,work_school,G02
SYNTHETIC SURVEY DATA - NO HUMAN PASSWORDS OR RESPONSES,S0079,moderate_reuse,school_or_work_portal,work_school,G03
SYNTHETIC SURVEY DATA - NO HUMAN PASSWORDS OR RESPONSES,S0079,moderate_reuse,shopping_primary,shopping,G04
SYNTHETIC SURVEY DATA - NO HUMAN PASSWORDS OR RESPONSES,S0079,moderate_reuse,shopping_secondary,shopping,G05
SYNTHETIC SURVEY DATA - NO HUMAN PASSWORDS OR RESPONSES,S0079,moderate_reuse,social_primary,social,G04
SYNTHETIC SURVEY DATA - NO HUMAN PASSWORDS OR RESPONSES,S0079,moderate_reuse,social_secondary,social,G06
SYNTHETIC SURVEY DATA - NO HUMAN PASSWORDS OR RESPONSES,S0079,moderate_reuse,messaging,social,G06
SYNTHETIC SURVEY DATA - NO HUMAN PASSWORDS OR RESPONSES,S0079,moderate_reuse,music_streaming,entertainment,G03
SYNTHETIC SURVEY DATA - NO HUMAN PASSWORDS OR RESPONSES,S0079,moderate_reuse,video_streaming,entertainment,G03
SYNTHETIC SURVEY DATA - NO HUMAN PASSWORDS OR RESPONSES,S0079,moderate_reuse,computer_login,device,G07
SYNTHETIC SURVEY DATA - NO HUMAN PASSWORDS OR RESPONSES,S0079,moderate_reuse,phone_or_tablet,device,G08
SYNTHETIC SURVEY DATA - NO HUMAN PASSWORDS OR RESPONSES,S0080,high_reuse,personal_email,email,G01
SYNTHETIC SURVEY DATA - NO HUMAN PASSWORDS OR RESPONSES,S0080,high_reuse,secondary_email,email,G01
SYNTHETIC SURVEY DATA - NO HUMAN PASSWORDS OR RESPONSES,S0080,high_reuse,school_or_work_email,work_school,G01
SYNTHETIC SURVEY DATA - NO HUMAN PASSWORDS OR RESPONSES,S0080,high_reuse,school_or_work_portal,work_school,G01
SYNTHETIC SURVEY DATA - NO HUMAN PASSWORDS OR RESPONSES,S0080,high_reuse,banking,finance,G01
SYNTHETIC SURVEY DATA - NO HUMAN PASSWORDS OR RESPONSES,S0080,high_reuse,shopping_primary,shopping,G01
SYNTHETIC SURVEY DATA - NO HUMAN PASSWORDS OR RESPONSES,S0080,high_reuse,shopping_secondary,shopping,G01
SYNTHETIC SURVEY DATA - NO HUMAN PASSWORDS OR RESPONSES,S0080,high_reuse,social_primary,social,G01
SYNTHETIC SURVEY DATA - NO HUMAN PASSWORDS OR RESPONSES,S0080,high_reuse,social_secondary,social,G01
SYNTHETIC SURVEY DATA - NO HUMAN PASSWORDS OR RESPONSES,S0080,high_reuse,messaging,social,G01
SYNTHETIC SURVEY DATA - NO HUMAN PASSWORDS OR RESPONSES,S0080,high_reuse,gaming,entertainment,G01
SYNTHETIC SURVEY DATA - NO HUMAN PASSWORDS OR RESPONSES,S0080,high_reuse,video_streaming,entertainment,G01
SYNTHETIC SURVEY DATA - NO HUMAN PASSWORDS OR RESPONSES,S0080,high_reuse,computer_login,device,G01
SYNTHETIC SURVEY DATA - NO HUMAN PASSWORDS OR RESPONSES,S0080,high_reuse,phone_or_tablet,device,G01
SYNTHETIC SURVEY DATA - NO HUMAN PASSWORDS OR RESPONSES,S0081,moderate_reuse,personal_email,email,G01
SYNTHETIC SURVEY DATA - NO HUMAN PASSWORDS OR RESPONSES,S0081,moderate_reuse,secondary_email,email,G01
SYNTHETIC SURVEY DATA - NO HUMAN PASSWORDS OR RESPONSES,S0081,moderate_reuse,school_or_work_email,work_school,G01
SYNTHETIC SURVEY DATA - NO HUMAN PASSWORDS OR RESPONSES,S0081,moderate_reuse,school_or_work_portal,work_school,G02
SYNTHETIC SURVEY DATA - NO HUMAN PASSWORDS OR RESPONSES,S0081,moderate_reuse,cloud_productivity,work_school,G01
SYNTHETIC SURVEY DATA - NO HUMAN PASSWORDS OR RESPONSES,S0081,moderate_reuse,banking,finance,G03
SYNTHETIC SURVEY DATA - NO HUMAN PASSWORDS OR RESPONSES,S0081,moderate_reuse,payment_service,finance,G04
SYNTHETIC SURVEY DATA - NO HUMAN PASSWORDS OR RESPONSES,S0081,moderate_reuse,shopping_primary,shopping,G03
SYNTHETIC SURVEY DATA - NO HUMAN PASSWORDS OR RESPONSES,S0081,moderate_reuse,shopping_secondary,shopping,G05
SYNTHETIC SURVEY DATA - NO HUMAN PASSWORDS OR RESPONSES,S0081,moderate_reuse,social_primary,social,G06
SYNTHETIC SURVEY DATA - NO HUMAN PASSWORDS OR RESPONSES,S0081,moderate_reuse,messaging,social,G06
SYNTHETIC SURVEY DATA - NO HUMAN PASSWORDS OR RESPONSES,S0081,moderate_reuse,gaming,entertainment,G06
SYNTHETIC SURVEY DATA - NO HUMAN PASSWORDS OR RESPONSES,S0081,moderate_reuse,music_streaming,entertainment,G04
SYNTHETIC SURVEY DATA - NO HUMAN PASSWORDS OR RESPONSES,S0081,moderate_reuse,video_streaming,entertainment,G06
SYNTHETIC SURVEY DATA - NO HUMAN PASSWORDS OR RESPONSES,S0081,moderate_reuse,computer_login,device,G07
SYNTHETIC SURVEY DATA - NO HUMAN PASSWORDS OR RESPONSES,S0081,moderate_reuse,phone_or_tablet,device,G07
SYNTHETIC SURVEY DATA - NO HUMAN PASSWORDS OR RESPONSES,S0082,moderate_reuse,personal_email,email,G01
SYNTHETIC SURVEY DATA - NO HUMAN PASSWORDS OR RESPONSES,S0082,moderate_reuse,secondary_email,email,G02
SYNTHETIC SURVEY DATA - NO HUMAN PASSWORDS OR RESPONSES,S0082,moderate_reuse,school_or_work_email,work_school,G03
SYNTHETIC SURVEY DATA - NO HUMAN PASSWORDS OR RESPONSES,S0082,moderate_reuse,school_or_work_portal,work_school,G04
SYNTHETIC SURVEY DATA - NO HUMAN PASSWORDS OR RESPONSES,S0082,moderate_reuse,banking,finance,G05
SYNTHETIC SURVEY DATA - NO HUMAN PASSWORDS OR RESPONSES,S0082,moderate_reuse,payment_service,finance,G05
SYNTHETIC SURVEY DATA - NO HUMAN PASSWORDS OR RESPONSES,S0082,moderate_reuse,shopping_primary,shopping,G02
SYNTHETIC SURVEY DATA - NO HUMAN PASSWORDS OR RESPONSES,S0082,moderate_reuse,shopping_secondary,shopping,G06
SYNTHETIC SURVEY DATA - NO HUMAN PASSWORDS OR RESPONSES,S0082,moderate_reuse,social_primary,social,G07
SYNTHETIC SURVEY DATA - NO HUMAN PASSWORDS OR RESPONSES,S0082,moderate_reuse,gaming,entertainment,G08
SYNTHETIC SURVEY DATA - NO HUMAN PASSWORDS OR RESPONSES,S0082,moderate_reuse,music_streaming,entertainment,G09
SYNTHETIC SURVEY DATA - NO HUMAN PASSWORDS OR RESPONSES,S0082,moderate_reuse,video_streaming,entertainment,G10
SYNTHETIC SURVEY DATA - NO HUMAN PASSWORDS OR RESPONSES,S0082,moderate_reuse,computer_login,device,G05
SYNTHETIC SURVEY DATA - NO HUMAN PASSWORDS OR RESPONSES,S0082,moderate_reuse,phone_or_tablet,device,G05
SYNTHETIC SURVEY DATA - NO HUMAN PASSWORDS OR RESPONSES,S0083,moderate_reuse,personal_email,email,G01
SYNTHETIC SURVEY DATA - NO HUMAN PASSWORDS OR RESPONSES,S0083,moderate_reuse,school_or_work_email,work_school,G01
SYNTHETIC SURVEY DATA - NO HUMAN PASSWORDS OR RESPONSES,S0083,moderate_reuse,school_or_work_portal,work_school,G02
SYNTHETIC SURVEY DATA - NO HUMAN PASSWORDS OR RESPONSES,S0083,moderate_reuse,cloud_productivity,work_school,G02
SYNTHETIC SURVEY DATA - NO HUMAN PASSWORDS OR RESPONSES,S0083,moderate_reuse,banking,finance,G03
SYNTHETIC SURVEY DATA - NO HUMAN PASSWORDS OR RESPONSES,S0083,moderate_reuse,payment_service,finance,G03
SYNTHETIC SURVEY DATA - NO HUMAN PASSWORDS OR RESPONSES,S0083,moderate_reuse,shopping_primary,shopping,G04
SYNTHETIC SURVEY DATA - NO HUMAN PASSWORDS OR RESPONSES,S0083,moderate_reuse,social_primary,social,G05
SYNTHETIC SURVEY DATA - NO HUMAN PASSWORDS OR RESPONSES,S0083,moderate_reuse,messaging,social,G05
SYNTHETIC SURVEY DATA - NO HUMAN PASSWORDS OR RESPONSES,S0083,moderate_reuse,gaming,entertainment,G01
SYNTHETIC SURVEY DATA - NO HUMAN PASSWORDS OR RESPONSES,S0083,moderate_reuse,video_streaming,entertainment,G01
SYNTHETIC SURVEY DATA - NO HUMAN PASSWORDS OR RESPONSES,S0083,moderate_reuse,computer_login,device,G06
SYNTHETIC SURVEY DATA - NO HUMAN PASSWORDS OR RESPONSES,S0083,moderate_reuse,phone_or_tablet,device,G07
SYNTHETIC SURVEY DATA - NO HUMAN PASSWORDS OR RESPONSES,S0084,low_reuse,personal_email,email,G01
SYNTHETIC SURVEY DATA - NO HUMAN PASSWORDS OR RESPONSES,S0084,low_reuse,school_or_work_email,work_school,G02
SYNTHETIC SURVEY DATA - NO HUMAN PASSWORDS OR RESPONSES,S0084,low_reuse,school_or_work_portal,work_school,G03
SYNTHETIC SURVEY DATA - NO HUMAN PASSWORDS OR RESPONSES,S0084,low_reuse,cloud_productivity,work_school,G04
SYNTHETIC SURVEY DATA - NO HUMAN PASSWORDS OR RESPONSES,S0084,low_reuse,banking,finance,G05
SYNTHETIC SURVEY DATA - NO HUMAN PASSWORDS OR RESPONSES,S0084,low_reuse,payment_service,finance,G06
SYNTHETIC SURVEY DATA - NO HUMAN PASSWORDS OR RESPONSES,S0084,low_reuse,shopping_primary,shopping,G07
SYNTHETIC SURVEY DATA - NO HUMAN PASSWORDS OR RESPONSES,S0084,low_reuse,social_primary,social,G08
SYNTHETIC SURVEY DATA - NO HUMAN PASSWORDS OR RESPONSES,S0084,low_reuse,messaging,social,G09
SYNTHETIC SURVEY DATA - NO HUMAN PASSWORDS OR RESPONSES,S0084,low_reuse,gaming,entertainment,G10
SYNTHETIC SURVEY DATA - NO HUMAN PASSWORDS OR RESPONSES,S0084,low_reuse,music_streaming,entertainment,G11
SYNTHETIC SURVEY DATA - NO HUMAN PASSWORDS OR RESPONSES,S0084,low_reuse,video_streaming,entertainment,G10
SYNTHETIC SURVEY DATA - NO HUMAN PASSWORDS OR RESPONSES,S0084,low_reuse,computer_login,device,G12
SYNTHETIC SURVEY DATA - NO HUMAN PASSWORDS OR RESPONSES,S0084,low_reuse,phone_or_tablet,device,G13
SYNTHETIC SURVEY DATA - NO HUMAN PASSWORDS OR RESPONSES,S0085,low_reuse,personal_email,email,G01
SYNTHETIC SURVEY DATA - NO HUMAN PASSWORDS OR RESPONSES,S0085,low_reuse,secondary_email,email,G02
SYNTHETIC SURVEY DATA - NO HUMAN PASSWORDS OR RESPONSES,S0085,low_reuse,school_or_work_email,work_school,G03
SYNTHETIC SURVEY DATA - NO HUMAN PASSWORDS OR RESPONSES,S0085,low_reuse,cloud_productivity,work_school,G04
SYNTHETIC SURVEY DATA - NO HUMAN PASSWORDS OR RESPONSES,S0085,low_reuse,banking,finance,G05
SYNTHETIC SURVEY DATA - NO HUMAN PASSWORDS OR RESPONSES,S0085,low_reuse,shopping_primary,shopping,G06
SYNTHETIC SURVEY DATA - NO HUMAN PASSWORDS OR RESPONSES,S0085,low_reuse,shopping_secondary,shopping,G07
SYNTHETIC SURVEY DATA - NO HUMAN PASSWORDS OR RESPONSES,S0085,low_reuse,social_primary,social,G08
SYNTHETIC SURVEY DATA - NO HUMAN PASSWORDS OR RESPONSES,S0085,low_reuse,messaging,social,G09
SYNTHETIC SURVEY DATA - NO HUMAN PASSWORDS OR RESPONSES,S0085,low_reuse,video_streaming,entertainment,G10
SYNTHETIC SURVEY DATA - NO HUMAN PASSWORDS OR RESPONSES,S0085,low_reuse,phone_or_tablet,device,G11
SYNTHETIC SURVEY DATA - NO HUMAN PASSWORDS OR RESPONSES,S0086,moderate_reuse,personal_email,email,G01
SYNTHETIC SURVEY DATA - NO HUMAN PASSWORDS OR RESPONSES,S0086,moderate_reuse,secondary_email,email,G01
SYNTHETIC SURVEY DATA - NO HUMAN PASSWORDS OR RESPONSES,S0086,moderate_reuse,school_or_work_email,work_school,G02
SYNTHETIC SURVEY DATA - NO HUMAN PASSWORDS OR RESPONSES,S0086,moderate_reuse,cloud_productivity,work_school,G02
SYNTHETIC SURVEY DATA - NO HUMAN PASSWORDS OR RESPONSES,S0086,moderate_reuse,banking,finance,G03
SYNTHETIC SURVEY DATA - NO HUMAN PASSWORDS OR RESPONSES,S0086,moderate_reuse,shopping_primary,shopping,G04
SYNTHETIC SURVEY DATA - NO HUMAN PASSWORDS OR RESPONSES,S0086,moderate_reuse,social_primary,social,G05
SYNTHETIC SURVEY DATA - NO HUMAN PASSWORDS OR RESPONSES,S0086,moderate_reuse,social_secondary,social,G04
SYNTHETIC SURVEY DATA - NO HUMAN PASSWORDS OR RESPONSES,S0086,moderate_reuse,messaging,social,G05
SYNTHETIC SURVEY DATA - NO HUMAN PASSWORDS OR RESPONSES,S0086,moderate_reuse,music_streaming,entertainment,G06
SYNTHETIC SURVEY DATA - NO HUMAN PASSWORDS OR RESPONSES,S0086,moderate_reuse,video_streaming,entertainment,G07
SYNTHETIC SURVEY DATA - NO HUMAN PASSWORDS OR RESPONSES,S0086,moderate_reuse,computer_login,device,G08
SYNTHETIC SURVEY DATA - NO HUMAN PASSWORDS OR RESPONSES,S0086,moderate_reuse,phone_or_tablet,device,G09
SYNTHETIC SURVEY DATA - NO HUMAN PASSWORDS OR RESPONSES,S0087,high_reuse,personal_email,email,G01
SYNTHETIC SURVEY DATA - NO HUMAN PASSWORDS OR RESPONSES,S0087,high_reuse,secondary_email,email,G01
SYNTHETIC SURVEY DATA - NO HUMAN PASSWORDS OR RESPONSES,S0087,high_reuse,school_or_work_email,work_school,G01
SYNTHETIC SURVEY DATA - NO HUMAN PASSWORDS OR RESPONSES,S0087,high_reuse,school_or_work_portal,work_school,G02
SYNTHETIC SURVEY DATA - NO HUMAN PASSWORDS OR RESPONSES,S0087,high_reuse,cloud_productivity,work_school,G01
SYNTHETIC SURVEY DATA - NO HUMAN PASSWORDS OR RESPONSES,S0087,high_reuse,banking,finance,G01
SYNTHETIC SURVEY DATA - NO HUMAN PASSWORDS OR RESPONSES,S0087,high_reuse,payment_service,finance,G03
SYNTHETIC SURVEY DATA - NO HUMAN PASSWORDS OR RESPONSES,S0087,high_reuse,shopping_primary,shopping,G04
SYNTHETIC SURVEY DATA - NO HUMAN PASSWORDS OR RESPONSES,S0087,high_reuse,social_primary,social,G01
SYNTHETIC SURVEY DATA - NO HUMAN PASSWORDS OR RESPONSES,S0087,high_reuse,social_secondary,social,G05
SYNTHETIC SURVEY DATA - NO HUMAN PASSWORDS OR RESPONSES,S0087,high_reuse,messaging,social,G01
SYNTHETIC SURVEY DATA - NO HUMAN PASSWORDS OR RESPONSES,S0087,high_reuse,video_streaming,entertainment,G01
SYNTHETIC SURVEY DATA - NO HUMAN PASSWORDS OR RESPONSES,S0087,high_reuse,computer_login,device,G01
SYNTHETIC SURVEY DATA - NO HUMAN PASSWORDS OR RESPONSES,S0087,high_reuse,phone_or_tablet,device,G01
SYNTHETIC SURVEY DATA - NO HUMAN PASSWORDS OR RESPONSES,S0088,high_reuse,personal_email,email,G01
SYNTHETIC SURVEY DATA - NO HUMAN PASSWORDS OR RESPONSES,S0088,high_reuse,secondary_email,email,G02
SYNTHETIC SURVEY DATA - NO HUMAN PASSWORDS OR RESPONSES,S0088,high_reuse,school_or_work_email,work_school,G02
SYNTHETIC SURVEY DATA - NO HUMAN PASSWORDS OR RESPONSES,S0088,high_reuse,school_or_work_portal,work_school,G02
SYNTHETIC SURVEY DATA - NO HUMAN PASSWORDS OR RESPONSES,S0088,high_reuse,cloud_productivity,work_school,G03
SYNTHETIC SURVEY DATA - NO HUMAN PASSWORDS OR RESPONSES,S0088,high_reuse,banking,finance,G03
SYNTHETIC SURVEY DATA - NO HUMAN PASSWORDS OR RESPONSES,S0088,high_reuse,shopping_primary,shopping,G04
SYNTHETIC SURVEY DATA - NO HUMAN PASSWORDS OR RESPONSES,S0088,high_reuse,shopping_secondary,shopping,G04
SYNTHETIC SURVEY DATA - NO HUMAN PASSWORDS OR RESPONSES,S0088,high_reuse,social_primary,social,G04
SYNTHETIC SURVEY DATA - NO HUMAN PASSWORDS OR RESPONSES,S0088,high_reuse,messaging,social,G02
SYNTHETIC SURVEY DATA - NO HUMAN PASSWORDS OR RESPONSES,S0088,high_reuse,gaming,entertainment,G02
SYNTHETIC SURVEY DATA - NO HUMAN PASSWORDS OR RESPONSES,S0088,high_reuse,music_streaming,entertainment,G02
SYNTHETIC SURVEY DATA - NO HUMAN PASSWORDS OR RESPONSES,S0088,high_reuse,video_streaming,entertainment,G03
SYNTHETIC SURVEY DATA - NO HUMAN PASSWORDS OR RESPONSES,S0088,high_reuse,phone_or_tablet,device,G05
SYNTHETIC SURVEY DATA - NO HUMAN PASSWORDS OR RESPONSES,S0089,moderate_reuse,personal_email,email,G01
SYNTHETIC SURVEY DATA - NO HUMAN PASSWORDS OR RESPONSES,S0089,moderate_reuse,school_or_work_portal,work_school,G01
SYNTHETIC SURVEY DATA - NO HUMAN PASSWORDS OR RESPONSES,S0089,moderate_reuse,cloud_productivity,work_school,G01
SYNTHETIC SURVEY DATA - NO HUMAN PASSWORDS OR RESPONSES,S0089,moderate_reuse,payment_service,finance,G01
SYNTHETIC SURVEY DATA - NO HUMAN PASSWORDS OR RESPONSES,S0089,moderate_reuse,shopping_primary,shopping,G02
SYNTHETIC SURVEY DATA - NO HUMAN PASSWORDS OR RESPONSES,S0089,moderate_reuse,shopping_secondary,shopping,G02
SYNTHETIC SURVEY DATA - NO HUMAN PASSWORDS OR RESPONSES,S0089,moderate_reuse,social_primary,social,G03
SYNTHETIC SURVEY DATA - NO HUMAN PASSWORDS OR RESPONSES,S0089,moderate_reuse,messaging,social,G04
SYNTHETIC SURVEY DATA - NO HUMAN PASSWORDS OR RESPONSES,S0089,moderate_reuse,gaming,entertainment,G02
SYNTHETIC SURVEY DATA - NO HUMAN PASSWORDS OR RESPONSES,S0089,moderate_reuse,music_streaming,entertainment,G02
SYNTHETIC SURVEY DATA - NO HUMAN PASSWORDS OR RESPONSES,S0089,moderate_reuse,video_streaming,entertainment,G05
SYNTHETIC SURVEY DATA - NO HUMAN PASSWORDS OR RESPONSES,S0089,moderate_reuse,computer_login,device,G06
SYNTHETIC SURVEY DATA - NO HUMAN PASSWORDS OR RESPONSES,S0089,moderate_reuse,phone_or_tablet,device,G07
SYNTHETIC SURVEY DATA - NO HUMAN PASSWORDS OR RESPONSES,S0090,low_reuse,personal_email,email,G01
SYNTHETIC SURVEY DATA - NO HUMAN PASSWORDS OR RESPONSES,S0090,low_reuse,secondary_email,email,G02
SYNTHETIC SURVEY DATA - NO HUMAN PASSWORDS OR RESPONSES,S0090,low_reuse,school_or_work_email,work_school,G03
SYNTHETIC SURVEY DATA - NO HUMAN PASSWORDS OR RESPONSES,S0090,low_reuse,school_or_work_portal,work_school,G03
SYNTHETIC SURVEY DATA - NO HUMAN PASSWORDS OR RESPONSES,S0090,low_reuse,cloud_productivity,work_school,G04
SYNTHETIC SURVEY DATA - NO HUMAN PASSWORDS OR RESPONSES,S0090,low_reuse,banking,finance,G05
SYNTHETIC SURVEY DATA - NO HUMAN PASSWORDS OR RESPONSES,S0090,low_reuse,payment_service,finance,G06
SYNTHETIC SURVEY DATA - NO HUMAN PASSWORDS OR RESPONSES,S0090,low_reuse,shopping_primary,shopping,G07
SYNTHETIC SURVEY DATA - NO HUMAN PASSWORDS OR RESPONSES,S0090,low_reuse,shopping_secondary,shopping,G08
SYNTHETIC SURVEY DATA - NO HUMAN PASSWORDS OR RESPONSES,S0090,low_reuse,social_primary,social,G09
SYNTHETIC SURVEY DATA - NO HUMAN PASSWORDS OR RESPONSES,S0090,low_reuse,social_secondary,social,G10
SYNTHETIC SURVEY DATA - NO HUMAN PASSWORDS OR RESPONSES,S0090,low_reuse,messaging,social,G11
SYNTHETIC SURVEY DATA - NO HUMAN PASSWORDS OR RESPONSES,S0090,low_reuse,gaming,entertainment,G01
SYNTHETIC SURVEY DATA - NO HUMAN PASSWORDS OR RESPONSES,S0090,low_reuse,music_streaming,entertainment,G12
SYNTHETIC SURVEY DATA - NO HUMAN PASSWORDS OR RESPONSES,S0090,low_reuse,video_streaming,entertainment,G13
SYNTHETIC SURVEY DATA - NO HUMAN PASSWORDS OR RESPONSES,S0090,low_reuse,computer_login,device,G14
SYNTHETIC SURVEY DATA - NO HUMAN PASSWORDS OR RESPONSES,S0090,low_reuse,phone_or_tablet,device,G15
SYNTHETIC SURVEY DATA - NO HUMAN PASSWORDS OR RESPONSES,S0091,moderate_reuse,personal_email,email,G01
SYNTHETIC SURVEY DATA - NO HUMAN PASSWORDS OR RESPONSES,S0091,moderate_reuse,secondary_email,email,G01
SYNTHETIC SURVEY DATA - NO HUMAN PASSWORDS OR RESPONSES,S0091,moderate_reuse,school_or_work_email,work_school,G02
SYNTHETIC SURVEY DATA - NO HUMAN PASSWORDS OR RESPONSES,S0091,moderate_reuse,school_or_work_portal,work_school,G03
SYNTHETIC SURVEY DATA - NO HUMAN PASSWORDS OR RESPONSES,S0091,moderate_reuse,cloud_productivity,work_school,G01
SYNTHETIC SURVEY DATA - NO HUMAN PASSWORDS OR RESPONSES,S0091,moderate_reuse,banking,finance,G04
SYNTHETIC SURVEY DATA - NO HUMAN PASSWORDS OR RESPONSES,S0091,moderate_reuse,payment_service,finance,G05
SYNTHETIC SURVEY DATA - NO HUMAN PASSWORDS OR RESPONSES,S0091,moderate_reuse,shopping_primary,shopping,G01
SYNTHETIC SURVEY DATA - NO HUMAN PASSWORDS OR RESPONSES,S0091,moderate_reuse,social_primary,social,G06
SYNTHETIC SURVEY DATA - NO HUMAN PASSWORDS OR RESPONSES,S0091,moderate_reuse,social_secondary,social,G07
SYNTHETIC SURVEY DATA - NO HUMAN PASSWORDS OR RESPONSES,S0091,moderate_reuse,messaging,social,G07
SYNTHETIC SURVEY DATA - NO HUMAN PASSWORDS OR RESPONSES,S0091,moderate_reuse,music_streaming,entertainment,G08
SYNTHETIC SURVEY DATA - NO HUMAN PASSWORDS OR RESPONSES,S0091,moderate_reuse,video_streaming,entertainment,G09
SYNTHETIC SURVEY DATA - NO HUMAN PASSWORDS OR RESPONSES,S0091,moderate_reuse,computer_login,device,G10
SYNTHETIC SURVEY DATA - NO HUMAN PASSWORDS OR RESPONSES,S0091,moderate_reuse,phone_or_tablet,device,G10
SYNTHETIC SURVEY DATA - NO HUMAN PASSWORDS OR RESPONSES,S0092,high_reuse,school_or_work_email,work_school,G01
SYNTHETIC SURVEY DATA - NO HUMAN PASSWORDS OR RESPONSES,S0092,high_reuse,school_or_work_portal,work_school,G01
SYNTHETIC SURVEY DATA - NO HUMAN PASSWORDS OR RESPONSES,S0092,high_reuse,cloud_productivity,work_school,G01
SYNTHETIC SURVEY DATA - NO HUMAN PASSWORDS OR RESPONSES,S0092,high_reuse,banking,finance,G01
SYNTHETIC SURVEY DATA - NO HUMAN PASSWORDS OR RESPONSES,S0092,high_reuse,shopping_primary,shopping,G01
SYNTHETIC SURVEY DATA - NO HUMAN PASSWORDS OR RESPONSES,S0092,high_reuse,shopping_secondary,shopping,G01
SYNTHETIC SURVEY DATA - NO HUMAN PASSWORDS OR RESPONSES,S0092,high_reuse,social_secondary,social,G02
SYNTHETIC SURVEY DATA - NO HUMAN PASSWORDS OR RESPONSES,S0092,high_reuse,gaming,entertainment,G03
SYNTHETIC SURVEY DATA - NO HUMAN PASSWORDS OR RESPONSES,S0092,high_reuse,computer_login,device,G01
SYNTHETIC SURVEY DATA - NO HUMAN PASSWORDS OR RESPONSES,S0092,high_reuse,phone_or_tablet,device,G01
SYNTHETIC SURVEY DATA - NO HUMAN PASSWORDS OR RESPONSES,S0093,low_reuse,secondary_email,email,G01
SYNTHETIC SURVEY DATA - NO HUMAN PASSWORDS OR RESPONSES,S0093,low_reuse,cloud_productivity,work_school,G01
SYNTHETIC SURVEY DATA - NO HUMAN PASSWORDS OR RESPONSES,S0093,low_reuse,banking,finance,G02
SYNTHETIC SURVEY DATA - NO HUMAN PASSWORDS OR RESPONSES,S0093,low_reuse,payment_service,finance,G03
SYNTHETIC SURVEY DATA - NO HUMAN PASSWORDS OR RESPONSES,S0093,low_reuse,social_primary,social,G04
SYNTHETIC SURVEY DATA - NO HUMAN PASSWORDS OR RESPONSES,S0093,low_reuse,messaging,social,G05
SYNTHETIC SURVEY DATA - NO HUMAN PASSWORDS OR RESPONSES,S0093,low_reuse,music_streaming,entertainment,G06
SYNTHETIC SURVEY DATA - NO HUMAN PASSWORDS OR RESPONSES,S0093,low_reuse,phone_or_tablet,device,G07
SYNTHETIC SURVEY DATA - NO HUMAN PASSWORDS OR RESPONSES,S0094,low_reuse,personal_email,email,G01
SYNTHETIC SURVEY DATA - NO HUMAN PASSWORDS OR RESPONSES,S0094,low_reuse,school_or_work_email,work_school,G02
SYNTHETIC SURVEY DATA - NO HUMAN PASSWORDS OR RESPONSES,S0094,low_reuse,school_or_work_portal,work_school,G03
SYNTHETIC SURVEY DATA - NO HUMAN PASSWORDS OR RESPONSES,S0094,low_reuse,cloud_productivity,work_school,G04
SYNTHETIC SURVEY DATA - NO HUMAN PASSWORDS OR RESPONSES,S0094,low_reuse,banking,finance,G05
SYNTHETIC SURVEY DATA - NO HUMAN PASSWORDS OR RESPONSES,S0094,low_reuse,social_secondary,social,G06
SYNTHETIC SURVEY DATA - NO HUMAN PASSWORDS OR RESPONSES,S0094,low_reuse,gaming,entertainment,G06
SYNTHETIC SURVEY DATA - NO HUMAN PASSWORDS OR RESPONSES,S0094,low_reuse,music_streaming,entertainment,G07
SYNTHETIC SURVEY DATA - NO HUMAN PASSWORDS OR RESPONSES,S0094,low_reuse,video_streaming,entertainment,G06
SYNTHETIC SURVEY DATA - NO HUMAN PASSWORDS OR RESPONSES,S0094,low_reuse,computer_login,device,G08
SYNTHETIC SURVEY DATA - NO HUMAN PASSWORDS OR RESPONSES,S0094,low_reuse,phone_or_tablet,device,G09
SYNTHETIC SURVEY DATA - NO HUMAN PASSWORDS OR RESPONSES,S0095,high_reuse,personal_email,email,G01
SYNTHETIC SURVEY DATA - NO HUMAN PASSWORDS OR RESPONSES,S0095,high_reuse,secondary_email,email,G01
SYNTHETIC SURVEY DATA - NO HUMAN PASSWORDS OR RESPONSES,S0095,high_reuse,school_or_work_email,work_school,G01
SYNTHETIC SURVEY DATA - NO HUMAN PASSWORDS OR RESPONSES,S0095,high_reuse,school_or_work_portal,work_school,G01
SYNTHETIC SURVEY DATA - NO HUMAN PASSWORDS OR RESPONSES,S0095,high_reuse,cloud_productivity,work_school,G02
SYNTHETIC SURVEY DATA - NO HUMAN PASSWORDS OR RESPONSES,S0095,high_reuse,banking,finance,G01
SYNTHETIC SURVEY DATA - NO HUMAN PASSWORDS OR RESPONSES,S0095,high_reuse,shopping_primary,shopping,G03
SYNTHETIC SURVEY DATA - NO HUMAN PASSWORDS OR RESPONSES,S0095,high_reuse,shopping_secondary,shopping,G03
SYNTHETIC SURVEY DATA - NO HUMAN PASSWORDS OR RESPONSES,S0095,high_reuse,social_primary,social,G01
SYNTHETIC SURVEY DATA - NO HUMAN PASSWORDS OR RESPONSES,S0095,high_reuse,social_secondary,social,G03
SYNTHETIC SURVEY DATA - NO HUMAN PASSWORDS OR RESPONSES,S0095,high_reuse,messaging,social,G01
SYNTHETIC SURVEY DATA - NO HUMAN PASSWORDS OR RESPONSES,S0095,high_reuse,gaming,entertainment,G01
SYNTHETIC SURVEY DATA - NO HUMAN PASSWORDS OR RESPONSES,S0095,high_reuse,computer_login,device,G02
SYNTHETIC SURVEY DATA - NO HUMAN PASSWORDS OR RESPONSES,S0095,high_reuse,phone_or_tablet,device,G02
SYNTHETIC SURVEY DATA - NO HUMAN PASSWORDS OR RESPONSES,S0096,moderate_reuse,personal_email,email,G01
SYNTHETIC SURVEY DATA - NO HUMAN PASSWORDS OR RESPONSES,S0096,moderate_reuse,school_or_work_portal,work_school,G02
SYNTHETIC SURVEY DATA - NO HUMAN PASSWORDS OR RESPONSES,S0096,moderate_reuse,cloud_productivity,work_school,G02
SYNTHETIC SURVEY DATA - NO HUMAN PASSWORDS OR RESPONSES,S0096,moderate_reuse,banking,finance,G02
SYNTHETIC SURVEY DATA - NO HUMAN PASSWORDS OR RESPONSES,S0096,moderate_reuse,payment_service,finance,G03
SYNTHETIC SURVEY DATA - NO HUMAN PASSWORDS OR RESPONSES,S0096,moderate_reuse,shopping_secondary,shopping,G01
SYNTHETIC SURVEY DATA - NO HUMAN PASSWORDS OR RESPONSES,S0096,moderate_reuse,social_primary,social,G02
SYNTHETIC SURVEY DATA - NO HUMAN PASSWORDS OR RESPONSES,S0096,moderate_reuse,social_secondary,social,G02
SYNTHETIC SURVEY DATA - NO HUMAN PASSWORDS OR RESPONSES,S0096,moderate_reuse,messaging,social,G02
SYNTHETIC SURVEY DATA - NO HUMAN PASSWORDS OR RESPONSES,S0096,moderate_reuse,gaming,entertainment,G02
SYNTHETIC SURVEY DATA - NO HUMAN PASSWORDS OR RESPONSES,S0096,moderate_reuse,music_streaming,entertainment,G02
SYNTHETIC SURVEY DATA - NO HUMAN PASSWORDS OR RESPONSES,S0096,moderate_reuse,video_streaming,entertainment,G04
SYNTHETIC SURVEY DATA - NO HUMAN PASSWORDS OR RESPONSES,S0096,moderate_reuse,computer_login,device,G05
SYNTHETIC SURVEY DATA - NO HUMAN PASSWORDS OR RESPONSES,S0096,moderate_reuse,phone_or_tablet,device,G05
SYNTHETIC SURVEY DATA - NO HUMAN PASSWORDS OR RESPONSES,S0097,moderate_reuse,personal_email,email,G01
SYNTHETIC SURVEY DATA - NO HUMAN PASSWORDS OR RESPONSES,S0097,moderate_reuse,secondary_email,email,G02
SYNTHETIC SURVEY DATA - NO HUMAN PASSWORDS OR RESPONSES,S0097,moderate_reuse,school_or_work_email,work_school,G03
SYNTHETIC SURVEY DATA - NO HUMAN PASSWORDS OR RESPONSES,S0097,moderate_reuse,school_or_work_portal,work_school,G04
SYNTHETIC SURVEY DATA - NO HUMAN PASSWORDS OR RESPONSES,S0097,moderate_reuse,cloud_productivity,work_school,G05
SYNTHETIC SURVEY DATA - NO HUMAN PASSWORDS OR RESPONSES,S0097,moderate_reuse,payment_service,finance,G06
SYNTHETIC SURVEY DATA - NO HUMAN PASSWORDS OR RESPONSES,S0097,moderate_reuse,shopping_primary,shopping,G05
SYNTHETIC SURVEY DATA - NO HUMAN PASSWORDS OR RESPONSES,S0097,moderate_reuse,shopping_secondary,shopping,G07
SYNTHETIC SURVEY DATA - NO HUMAN PASSWORDS OR RESPONSES,S0097,moderate_reuse,social_primary,social,G08
SYNTHETIC SURVEY DATA - NO HUMAN PASSWORDS OR RESPONSES,S0097,moderate_reuse,social_secondary,social,G09
SYNTHETIC SURVEY DATA - NO HUMAN PASSWORDS OR RESPONSES,S0097,moderate_reuse,music_streaming,entertainment,G03
SYNTHETIC SURVEY DATA - NO HUMAN PASSWORDS OR RESPONSES,S0097,moderate_reuse,computer_login,device,G01
SYNTHETIC SURVEY DATA - NO HUMAN PASSWORDS OR RESPONSES,S0097,moderate_reuse,phone_or_tablet,device,G10
SYNTHETIC SURVEY DATA - NO HUMAN PASSWORDS OR RESPONSES,S0098,low_reuse,personal_email,email,G01
SYNTHETIC SURVEY DATA - NO HUMAN PASSWORDS OR RESPONSES,S0098,low_reuse,secondary_email,email,G02
SYNTHETIC SURVEY DATA - NO HUMAN PASSWORDS OR RESPONSES,S0098,low_reuse,school_or_work_email,work_school,G03
SYNTHETIC SURVEY DATA - NO HUMAN PASSWORDS OR RESPONSES,S0098,low_reuse,cloud_productivity,work_school,G04
SYNTHETIC SURVEY DATA - NO HUMAN PASSWORDS OR RESPONSES,S0098,low_reuse,shopping_primary,shopping,G04
SYNTHETIC SURVEY DATA - NO HUMAN PASSWORDS OR RESPONSES,S0098,low_reuse,social_primary,social,G05
SYNTHETIC SURVEY DATA - NO HUMAN PASSWORDS OR RESPONSES,S0098,low_reuse,messaging,social,G05
SYNTHETIC SURVEY DATA - NO HUMAN PASSWORDS OR RESPONSES,S0098,low_reuse,phone_or_tablet,device,G06
SYNTHETIC SURVEY DATA - NO HUMAN PASSWORDS OR RESPONSES,S0099,high_reuse,personal_email,email,G01
SYNTHETIC SURVEY DATA - NO HUMAN PASSWORDS OR RESPONSES,S0099,high_reuse,school_or_work_email,work_school,G01
SYNTHETIC SURVEY DATA - NO HUMAN PASSWORDS OR RESPONSES,S0099,high_reuse,cloud_productivity,work_school,G01
SYNTHETIC SURVEY DATA - NO HUMAN PASSWORDS OR RESPONSES,S0099,high_reuse,banking,finance,G02
SYNTHETIC SURVEY DATA - NO HUMAN PASSWORDS OR RESPONSES,S0099,high_reuse,shopping_primary,shopping,G01
SYNTHETIC SURVEY DATA - NO HUMAN PASSWORDS OR RESPONSES,S0099,high_reuse,shopping_secondary,shopping,G03
SYNTHETIC SURVEY DATA - NO HUMAN PASSWORDS OR RESPONSES,S0099,high_reuse,social_primary,social,G01
SYNTHETIC SURVEY DATA - NO HUMAN PASSWORDS OR RESPONSES,S0099,high_reuse,social_secondary,social,G01
SYNTHETIC SURVEY DATA - NO HUMAN PASSWORDS OR RESPONSES,S0099,high_reuse,messaging,social,G04
SYNTHETIC SURVEY DATA - NO HUMAN PASSWORDS OR RESPONSES,S0099,high_reuse,gaming,entertainment,G01
SYNTHETIC SURVEY DATA - NO HUMAN PASSWORDS OR RESPONSES,S0099,high_reuse,music_streaming,entertainment,G05
SYNTHETIC SURVEY DATA - NO HUMAN PASSWORDS OR RESPONSES,S0099,high_reuse,video_streaming,entertainment,G06
SYNTHETIC SURVEY DATA - NO HUMAN PASSWORDS OR RESPONSES,S0099,high_reuse,computer_login,device,G01
SYNTHETIC SURVEY DATA - NO HUMAN PASSWORDS OR RESPONSES,S0099,high_reuse,phone_or_tablet,device,G01
SYNTHETIC SURVEY DATA - NO HUMAN PASSWORDS OR RESPONSES,S0100,low_reuse,personal_email,email,G01
SYNTHETIC SURVEY DATA - NO HUMAN PASSWORDS OR RESPONSES,S0100,low_reuse,school_or_work_email,work_school,G02
SYNTHETIC SURVEY DATA - NO HUMAN PASSWORDS OR RESPONSES,S0100,low_reuse,school_or_work_portal,work_school,G03
SYNTHETIC SURVEY DATA - NO HUMAN PASSWORDS OR RESPONSES,S0100,low_reuse,cloud_productivity,work_school,G04
SYNTHETIC SURVEY DATA - NO HUMAN PASSWORDS OR RESPONSES,S0100,low_reuse,payment_service,finance,G05
SYNTHETIC SURVEY DATA - NO HUMAN PASSWORDS OR RESPONSES,S0100,low_reuse,shopping_primary,shopping,G06
SYNTHETIC SURVEY DATA - NO HUMAN PASSWORDS OR RESPONSES,S0100,low_reuse,shopping_secondary,shopping,G07
SYNTHETIC SURVEY DATA - NO HUMAN PASSWORDS OR RESPONSES,S0100,low_reuse,social_secondary,social,G08
SYNTHETIC SURVEY DATA - NO HUMAN PASSWORDS OR RESPONSES,S0100,low_reuse,messaging,social,G08
SYNTHETIC SURVEY DATA - NO HUMAN PASSWORDS OR RESPONSES,S0100,low_reuse,gaming,entertainment,G09
SYNTHETIC SURVEY DATA - NO HUMAN PASSWORDS OR RESPONSES,S0100,low_reuse,music_streaming,entertainment,G10
SYNTHETIC SURVEY DATA - NO HUMAN PASSWORDS OR RESPONSES,S0100,low_reuse,phone_or_tablet,device,G11
SYNTHETIC SURVEY DATA - NO HUMAN PASSWORDS OR RESPONSES,S0101,low_reuse,personal_email,email,G01
SYNTHETIC SURVEY DATA - NO HUMAN PASSWORDS OR RESPONSES,S0101,low_reuse,secondary_email,email,G02
SYNTHETIC SURVEY DATA - NO HUMAN PASSWORDS OR RESPONSES,S0101,low_reuse,school_or_work_portal,work_school,G03
SYNTHETIC SURVEY DATA - NO HUMAN PASSWORDS OR RESPONSES,S0101,low_reuse,cloud_productivity,work_school,G04
SYNTHETIC SURVEY DATA - NO HUMAN PASSWORDS OR RESPONSES,S0101,low_reuse,banking,finance,G05
SYNTHETIC SURVEY DATA - NO HUMAN PASSWORDS OR RESPONSES,S0101,low_reuse,payment_service,finance,G06
SYNTHETIC SURVEY DATA - NO HUMAN PASSWORDS OR RESPONSES,S0101,low_reuse,shopping_primary,shopping,G07
SYNTHETIC SURVEY DATA - NO HUMAN PASSWORDS OR RESPONSES,S0101,low_reuse,shopping_secondary,shopping,G08
SYNTHETIC SURVEY DATA - NO HUMAN PASSWORDS OR RESPONSES,S0101,low_reuse,social_primary,social,G04
SYNTHETIC SURVEY DATA - NO HUMAN PASSWORDS OR RESPONSES,S0101,low_reuse,messaging,social,G09
SYNTHETIC SURVEY DATA - NO HUMAN PASSWORDS OR RESPONSES,S0101,low_reuse,video_streaming,entertainment,G10
SYNTHETIC SURVEY DATA - NO HUMAN PASSWORDS OR RESPONSES,S0101,low_reuse,computer_login,device,G11
SYNTHETIC SURVEY DATA - NO HUMAN PASSWORDS OR RESPONSES,S0101,low_reuse,phone_or_tablet,device,G12
SYNTHETIC SURVEY DATA - NO HUMAN PASSWORDS OR RESPONSES,S0102,low_reuse,personal_email,email,G01
SYNTHETIC SURVEY DATA - NO HUMAN PASSWORDS OR RESPONSES,S0102,low_reuse,school_or_work_email,work_school,G02
SYNTHETIC SURVEY DATA - NO HUMAN PASSWORDS OR RESPONSES,S0102,low_reuse,cloud_productivity,work_school,G03
SYNTHETIC SURVEY DATA - NO HUMAN PASSWORDS OR RESPONSES,S0102,low_reuse,banking,finance,G03
SYNTHETIC SURVEY DATA - NO HUMAN PASSWORDS OR RESPONSES,S0102,low_reuse,shopping_primary,shopping,G03
SYNTHETIC SURVEY DATA - NO HUMAN PASSWORDS OR RESPONSES,S0102,low_reuse,social_secondary,social,G04
SYNTHETIC SURVEY DATA - NO HUMAN PASSWORDS OR RESPONSES,S0102,low_reuse,messaging,social,G04
SYNTHETIC SURVEY DATA - NO HUMAN PASSWORDS OR RESPONSES,S0102,low_reuse,gaming,entertainment,G03
SYNTHETIC SURVEY DATA - NO HUMAN PASSWORDS OR RESPONSES,S0102,low_reuse,music_streaming,entertainment,G05
SYNTHETIC SURVEY DATA - NO HUMAN PASSWORDS OR RESPONSES,S0102,low_reuse,computer_login,device,G06
SYNTHETIC SURVEY DATA - NO HUMAN PASSWORDS OR RESPONSES,S0102,low_reuse,phone_or_tablet,device,G07
SYNTHETIC SURVEY DATA - NO HUMAN PASSWORDS OR RESPONSES,S0103,moderate_reuse,personal_email,email,G01
SYNTHETIC SURVEY DATA - NO HUMAN PASSWORDS OR RESPONSES,S0103,moderate_reuse,secondary_email,email,G02
SYNTHETIC SURVEY DATA - NO HUMAN PASSWORDS OR RESPONSES,S0103,moderate_reuse,school_or_work_email,work_school,G03
SYNTHETIC SURVEY DATA - NO HUMAN PASSWORDS OR RESPONSES,S0103,moderate_reuse,school_or_work_portal,work_school,G02
SYNTHETIC SURVEY DATA - NO HUMAN PASSWORDS OR RESPONSES,S0103,moderate_reuse,banking,finance,G02
SYNTHETIC SURVEY DATA - NO HUMAN PASSWORDS OR RESPONSES,S0103,moderate_reuse,payment_service,finance,G04
SYNTHETIC SURVEY DATA - NO HUMAN PASSWORDS OR RESPONSES,S0103,moderate_reuse,shopping_primary,shopping,G05
SYNTHETIC SURVEY DATA - NO HUMAN PASSWORDS OR RESPONSES,S0103,moderate_reuse,social_primary,social,G06
SYNTHETIC SURVEY DATA - NO HUMAN PASSWORDS OR RESPONSES,S0103,moderate_reuse,video_streaming,entertainment,G07
SYNTHETIC SURVEY DATA - NO HUMAN PASSWORDS OR RESPONSES,S0103,moderate_reuse,computer_login,device,G08
SYNTHETIC SURVEY DATA - NO HUMAN PASSWORDS OR RESPONSES,S0103,moderate_reuse,phone_or_tablet,device,G09
SYNTHETIC SURVEY DATA - NO HUMAN PASSWORDS OR RESPONSES,S0104,high_reuse,personal_email,email,G01
SYNTHETIC SURVEY DATA - NO HUMAN PASSWORDS OR RESPONSES,S0104,high_reuse,secondary_email,email,G02
SYNTHETIC SURVEY DATA - NO HUMAN PASSWORDS OR RESPONSES,S0104,high_reuse,school_or_work_email,work_school,G03
SYNTHETIC SURVEY DATA - NO HUMAN PASSWORDS OR RESPONSES,S0104,high_reuse,cloud_productivity,work_school,G03
SYNTHETIC SURVEY DATA - NO HUMAN PASSWORDS OR RESPONSES,S0104,high_reuse,banking,finance,G03
SYNTHETIC SURVEY DATA - NO HUMAN PASSWORDS OR RESPONSES,S0104,high_reuse,shopping_primary,shopping,G04
SYNTHETIC SURVEY DATA - NO HUMAN PASSWORDS OR RESPONSES,S0104,high_reuse,shopping_secondary,shopping,G05
SYNTHETIC SURVEY DATA - NO HUMAN PASSWORDS OR RESPONSES,S0104,high_reuse,social_primary,social,G01
SYNTHETIC SURVEY DATA - NO HUMAN PASSWORDS OR RESPONSES,S0104,high_reuse,social_secondary,social,G01
SYNTHETIC SURVEY DATA - NO HUMAN PASSWORDS OR RESPONSES,S0104,high_reuse,messaging,social,G01
SYNTHETIC SURVEY DATA - NO HUMAN PASSWORDS OR RESPONSES,S0104,high_reuse,gaming,entertainment,G02
SYNTHETIC SURVEY DATA - NO HUMAN PASSWORDS OR RESPONSES,S0104,high_reuse,music_streaming,entertainment,G03
SYNTHETIC SURVEY DATA - NO HUMAN PASSWORDS OR RESPONSES,S0104,high_reuse,video_streaming,entertainment,G02
SYNTHETIC SURVEY DATA - NO HUMAN PASSWORDS OR RESPONSES,S0104,high_reuse,phone_or_tablet,device,G01
SYNTHETIC SURVEY DATA - NO HUMAN PASSWORDS OR RESPONSES,S0105,high_reuse,personal_email,email,G01
SYNTHETIC SURVEY DATA - NO HUMAN PASSWORDS OR RESPONSES,S0105,high_reuse,school_or_work_email,work_school,G01
SYNTHETIC SURVEY DATA - NO HUMAN PASSWORDS OR RESPONSES,S0105,high_reuse,school_or_work_portal,work_school,G01
SYNTHETIC SURVEY DATA - NO HUMAN PASSWORDS OR RESPONSES,S0105,high_reuse,cloud_productivity,work_school,G01
SYNTHETIC SURVEY DATA - NO HUMAN PASSWORDS OR RESPONSES,S0105,high_reuse,banking,finance,G01
SYNTHETIC SURVEY DATA - NO HUMAN PASSWORDS OR RESPONSES,S0105,high_reuse,payment_service,finance,G01
SYNTHETIC SURVEY DATA - NO HUMAN PASSWORDS OR RESPONSES,S0105,high_reuse,shopping_primary,shopping,G01
SYNTHETIC SURVEY DATA - NO HUMAN PASSWORDS OR RESPONSES,S0105,high_reuse,social_primary,social,G01
SYNTHETIC SURVEY DATA - NO HUMAN PASSWORDS OR RESPONSES,S0105,high_reuse,social_secondary,social,G02
SYNTHETIC SURVEY DATA - NO HUMAN PASSWORDS OR RESPONSES,S0105,high_reuse,messaging,social,G03
SYNTHETIC SURVEY DATA - NO HUMAN PASSWORDS OR RESPONSES,S0105,high_reuse,gaming,entertainment,G04
SYNTHETIC SURVEY DATA - NO HUMAN PASSWORDS OR RESPONSES,S0105,high_reuse,music_streaming,entertainment,G04
SYNTHETIC SURVEY DATA - NO HUMAN PASSWORDS OR RESPONSES,S0105,high_reuse,video_streaming,entertainment,G04
SYNTHETIC SURVEY DATA - NO HUMAN PASSWORDS OR RESPONSES,S0105,high_reuse,phone_or_tablet,device,G05
SYNTHETIC SURVEY DATA - NO HUMAN PASSWORDS OR RESPONSES,S0106,low_reuse,personal_email,email,G01
SYNTHETIC SURVEY DATA - NO HUMAN PASSWORDS OR RESPONSES,S0106,low_reuse,secondary_email,email,G02
SYNTHETIC SURVEY DATA - NO HUMAN PASSWORDS OR RESPONSES,S0106,low_reuse,school_or_work_email,work_school,G03
SYNTHETIC SURVEY DATA - NO HUMAN PASSWORDS OR RESPONSES,S0106,low_reuse,school_or_work_portal,work_school,G04
SYNTHETIC SURVEY DATA - NO HUMAN PASSWORDS OR RESPONSES,S0106,low_reuse,cloud_productivity,work_school,G05
SYNTHETIC SURVEY DATA - NO HUMAN PASSWORDS OR RESPONSES,S0106,low_reuse,payment_service,finance,G04
SYNTHETIC SURVEY DATA - NO HUMAN PASSWORDS OR RESPONSES,S0106,low_reuse,shopping_primary,shopping,G06
SYNTHETIC SURVEY DATA - NO HUMAN PASSWORDS OR RESPONSES,S0106,low_reuse,social_primary,social,G07
SYNTHETIC SURVEY DATA - NO HUMAN PASSWORDS OR RESPONSES,S0106,low_reuse,social_secondary,social,G08
SYNTHETIC SURVEY DATA - NO HUMAN PASSWORDS OR RESPONSES,S0106,low_reuse,messaging,social,G09
SYNTHETIC SURVEY DATA - NO HUMAN PASSWORDS OR RESPONSES,S0106,low_reuse,gaming,entertainment,G10
SYNTHETIC SURVEY DATA - NO HUMAN PASSWORDS OR RESPONSES,S0106,low_reuse,music_streaming,entertainment,G11
SYNTHETIC SURVEY DATA - NO HUMAN PASSWORDS OR RESPONSES,S0106,low_reuse,video_streaming,entertainment,G12
SYNTHETIC SURVEY DATA - NO HUMAN PASSWORDS OR RESPONSES,S0106,low_reuse,computer_login,device,G13
SYNTHETIC SURVEY DATA - NO HUMAN PASSWORDS OR RESPONSES,S0106,low_reuse,phone_or_tablet,device,G14
SYNTHETIC SURVEY DATA - NO HUMAN PASSWORDS OR RESPONSES,S0107,low_reuse,personal_email,email,G01
SYNTHETIC SURVEY DATA - NO HUMAN PASSWORDS OR RESPONSES,S0107,low_reuse,secondary_email,email,G02
SYNTHETIC SURVEY DATA - NO HUMAN PASSWORDS OR RESPONSES,S0107,low_reuse,school_or_work_email,work_school,G03
SYNTHETIC SURVEY DATA - NO HUMAN PASSWORDS OR RESPONSES,S0107,low_reuse,school_or_work_portal,work_school,G04
SYNTHETIC SURVEY DATA - NO HUMAN PASSWORDS OR RESPONSES,S0107,low_reuse,banking,finance,G05
SYNTHETIC SURVEY DATA - NO HUMAN PASSWORDS OR RESPONSES,S0107,low_reuse,payment_service,finance,G06
SYNTHETIC SURVEY DATA - NO HUMAN PASSWORDS OR RESPONSES,S0107,low_reuse,shopping_primary,shopping,G07
SYNTHETIC SURVEY DATA - NO HUMAN PASSWORDS OR RESPONSES,S0107,low_reuse,shopping_secondary,shopping,G08
SYNTHETIC SURVEY DATA - NO HUMAN PASSWORDS OR RESPONSES,S0107,low_reuse,social_primary,social,G09
SYNTHETIC SURVEY DATA - NO HUMAN PASSWORDS OR RESPONSES,S0107,low_reuse,social_secondary,social,G10
SYNTHETIC SURVEY DATA - NO HUMAN PASSWORDS OR RESPONSES,S0107,low_reuse,messaging,social,G11
SYNTHETIC SURVEY DATA - NO HUMAN PASSWORDS OR RESPONSES,S0107,low_reuse,gaming,entertainment,G12
SYNTHETIC SURVEY DATA - NO HUMAN PASSWORDS OR RESPONSES,S0107,low_reuse,music_streaming,entertainment,G13
SYNTHETIC SURVEY DATA - NO HUMAN PASSWORDS OR RESPONSES,S0107,low_reuse,video_streaming,entertainment,G12
SYNTHETIC SURVEY DATA - NO HUMAN PASSWORDS OR RESPONSES,S0107,low_reuse,computer_login,device,G14
SYNTHETIC SURVEY DATA - NO HUMAN PASSWORDS OR RESPONSES,S0107,low_reuse,phone_or_tablet,device,G15
SYNTHETIC SURVEY DATA - NO HUMAN PASSWORDS OR RESPONSES,S0108,low_reuse,personal_email,email,G01
SYNTHETIC SURVEY DATA - NO HUMAN PASSWORDS OR RESPONSES,S0108,low_reuse,secondary_email,email,G02
SYNTHETIC SURVEY DATA - NO HUMAN PASSWORDS OR RESPONSES,S0108,low_reuse,school_or_work_portal,work_school,G03
SYNTHETIC SURVEY DATA - NO HUMAN PASSWORDS OR RESPONSES,S0108,low_reuse,cloud_productivity,work_school,G03
SYNTHETIC SURVEY DATA - NO HUMAN PASSWORDS OR RESPONSES,S0108,low_reuse,payment_service,finance,G04
SYNTHETIC SURVEY DATA - NO HUMAN PASSWORDS OR RESPONSES,S0108,low_reuse,shopping_primary,shopping,G05
SYNTHETIC SURVEY DATA - NO HUMAN PASSWORDS OR RESPONSES,S0108,low_reuse,social_primary,social,G06
SYNTHETIC SURVEY DATA - NO HUMAN PASSWORDS OR RESPONSES,S0108,low_reuse,social_secondary,social,G07
SYNTHETIC SURVEY DATA - NO HUMAN PASSWORDS OR RESPONSES,S0108,low_reuse,messaging,social,G08
SYNTHETIC SURVEY DATA - NO HUMAN PASSWORDS OR RESPONSES,S0108,low_reuse,gaming,entertainment,G07
SYNTHETIC SURVEY DATA - NO HUMAN PASSWORDS OR RESPONSES,S0108,low_reuse,video_streaming,entertainment,G09
SYNTHETIC SURVEY DATA - NO HUMAN PASSWORDS OR RESPONSES,S0108,low_reuse,computer_login,device,G10
SYNTHETIC SURVEY DATA - NO HUMAN PASSWORDS OR RESPONSES,S0108,low_reuse,phone_or_tablet,device,G11
SYNTHETIC SURVEY DATA - NO HUMAN PASSWORDS OR RESPONSES,S0109,moderate_reuse,personal_email,email,G01
SYNTHETIC SURVEY DATA - NO HUMAN PASSWORDS OR RESPONSES,S0109,moderate_reuse,secondary_email,email,G02
SYNTHETIC SURVEY DATA - NO HUMAN PASSWORDS OR RESPONSES,S0109,moderate_reuse,school_or_work_email,work_school,G03
SYNTHETIC SURVEY DATA - NO HUMAN PASSWORDS OR RESPONSES,S0109,moderate_reuse,school_or_work_portal,work_school,G03
SYNTHETIC SURVEY DATA - NO HUMAN PASSWORDS OR RESPONSES,S0109,moderate_reuse,cloud_productivity,work_school,G03
SYNTHETIC SURVEY DATA - NO HUMAN PASSWORDS OR RESPONSES,S0109,moderate_reuse,banking,finance,G04
SYNTHETIC SURVEY DATA - NO HUMAN PASSWORDS OR RESPONSES,S0109,moderate_reuse,payment_service,finance,G05
SYNTHETIC SURVEY DATA - NO HUMAN PASSWORDS OR RESPONSES,S0109,moderate_reuse,shopping_primary,shopping,G06
SYNTHETIC SURVEY DATA - NO HUMAN PASSWORDS OR RESPONSES,S0109,moderate_reuse,shopping_secondary,shopping,G06
SYNTHETIC SURVEY DATA - NO HUMAN PASSWORDS OR RESPONSES,S0109,moderate_reuse,social_primary,social,G07
SYNTHETIC SURVEY DATA - NO HUMAN PASSWORDS OR RESPONSES,S0109,moderate_reuse,social_secondary,social,G07
SYNTHETIC SURVEY DATA - NO HUMAN PASSWORDS OR RESPONSES,S0109,moderate_reuse,messaging,social,G08
SYNTHETIC SURVEY DATA - NO HUMAN PASSWORDS OR RESPONSES,S0109,moderate_reuse,gaming,entertainment,G09
SYNTHETIC SURVEY DATA - NO HUMAN PASSWORDS OR RESPONSES,S0109,moderate_reuse,video_streaming,entertainment,G09
SYNTHETIC SURVEY DATA - NO HUMAN PASSWORDS OR RESPONSES,S0109,moderate_reuse,computer_login,device,G10
SYNTHETIC SURVEY DATA - NO HUMAN PASSWORDS OR RESPONSES,S0109,moderate_reuse,phone_or_tablet,device,G11
SYNTHETIC SURVEY DATA - NO HUMAN PASSWORDS OR RESPONSES,S0110,low_reuse,personal_email,email,G01
SYNTHETIC SURVEY DATA - NO HUMAN PASSWORDS OR RESPONSES,S0110,low_reuse,school_or_work_email,work_school,G02
SYNTHETIC SURVEY DATA - NO HUMAN PASSWORDS OR RESPONSES,S0110,low_reuse,school_or_work_portal,work_school,G02
SYNTHETIC SURVEY DATA - NO HUMAN PASSWORDS OR RESPONSES,S0110,low_reuse,cloud_productivity,work_school,G03
SYNTHETIC SURVEY DATA - NO HUMAN PASSWORDS OR RESPONSES,S0110,low_reuse,shopping_primary,shopping,G04
SYNTHETIC SURVEY DATA - NO HUMAN PASSWORDS OR RESPONSES,S0110,low_reuse,social_primary,social,G05
SYNTHETIC SURVEY DATA - NO HUMAN PASSWORDS OR RESPONSES,S0110,low_reuse,gaming,entertainment,G06
SYNTHETIC SURVEY DATA - NO HUMAN PASSWORDS OR RESPONSES,S0110,low_reuse,music_streaming,entertainment,G07
SYNTHETIC SURVEY DATA - NO HUMAN PASSWORDS OR RESPONSES,S0110,low_reuse,computer_login,device,G08
SYNTHETIC SURVEY DATA - NO HUMAN PASSWORDS OR RESPONSES,S0110,low_reuse,phone_or_tablet,device,G09
SYNTHETIC SURVEY DATA - NO HUMAN PASSWORDS OR RESPONSES,S0111,low_reuse,personal_email,email,G01
SYNTHETIC SURVEY DATA - NO HUMAN PASSWORDS OR RESPONSES,S0111,low_reuse,secondary_email,email,G02
SYNTHETIC SURVEY DATA - NO HUMAN PASSWORDS OR RESPONSES,S0111,low_reuse,school_or_work_email,work_school,G03
SYNTHETIC SURVEY DATA - NO HUMAN PASSWORDS OR RESPONSES,S0111,low_reuse,school_or_work_portal,work_school,G04
SYNTHETIC SURVEY DATA - NO HUMAN PASSWORDS OR RESPONSES,S0111,low_reuse,cloud_productivity,work_school,G05
SYNTHETIC SURVEY DATA - NO HUMAN PASSWORDS OR RESPONSES,S0111,low_reuse,banking,finance,G03
SYNTHETIC SURVEY DATA - NO HUMAN PASSWORDS OR RESPONSES,S0111,low_reuse,payment_service,finance,G06
SYNTHETIC SURVEY DATA - NO HUMAN PASSWORDS OR RESPONSES,S0111,low_reuse,social_primary,social,G07
SYNTHETIC SURVEY DATA - NO HUMAN PASSWORDS OR RESPONSES,S0111,low_reuse,social_secondary,social,G08
SYNTHETIC SURVEY DATA - NO HUMAN PASSWORDS OR RESPONSES,S0111,low_reuse,messaging,social,G09
SYNTHETIC SURVEY DATA - NO HUMAN PASSWORDS OR RESPONSES,S0111,low_reuse,gaming,entertainment,G04
SYNTHETIC SURVEY DATA - NO HUMAN PASSWORDS OR RESPONSES,S0111,low_reuse,video_streaming,entertainment,G10
SYNTHETIC SURVEY DATA - NO HUMAN PASSWORDS OR RESPONSES,S0111,low_reuse,phone_or_tablet,device,G11
SYNTHETIC SURVEY DATA - NO HUMAN PASSWORDS OR RESPONSES,S0112,low_reuse,personal_email,email,G01
SYNTHETIC SURVEY DATA - NO HUMAN PASSWORDS OR RESPONSES,S0112,low_reuse,secondary_email,email,G02
SYNTHETIC SURVEY DATA - NO HUMAN PASSWORDS OR RESPONSES,S0112,low_reuse,school_or_work_email,work_school,G03
SYNTHETIC SURVEY DATA - NO HUMAN PASSWORDS OR RESPONSES,S0112,low_reuse,school_or_work_portal,work_school,G04
SYNTHETIC SURVEY DATA - NO HUMAN PASSWORDS OR RESPONSES,S0112,low_reuse,cloud_productivity,work_school,G05
SYNTHETIC SURVEY DATA - NO HUMAN PASSWORDS OR RESPONSES,S0112,low_reuse,banking,finance,G06
SYNTHETIC SURVEY DATA - NO HUMAN PASSWORDS OR RESPONSES,S0112,low_reuse,payment_service,finance,G07
SYNTHETIC SURVEY DATA - NO HUMAN PASSWORDS OR RESPONSES,S0112,low_reuse,shopping_primary,shopping,G08
SYNTHETIC SURVEY DATA - NO HUMAN PASSWORDS OR RESPONSES,S0112,low_reuse,social_secondary,social,G09
SYNTHETIC SURVEY DATA - NO HUMAN PASSWORDS OR RESPONSES,S0112,low_reuse,messaging,social,G10
SYNTHETIC SURVEY DATA - NO HUMAN PASSWORDS OR RESPONSES,S0112,low_reuse,music_streaming,entertainment,G11
SYNTHETIC SURVEY DATA - NO HUMAN PASSWORDS OR RESPONSES,S0112,low_reuse,video_streaming,entertainment,G11
SYNTHETIC SURVEY DATA - NO HUMAN PASSWORDS OR RESPONSES,S0112,low_reuse,phone_or_tablet,device,G09
SYNTHETIC SURVEY DATA - NO HUMAN PASSWORDS OR RESPONSES,S0113,moderate_reuse,personal_email,email,G01
SYNTHETIC SURVEY DATA - NO HUMAN PASSWORDS OR RESPONSES,S0113,moderate_reuse,school_or_work_email,work_school,G02
SYNTHETIC SURVEY DATA - NO HUMAN PASSWORDS OR RESPONSES,S0113,moderate_reuse,school_or_work_portal,work_school,G02
SYNTHETIC SURVEY DATA - NO HUMAN PASSWORDS OR RESPONSES,S0113,moderate_reuse,cloud_productivity,work_school,G02
SYNTHETIC SURVEY DATA - NO HUMAN PASSWORDS OR RESPONSES,S0113,moderate_reuse,banking,finance,G03
SYNTHETIC SURVEY DATA - NO HUMAN PASSWORDS OR RESPONSES,S0113,moderate_reuse,payment_service,finance,G04
SYNTHETIC SURVEY DATA - NO HUMAN PASSWORDS OR RESPONSES,S0113,moderate_reuse,shopping_primary,shopping,G04
SYNTHETIC SURVEY DATA - NO HUMAN PASSWORDS OR RESPONSES,S0113,moderate_reuse,shopping_secondary,shopping,G05
SYNTHETIC SURVEY DATA - NO HUMAN PASSWORDS OR RESPONSES,S0113,moderate_reuse,social_primary,social,G06
SYNTHETIC SURVEY DATA - NO HUMAN PASSWORDS OR RESPONSES,S0113,moderate_reuse,social_secondary,social,G06
SYNTHETIC SURVEY DATA - NO HUMAN PASSWORDS OR RESPONSES,S0113,moderate_reuse,messaging,social,G07
SYNTHETIC SURVEY DATA - NO HUMAN PASSWORDS OR RESPONSES,S0113,moderate_reuse,gaming,entertainment,G08
SYNTHETIC SURVEY DATA - NO HUMAN PASSWORDS OR RESPONSES,S0113,moderate_reuse,music_streaming,entertainment,G04
SYNTHETIC SURVEY DATA - NO HUMAN PASSWORDS OR RESPONSES,S0113,moderate_reuse,video_streaming,entertainment,G09
SYNTHETIC SURVEY DATA - NO HUMAN PASSWORDS OR RESPONSES,S0113,moderate_reuse,computer_login,device,G02
SYNTHETIC SURVEY DATA - NO HUMAN PASSWORDS OR RESPONSES,S0113,moderate_reuse,phone_or_tablet,device,G10
SYNTHETIC SURVEY DATA - NO HUMAN PASSWORDS OR RESPONSES,S0114,low_reuse,personal_email,email,G01
SYNTHETIC SURVEY DATA - NO HUMAN PASSWORDS OR RESPONSES,S0114,low_reuse,secondary_email,email,G02
SYNTHETIC SURVEY DATA - NO HUMAN PASSWORDS OR RESPONSES,S0114,low_reuse,school_or_work_email,work_school,G01
SYNTHETIC SURVEY DATA - NO HUMAN PASSWORDS OR RESPONSES,S0114,low_reuse,banking,finance,G03
SYNTHETIC SURVEY DATA - NO HUMAN PASSWORDS OR RESPONSES,S0114,low_reuse,payment_service,finance,G04
SYNTHETIC SURVEY DATA - NO HUMAN PASSWORDS OR RESPONSES,S0114,low_reuse,shopping_primary,shopping,G05
SYNTHETIC SURVEY DATA - NO HUMAN PASSWORDS OR RESPONSES,S0114,low_reuse,social_primary,social,G06
SYNTHETIC SURVEY DATA - NO HUMAN PASSWORDS OR RESPONSES,S0114,low_reuse,messaging,social,G07
SYNTHETIC SURVEY DATA - NO HUMAN PASSWORDS OR RESPONSES,S0114,low_reuse,gaming,entertainment,G06
SYNTHETIC SURVEY DATA - NO HUMAN PASSWORDS OR RESPONSES,S0114,low_reuse,music_streaming,entertainment,G08
SYNTHETIC SURVEY DATA - NO HUMAN PASSWORDS OR RESPONSES,S0114,low_reuse,computer_login,device,G01
SYNTHETIC SURVEY DATA - NO HUMAN PASSWORDS OR RESPONSES,S0114,low_reuse,phone_or_tablet,device,G01
SYNTHETIC SURVEY DATA - NO HUMAN PASSWORDS OR RESPONSES,S0115,low_reuse,personal_email,email,G01
SYNTHETIC SURVEY DATA - NO HUMAN PASSWORDS OR RESPONSES,S0115,low_reuse,secondary_email,email,G02
SYNTHETIC SURVEY DATA - NO HUMAN PASSWORDS OR RESPONSES,S0115,low_reuse,school_or_work_email,work_school,G03
SYNTHETIC SURVEY DATA - NO HUMAN PASSWORDS OR RESPONSES,S0115,low_reuse,cloud_productivity,work_school,G04
SYNTHETIC SURVEY DATA - NO HUMAN PASSWORDS OR RESPONSES,S0115,low_reuse,banking,finance,G05
SYNTHETIC SURVEY DATA - NO HUMAN PASSWORDS OR RESPONSES,S0115,low_reuse,payment_service,finance,G06
SYNTHETIC SURVEY DATA - NO HUMAN PASSWORDS OR RESPONSES,S0115,low_reuse,shopping_primary,shopping,G07
SYNTHETIC SURVEY DATA - NO HUMAN PASSWORDS OR RESPONSES,S0115,low_reuse,social_primary,social,G08
SYNTHETIC SURVEY DATA - NO HUMAN PASSWORDS OR RESPONSES,S0115,low_reuse,social_secondary,social,G09
SYNTHETIC SURVEY DATA - NO HUMAN PASSWORDS OR RESPONSES,S0115,low_reuse,messaging,social,G06
SYNTHETIC SURVEY DATA - NO HUMAN PASSWORDS OR RESPONSES,S0115,low_reuse,gaming,entertainment,G10
SYNTHETIC SURVEY DATA - NO HUMAN PASSWORDS OR RESPONSES,S0115,low_reuse,video_streaming,entertainment,G11
SYNTHETIC SURVEY DATA - NO HUMAN PASSWORDS OR RESPONSES,S0115,low_reuse,computer_login,device,G06
SYNTHETIC SURVEY DATA - NO HUMAN PASSWORDS OR RESPONSES,S0115,low_reuse,phone_or_tablet,device,G12
SYNTHETIC SURVEY DATA - NO HUMAN PASSWORDS OR RESPONSES,S0116,high_reuse,personal_email,email,G01
SYNTHETIC SURVEY DATA - NO HUMAN PASSWORDS OR RESPONSES,S0116,high_reuse,school_or_work_email,work_school,G02
SYNTHETIC SURVEY DATA - NO HUMAN PASSWORDS OR RESPONSES,S0116,high_reuse,school_or_work_portal,work_school,G01
SYNTHETIC SURVEY DATA - NO HUMAN PASSWORDS OR RESPONSES,S0116,high_reuse,cloud_productivity,work_school,G01
SYNTHETIC SURVEY DATA - NO HUMAN PASSWORDS OR RESPONSES,S0116,high_reuse,payment_service,finance,G01
SYNTHETIC SURVEY DATA - NO HUMAN PASSWORDS OR RESPONSES,S0116,high_reuse,shopping_secondary,shopping,G01
SYNTHETIC SURVEY DATA - NO HUMAN PASSWORDS OR RESPONSES,S0116,high_reuse,social_primary,social,G01
SYNTHETIC SURVEY DATA - NO HUMAN PASSWORDS OR RESPONSES,S0116,high_reuse,social_secondary,social,G03
SYNTHETIC SURVEY DATA - NO HUMAN PASSWORDS OR RESPONSES,S0116,high_reuse,messaging,social,G03
SYNTHETIC SURVEY DATA - NO HUMAN PASSWORDS OR RESPONSES,S0116,high_reuse,gaming,entertainment,G01
SYNTHETIC SURVEY DATA - NO HUMAN PASSWORDS OR RESPONSES,S0116,high_reuse,video_streaming,entertainment,G01
SYNTHETIC SURVEY DATA - NO HUMAN PASSWORDS OR RESPONSES,S0116,high_reuse,computer_login,device,G01
SYNTHETIC SURVEY DATA - NO HUMAN PASSWORDS OR RESPONSES,S0116,high_reuse,phone_or_tablet,device,G01
SYNTHETIC SURVEY DATA - NO HUMAN PASSWORDS OR RESPONSES,S0117,low_reuse,personal_email,email,G01
SYNTHETIC SURVEY DATA - NO HUMAN PASSWORDS OR RESPONSES,S0117,low_reuse,secondary_email,email,G02
SYNTHETIC SURVEY DATA - NO HUMAN PASSWORDS OR RESPONSES,S0117,low_reuse,school_or_work_portal,work_school,G03
SYNTHETIC SURVEY DATA - NO HUMAN PASSWORDS OR RESPONSES,S0117,low_reuse,cloud_productivity,work_school,G04
SYNTHETIC SURVEY DATA - NO HUMAN PASSWORDS OR RESPONSES,S0117,low_reuse,banking,finance,G01
SYNTHETIC SURVEY DATA - NO HUMAN PASSWORDS OR RESPONSES,S0117,low_reuse,payment_service,finance,G05
SYNTHETIC SURVEY DATA - NO HUMAN PASSWORDS OR RESPONSES,S0117,low_reuse,shopping_primary,shopping,G06
SYNTHETIC SURVEY DATA - NO HUMAN PASSWORDS OR RESPONSES,S0117,low_reuse,social_secondary,social,G07
SYNTHETIC SURVEY DATA - NO HUMAN PASSWORDS OR RESPONSES,S0117,low_reuse,messaging,social,G08
SYNTHETIC SURVEY DATA - NO HUMAN PASSWORDS OR RESPONSES,S0117,low_reuse,gaming,entertainment,G09
SYNTHETIC SURVEY DATA - NO HUMAN PASSWORDS OR RESPONSES,S0117,low_reuse,music_streaming,entertainment,G01
SYNTHETIC SURVEY DATA - NO HUMAN PASSWORDS OR RESPONSES,S0117,low_reuse,computer_login,device,G10
SYNTHETIC SURVEY DATA - NO HUMAN PASSWORDS OR RESPONSES,S0117,low_reuse,phone_or_tablet,device,G11
SYNTHETIC SURVEY DATA - NO HUMAN PASSWORDS OR RESPONSES,S0118,low_reuse,personal_email,email,G01
SYNTHETIC SURVEY DATA - NO HUMAN PASSWORDS OR RESPONSES,S0118,low_reuse,secondary_email,email,G02
SYNTHETIC SURVEY DATA - NO HUMAN PASSWORDS OR RESPONSES,S0118,low_reuse,school_or_work_email,work_school,G02
SYNTHETIC SURVEY DATA - NO HUMAN PASSWORDS OR RESPONSES,S0118,low_reuse,school_or_work_portal,work_school,G03
SYNTHETIC SURVEY DATA - NO HUMAN PASSWORDS OR RESPONSES,S0118,low_reuse,cloud_productivity,work_school,G04
SYNTHETIC SURVEY DATA - NO HUMAN PASSWORDS OR RESPONSES,S0118,low_reuse,banking,finance,G05
SYNTHETIC SURVEY DATA - NO HUMAN PASSWORDS OR RESPONSES,S0118,low_reuse,payment_service,finance,G06
SYNTHETIC SURVEY DATA - NO HUMAN PASSWORDS OR RESPONSES,S0118,low_reuse,shopping_primary,shopping,G07
SYNTHETIC SURVEY DATA - NO HUMAN PASSWORDS OR RESPONSES,S0118,low_reuse,shopping_secondary,shopping,G08
SYNTHETIC SURVEY DATA - NO HUMAN PASSWORDS OR RESPONSES,S0118,low_reuse,social_primary,social,G09
SYNTHETIC SURVEY DATA - NO HUMAN PASSWORDS OR RESPONSES,S0118,low_reuse,social_secondary,social,G09
SYNTHETIC SURVEY DATA - NO HUMAN PASSWORDS OR RESPONSES,S0118,low_reuse,messaging,social,G10
SYNTHETIC SURVEY DATA - NO HUMAN PASSWORDS OR RESPONSES,S0118,low_reuse,gaming,entertainment,G11
SYNTHETIC SURVEY DATA - NO HUMAN PASSWORDS OR RESPONSES,S0118,low_reuse,music_streaming,entertainment,G12
SYNTHETIC SURVEY DATA - NO HUMAN PASSWORDS OR RESPONSES,S0118,low_reuse,video_streaming,entertainment,G13
SYNTHETIC SURVEY DATA - NO HUMAN PASSWORDS OR RESPONSES,S0118,low_reuse,computer_login,device,G14
SYNTHETIC SURVEY DATA - NO HUMAN PASSWORDS OR RESPONSES,S0118,low_reuse,phone_or_tablet,device,G15
SYNTHETIC SURVEY DATA - NO HUMAN PASSWORDS OR RESPONSES,S0119,moderate_reuse,personal_email,email,G01
SYNTHETIC SURVEY DATA - NO HUMAN PASSWORDS OR RESPONSES,S0119,moderate_reuse,secondary_email,email,G02
SYNTHETIC SURVEY DATA - NO HUMAN PASSWORDS OR RESPONSES,S0119,moderate_reuse,school_or_work_email,work_school,G03
SYNTHETIC SURVEY DATA - NO HUMAN PASSWORDS OR RESPONSES,S0119,moderate_reuse,school_or_work_portal,work_school,G04
SYNTHETIC SURVEY DATA - NO HUMAN PASSWORDS OR RESPONSES,S0119,moderate_reuse,cloud_productivity,work_school,G03
SYNTHETIC SURVEY DATA - NO HUMAN PASSWORDS OR RESPONSES,S0119,moderate_reuse,shopping_primary,shopping,G05
SYNTHETIC SURVEY DATA - NO HUMAN PASSWORDS OR RESPONSES,S0119,moderate_reuse,social_secondary,social,G06
SYNTHETIC SURVEY DATA - NO HUMAN PASSWORDS OR RESPONSES,S0119,moderate_reuse,messaging,social,G07
SYNTHETIC SURVEY DATA - NO HUMAN PASSWORDS OR RESPONSES,S0119,moderate_reuse,music_streaming,entertainment,G04
SYNTHETIC SURVEY DATA - NO HUMAN PASSWORDS OR RESPONSES,S0119,moderate_reuse,video_streaming,entertainment,G08
SYNTHETIC SURVEY DATA - NO HUMAN PASSWORDS OR RESPONSES,S0119,moderate_reuse,phone_or_tablet,device,G09
SYNTHETIC SURVEY DATA - NO HUMAN PASSWORDS OR RESPONSES,S0120,high_reuse,personal_email,email,G01
SYNTHETIC SURVEY DATA - NO HUMAN PASSWORDS OR RESPONSES,S0120,high_reuse,secondary_email,email,G01
SYNTHETIC SURVEY DATA - NO HUMAN PASSWORDS OR RESPONSES,S0120,high_reuse,school_or_work_email,work_school,G01
SYNTHETIC SURVEY DATA - NO HUMAN PASSWORDS OR RESPONSES,S0120,high_reuse,school_or_work_portal,work_school,G01
SYNTHETIC SURVEY DATA - NO HUMAN PASSWORDS OR RESPONSES,S0120,high_reuse,shopping_primary,shopping,G02
SYNTHETIC SURVEY DATA - NO HUMAN PASSWORDS OR RESPONSES,S0120,high_reuse,shopping_secondary,shopping,G02
SYNTHETIC SURVEY DATA - NO HUMAN PASSWORDS OR RESPONSES,S0120,high_reuse,social_primary,social,G03
SYNTHETIC SURVEY DATA - NO HUMAN PASSWORDS OR RESPONSES,S0120,high_reuse,messaging,social,G04
SYNTHETIC SURVEY DATA - NO HUMAN PASSWORDS OR RESPONSES,S0120,high_reuse,music_streaming,entertainment,G05
SYNTHETIC SURVEY DATA - NO HUMAN PASSWORDS OR RESPONSES,S0120,high_reuse,video_streaming,entertainment,G05
SYNTHETIC SURVEY DATA - NO HUMAN PASSWORDS OR RESPONSES,S0120,high_reuse,computer_login,device,G01
SYNTHETIC SURVEY DATA - NO HUMAN PASSWORDS OR RESPONSES,S0120,high_reuse,phone_or_tablet,device,G01
