data_classification,seed,tag,material,attenuation_db,distance_cm,repetition,modeled_read_probability,read_success
SIMULATED DATA - NOT PHYSICAL RFID MEASUREMENTS,20260924,small_key_fob,no_shield_control,0.0,1,1,0.999862,True
SIMULATED DATA - NOT PHYSICAL RFID MEASUREMENTS,20260924,small_key_fob,no_shield_control,0.0,1,2,0.999862,True
SIMULATED DATA - NOT PHYSICAL RFID MEASUREMENTS,20260924,small_key_fob,no_shield_control,0.0,1,3,0.999862,True
SIMULATED DATA - NOT PHYSICAL RFID MEASUREMENTS,20260924,small_key_fob,no_shield_control,0.0,1,4,0.999862,True
SIMULATED DATA - NOT PHYSICAL RFID MEASUREMENTS,20260924,small_key_fob,no_shield_control,0.0,1,5,0.999862,True
SIMULATED DATA - NOT PHYSICAL RFID MEASUREMENTS,20260924,small_key_fob,no_shield_control,0.0,1,6,0.999862,True
SIMULATED DATA - NOT PHYSICAL RFID MEASUREMENTS,20260924,small_key_fob,no_shield_control,0.0,1,7,0.999862,True
SIMULATED DATA - NOT PHYSICAL RFID MEASUREMENTS,20260924,small_key_fob,no_shield_control,0.0,1,8,0.999862,True
SIMULATED DATA - NOT PHYSICAL RFID MEASUREMENTS,20260924,small_key_fob,no_shield_control,0.0,1,9,0.999862,True
SIMULATED DATA - NOT PHYSICAL RFID MEASUREMENTS,20260924,small_key_fob,no_shield_control,0.0,1,10,0.999862,True
SIMULATED DATA - NOT PHYSICAL RFID MEASUREMENTS,20260924,small_key_fob,no_shield_control,0.0,2,1,0.998729,True
SIMULATED DATA - NOT PHYSICAL RFID MEASUREMENTS,20260924,small_key_fob,no_shield_control,0.0,2,2,0.998729,True
SIMULATED DATA - NOT PHYSICAL RFID MEASUREMENTS,20260924,small_key_fob,no_shield_control,0.0,2,3,0.998729,True
SIMULATED DATA - NOT PHYSICAL RFID MEASUREMENTS,20260924,small_key_fob,no_shield_control,0.0,2,4,0.998729,True
SIMULATED DATA - NOT PHYSICAL RFID MEASUREMENTS,20260924,small_key_fob,no_shield_control,0.0,2,5,0.998729,True
SIMULATED DATA - NOT PHYSICAL RFID MEASUREMENTS,20260924,small_key_fob,no_shield_control,0.0,2,6,0.998729,True
SIMULATED DATA - NOT PHYSICAL RFID MEASUREMENTS,20260924,small_key_fob,no_shield_control,0.0,2,7,0.998729,True
SIMULATED DATA - NOT PHYSICAL RFID MEASUREMENTS,20260924,small_key_fob,no_shield_control,0.0,2,8,0.998729,True
SIMULATED DATA - NOT PHYSICAL RFID MEASUREMENTS,20260924,small_key_fob,no_shield_control,0.0,2,9,0.998729,True
SIMULATED DATA - NOT PHYSICAL RFID MEASUREMENTS,20260924,small_key_fob,no_shield_control,0.0,2,10,0.998729,True
SIMULATED DATA - NOT PHYSICAL RFID MEASUREMENTS,20260924,small_key_fob,no_shield_control,0.0,3,1,0.988393,True
SIMULATED DATA - NOT PHYSICAL RFID MEASUREMENTS,20260924,small_key_fob,no_shield_control,0.0,3,2,0.988393,True
SIMULATED DATA - NOT PHYSICAL RFID MEASUREMENTS,20260924,small_key_fob,no_shield_control,0.0,3,3,0.988393,True
SIMULATED DATA - NOT PHYSICAL RFID MEASUREMENTS,20260924,small_key_fob,no_shield_control,0.0,3,4,0.988393,True
SIMULATED DATA - NOT PHYSICAL RFID MEASUREMENTS,20260924,small_key_fob,no_shield_control,0.0,3,5,0.988393,True
SIMULATED DATA - NOT PHYSICAL RFID MEASUREMENTS,20260924,small_key_fob,no_shield_control,0.0,3,6,0.988393,True
SIMULATED DATA - NOT PHYSICAL RFID MEASUREMENTS,20260924,small_key_fob,no_shield_control,0.0,3,7,0.988393,True
SIMULATED DATA - NOT PHYSICAL RFID MEASUREMENTS,20260924,small_key_fob,no_shield_control,0.0,3,8,0.988393,True
SIMULATED DATA - NOT PHYSICAL RFID MEASUREMENTS,20260924,small_key_fob,no_shield_control,0.0,3,9,0.988393,True
SIMULATED DATA - NOT PHYSICAL RFID MEASUREMENTS,20260924,small_key_fob,no_shield_control,0.0,3,10,0.988393,True
SIMULATED DATA - NOT PHYSICAL RFID MEASUREMENTS,20260924,small_key_fob,no_shield_control,0.0,4,1,0.902227,True
SIMULATED DATA - NOT PHYSICAL RFID MEASUREMENTS,20260924,small_key_fob,no_shield_control,0.0,4,2,0.902227,False
SIMULATED DATA - NOT PHYSICAL RFID MEASUREMENTS,20260924,small_key_fob,no_shield_control,0.0,4,3,0.902227,True
SIMULATED DATA - NOT PHYSICAL RFID MEASUREMENTS,20260924,small_key_fob,no_shield_control,0.0,4,4,0.902227,True
SIMULATED DATA - NOT PHYSICAL RFID MEASUREMENTS,20260924,small_key_fob,no_shield_control,0.0,4,5,0.902227,True
SIMULATED DATA - NOT PHYSICAL RFID MEASUREMENTS,20260924,small_key_fob,no_shield_control,0.0,4,6,0.902227,True
SIMULATED DATA - NOT PHYSICAL RFID MEASUREMENTS,20260924,small_key_fob,no_shield_control,0.0,4,7,0.902227,True
SIMULATED DATA - NOT PHYSICAL RFID MEASUREMENTS,20260924,small_key_fob,no_shield_control,0.0,4,8,0.902227,True
SIMULATED DATA - NOT PHYSICAL RFID MEASUREMENTS,20260924,small_key_fob,no_shield_control,0.0,4,9,0.902227,True
SIMULATED DATA - NOT PHYSICAL RFID MEASUREMENTS,20260924,small_key_fob,no_shield_control,0.0,4,10,0.902227,True
SIMULATED DATA - NOT PHYSICAL RFID MEASUREMENTS,20260924,small_key_fob,no_shield_control,0.0,5,1,0.5,True
SIMULATED DATA - NOT PHYSICAL RFID MEASUREMENTS,20260924,small_key_fob,no_shield_control,0.0,5,2,0.5,False
SIMULATED DATA - NOT PHYSICAL RFID MEASUREMENTS,20260924,small_key_fob,no_shield_control,0.0,5,3,0.5,False
SIMULATED DATA - NOT PHYSICAL RFID MEASUREMENTS,20260924,small_key_fob,no_shield_control,0.0,5,4,0.5,False
SIMULATED DATA - NOT PHYSICAL RFID MEASUREMENTS,20260924,small_key_fob,no_shield_control,0.0,5,5,0.5,False
SIMULATED DATA - NOT PHYSICAL RFID MEASUREMENTS,20260924,small_key_fob,no_shield_control,0.0,5,6,0.5,False
SIMULATED DATA - NOT PHYSICAL RFID MEASUREMENTS,20260924,small_key_fob,no_shield_control,0.0,5,7,0.5,True
SIMULATED DATA - NOT PHYSICAL RFID MEASUREMENTS,20260924,small_key_fob,no_shield_control,0.0,5,8,0.5,False
SIMULATED DATA - NOT PHYSICAL RFID MEASUREMENTS,20260924,small_key_fob,no_shield_control,0.0,5,9,0.5,False
SIMULATED DATA - NOT PHYSICAL RFID MEASUREMENTS,20260924,small_key_fob,no_shield_control,0.0,5,10,0.5,True
SIMULATED DATA - NOT PHYSICAL RFID MEASUREMENTS,20260924,small_key_fob,no_shield_control,0.0,6,1,0.097773,False
SIMULATED DATA - NOT PHYSICAL RFID MEASUREMENTS,20260924,small_key_fob,no_shield_control,0.0,6,2,0.097773,False
SIMULATED DATA - NOT PHYSICAL RFID MEASUREMENTS,20260924,small_key_fob,no_shield_control,0.0,6,3,0.097773,True
SIMULATED DATA - NOT PHYSICAL RFID MEASUREMENTS,20260924,small_key_fob,no_shield_control,0.0,6,4,0.097773,False
SIMULATED DATA - NOT PHYSICAL RFID MEASUREMENTS,20260924,small_key_fob,no_shield_control,0.0,6,5,0.097773,False
SIMULATED DATA - NOT PHYSICAL RFID MEASUREMENTS,20260924,small_key_fob,no_shield_control,0.0,6,6,0.097773,False
SIMULATED DATA - NOT PHYSICAL RFID MEASUREMENTS,20260924,small_key_fob,no_shield_control,0.0,6,7,0.097773,False
SIMULATED DATA - NOT PHYSICAL RFID MEASUREMENTS,20260924,small_key_fob,no_shield_control,0.0,6,8,0.097773,False
SIMULATED DATA - NOT PHYSICAL RFID MEASUREMENTS,20260924,small_key_fob,no_shield_control,0.0,6,9,0.097773,False
SIMULATED DATA - NOT PHYSICAL RFID MEASUREMENTS,20260924,small_key_fob,no_shield_control,0.0,6,10,0.097773,False
SIMULATED DATA - NOT PHYSICAL RFID MEASUREMENTS,20260924,small_key_fob,no_shield_control,0.0,7,1,0.011607,False
SIMULATED DATA - NOT PHYSICAL RFID MEASUREMENTS,20260924,small_key_fob,no_shield_control,0.0,7,2,0.011607,False
SIMULATED DATA - NOT PHYSICAL RFID MEASUREMENTS,20260924,small_key_fob,no_shield_control,0.0,7,3,0.011607,False
SIMULATED DATA - NOT PHYSICAL RFID MEASUREMENTS,20260924,small_key_fob,no_shield_control,0.0,7,4,0.011607,False
SIMULATED DATA - NOT PHYSICAL RFID MEASUREMENTS,20260924,small_key_fob,no_shield_control,0.0,7,5,0.011607,False
SIMULATED DATA - NOT PHYSICAL RFID MEASUREMENTS,20260924,small_key_fob,no_shield_control,0.0,7,6,0.011607,False
SIMULATED DATA - NOT PHYSICAL RFID MEASUREMENTS,20260924,small_key_fob,no_shield_control,0.0,7,7,0.011607,False
SIMULATED DATA - NOT PHYSICAL RFID MEASUREMENTS,20260924,small_key_fob,no_shield_control,0.0,7,8,0.011607,False
SIMULATED DATA - NOT PHYSICAL RFID MEASUREMENTS,20260924,small_key_fob,no_shield_control,0.0,7,9,0.011607,False
SIMULATED DATA - NOT PHYSICAL RFID MEASUREMENTS,20260924,small_key_fob,no_shield_control,0.0,7,10,0.011607,False
SIMULATED DATA - NOT PHYSICAL RFID MEASUREMENTS,20260924,small_key_fob,no_shield_control,0.0,8,1,0.001271,False
SIMULATED DATA - NOT PHYSICAL RFID MEASUREMENTS,20260924,small_key_fob,no_shield_control,0.0,8,2,0.001271,False
SIMULATED DATA - NOT PHYSICAL RFID MEASUREMENTS,20260924,small_key_fob,no_shield_control,0.0,8,3,0.001271,False
SIMULATED DATA - NOT PHYSICAL RFID MEASUREMENTS,20260924,small_key_fob,no_shield_control,0.0,8,4,0.001271,False
SIMULATED DATA - NOT PHYSICAL RFID MEASUREMENTS,20260924,small_key_fob,no_shield_control,0.0,8,5,0.001271,True
SIMULATED DATA - NOT PHYSICAL RFID MEASUREMENTS,20260924,small_key_fob,no_shield_control,0.0,8,6,0.001271,False
SIMULATED DATA - NOT PHYSICAL RFID MEASUREMENTS,20260924,small_key_fob,no_shield_control,0.0,8,7,0.001271,False
SIMULATED DATA - NOT PHYSICAL RFID MEASUREMENTS,20260924,small_key_fob,no_shield_control,0.0,8,8,0.001271,False
SIMULATED DATA - NOT PHYSICAL RFID MEASUREMENTS,20260924,small_key_fob,no_shield_control,0.0,8,9,0.001271,False
SIMULATED DATA - NOT PHYSICAL RFID MEASUREMENTS,20260924,small_key_fob,no_shield_control,0.0,8,10,0.001271,False
SIMULATED DATA - NOT PHYSICAL RFID MEASUREMENTS,20260924,small_key_fob,no_shield_control,0.0,9,1,0.000138,False
SIMULATED DATA - NOT PHYSICAL RFID MEASUREMENTS,20260924,small_key_fob,no_shield_control,0.0,9,2,0.000138,False
SIMULATED DATA - NOT PHYSICAL RFID MEASUREMENTS,20260924,small_key_fob,no_shield_control,0.0,9,3,0.000138,False
SIMULATED DATA - NOT PHYSICAL RFID MEASUREMENTS,20260924,small_key_fob,no_shield_control,0.0,9,4,0.000138,False
SIMULATED DATA - NOT PHYSICAL RFID MEASUREMENTS,20260924,small_key_fob,no_shield_control,0.0,9,5,0.000138,False
SIMULATED DATA - NOT PHYSICAL RFID MEASUREMENTS,20260924,small_key_fob,no_shield_control,0.0,9,6,0.000138,False
SIMULATED DATA - NOT PHYSICAL RFID MEASUREMENTS,20260924,small_key_fob,no_shield_control,0.0,9,7,0.000138,False
SIMULATED DATA - NOT PHYSICAL RFID MEASUREMENTS,20260924,small_key_fob,no_shield_control,0.0,9,8,0.000138,False
SIMULATED DATA - NOT PHYSICAL RFID MEASUREMENTS,20260924,small_key_fob,no_shield_control,0.0,9,9,0.000138,False
SIMULATED DATA - NOT PHYSICAL RFID MEASUREMENTS,20260924,small_key_fob,no_shield_control,0.0,9,10,0.000138,False
SIMULATED DATA - NOT PHYSICAL RFID MEASUREMENTS,20260924,small_key_fob,no_shield_control,0.0,10,1,1.5e-05,False
SIMULATED DATA - NOT PHYSICAL RFID MEASUREMENTS,20260924,small_key_fob,no_shield_control,0.0,10,2,1.5e-05,False
SIMULATED DATA - NOT PHYSICAL RFID MEASUREMENTS,20260924,small_key_fob,no_shield_control,0.0,10,3,1.5e-05,False
SIMULATED DATA - NOT PHYSICAL RFID MEASUREMENTS,20260924,small_key_fob,no_shield_control,0.0,10,4,1.5e-05,False
SIMULATED DATA - NOT PHYSICAL RFID MEASUREMENTS,20260924,small_key_fob,no_shield_control,0.0,10,5,1.5e-05,False
SIMULATED DATA - NOT PHYSICAL RFID MEASUREMENTS,20260924,small_key_fob,no_shield_control,0.0,10,6,1.5e-05,False
SIMULATED DATA - NOT PHYSICAL RFID MEASUREMENTS,20260924,small_key_fob,no_shield_control,0.0,10,7,1.5e-05,False
SIMULATED DATA - NOT PHYSICAL RFID MEASUREMENTS,20260924,small_key_fob,no_shield_control,0.0,10,8,1.5e-05,False
SIMULATED DATA - NOT PHYSICAL RFID MEASUREMENTS,20260924,small_key_fob,no_shield_control,0.0,10,9,1.5e-05,False
SIMULATED DATA - NOT PHYSICAL RFID MEASUREMENTS,20260924,small_key_fob,no_shield_control,0.0,10,10,1.5e-05,False
SIMULATED DATA - NOT PHYSICAL RFID MEASUREMENTS,20260924,small_key_fob,no_shield_control,0.0,11,1,2e-06,False
SIMULATED DATA - NOT PHYSICAL RFID MEASUREMENTS,20260924,small_key_fob,no_shield_control,0.0,11,2,2e-06,False
SIMULATED DATA - NOT PHYSICAL RFID MEASUREMENTS,20260924,small_key_fob,no_shield_control,0.0,11,3,2e-06,False
SIMULATED DATA - NOT PHYSICAL RFID MEASUREMENTS,20260924,small_key_fob,no_shield_control,0.0,11,4,2e-06,False
SIMULATED DATA - NOT PHYSICAL RFID MEASUREMENTS,20260924,small_key_fob,no_shield_control,0.0,11,5,2e-06,False
SIMULATED DATA - NOT PHYSICAL RFID MEASUREMENTS,20260924,small_key_fob,no_shield_control,0.0,11,6,2e-06,False
SIMULATED DATA - NOT PHYSICAL RFID MEASUREMENTS,20260924,small_key_fob,no_shield_control,0.0,11,7,2e-06,False
SIMULATED DATA - NOT PHYSICAL RFID MEASUREMENTS,20260924,small_key_fob,no_shield_control,0.0,11,8,2e-06,False
SIMULATED DATA - NOT PHYSICAL RFID MEASUREMENTS,20260924,small_key_fob,no_shield_control,0.0,11,9,2e-06,False
SIMULATED DATA - NOT PHYSICAL RFID MEASUREMENTS,20260924,small_key_fob,no_shield_control,0.0,11,10,2e-06,False
SIMULATED DATA - NOT PHYSICAL RFID MEASUREMENTS,20260924,small_key_fob,no_shield_control,0.0,12,1,0.0,False
SIMULATED DATA - NOT PHYSICAL RFID MEASUREMENTS,20260924,small_key_fob,no_shield_control,0.0,12,2,0.0,False
SIMULATED DATA - NOT PHYSICAL RFID MEASUREMENTS,20260924,small_key_fob,no_shield_control,0.0,12,3,0.0,False
SIMULATED DATA - NOT PHYSICAL RFID MEASUREMENTS,20260924,small_key_fob,no_shield_control,0.0,12,4,0.0,False
SIMULATED DATA - NOT PHYSICAL RFID MEASUREMENTS,20260924,small_key_fob,no_shield_control,0.0,12,5,0.0,False
SIMULATED DATA - NOT PHYSICAL RFID MEASUREMENTS,20260924,small_key_fob,no_shield_control,0.0,12,6,0.0,False
SIMULATED DATA - NOT PHYSICAL RFID MEASUREMENTS,20260924,small_key_fob,no_shield_control,0.0,12,7,0.0,False
SIMULATED DATA - NOT PHYSICAL RFID MEASUREMENTS,20260924,small_key_fob,no_shield_control,0.0,12,8,0.0,False
SIMULATED DATA - NOT PHYSICAL RFID MEASUREMENTS,20260924,small_key_fob,no_shield_control,0.0,12,9,0.0,False
SIMULATED DATA - NOT PHYSICAL RFID MEASUREMENTS,20260924,small_key_fob,no_shield_control,0.0,12,10,0.0,False
SIMULATED DATA - NOT PHYSICAL RFID MEASUREMENTS,20260924,small_key_fob,no_shield_control,0.0,13,1,0.0,False
SIMULATED DATA - NOT PHYSICAL RFID MEASUREMENTS,20260924,small_key_fob,no_shield_control,0.0,13,2,0.0,False
SIMULATED DATA - NOT PHYSICAL RFID MEASUREMENTS,20260924,small_key_fob,no_shield_control,0.0,13,3,0.0,False
SIMULATED DATA - NOT PHYSICAL RFID MEASUREMENTS,20260924,small_key_fob,no_shield_control,0.0,13,4,0.0,False
SIMULATED DATA - NOT PHYSICAL RFID MEASUREMENTS,20260924,small_key_fob,no_shield_control,0.0,13,5,0.0,False
SIMULATED DATA - NOT PHYSICAL RFID MEASUREMENTS,20260924,small_key_fob,no_shield_control,0.0,13,6,0.0,False
SIMULATED DATA - NOT PHYSICAL RFID MEASUREMENTS,20260924,small_key_fob,no_shield_control,0.0,13,7,0.0,False
SIMULATED DATA - NOT PHYSICAL RFID MEASUREMENTS,20260924,small_key_fob,no_shield_control,0.0,13,8,0.0,False
SIMULATED DATA - NOT PHYSICAL RFID MEASUREMENTS,20260924,small_key_fob,no_shield_control,0.0,13,9,0.0,False
SIMULATED DATA - NOT PHYSICAL RFID MEASUREMENTS,20260924,small_key_fob,no_shield_control,0.0,13,10,0.0,False
SIMULATED DATA - NOT PHYSICAL RFID MEASUREMENTS,20260924,small_key_fob,no_shield_control,0.0,14,1,0.0,False
SIMULATED DATA - NOT PHYSICAL RFID MEASUREMENTS,20260924,small_key_fob,no_shield_control,0.0,14,2,0.0,False
SIMULATED DATA - NOT PHYSICAL RFID MEASUREMENTS,20260924,small_key_fob,no_shield_control,0.0,14,3,0.0,False
SIMULATED DATA - NOT PHYSICAL RFID MEASUREMENTS,20260924,small_key_fob,no_shield_control,0.0,14,4,0.0,False
SIMULATED DATA - NOT PHYSICAL RFID MEASUREMENTS,20260924,small_key_fob,no_shield_control,0.0,14,5,0.0,False
SIMULATED DATA - NOT PHYSICAL RFID MEASUREMENTS,20260924,small_key_fob,no_shield_control,0.0,14,6,0.0,False
SIMULATED DATA - NOT PHYSICAL RFID MEASUREMENTS,20260924,small_key_fob,no_shield_control,0.0,14,7,0.0,False
SIMULATED DATA - NOT PHYSICAL RFID MEASUREMENTS,20260924,small_key_fob,no_shield_control,0.0,14,8,0.0,False
SIMULATED DATA - NOT PHYSICAL RFID MEASUREMENTS,20260924,small_key_fob,no_shield_control,0.0,14,9,0.0,False
SIMULATED DATA - NOT PHYSICAL RFID MEASUREMENTS,20260924,small_key_fob,no_shield_control,0.0,14,10,0.0,False
SIMULATED DATA - NOT PHYSICAL RFID MEASUREMENTS,20260924,small_key_fob,no_shield_control,0.0,15,1,0.0,False
SIMULATED DATA - NOT PHYSICAL RFID MEASUREMENTS,20260924,small_key_fob,no_shield_control,0.0,15,2,0.0,False
SIMULATED DATA - NOT PHYSICAL RFID MEASUREMENTS,20260924,small_key_fob,no_shield_control,0.0,15,3,0.0,False
SIMULATED DATA - NOT PHYSICAL RFID MEASUREMENTS,20260924,small_key_fob,no_shield_control,0.0,15,4,0.0,False
SIMULATED DATA - NOT PHYSICAL RFID MEASUREMENTS,20260924,small_key_fob,no_shield_control,0.0,15,5,0.0,False
SIMULATED DATA - NOT PHYSICAL RFID MEASUREMENTS,20260924,small_key_fob,no_shield_control,0.0,15,6,0.0,False
SIMULATED DATA - NOT PHYSICAL RFID MEASUREMENTS,20260924,small_key_fob,no_shield_control,0.0,15,7,0.0,False
SIMULATED DATA - NOT PHYSICAL RFID MEASUREMENTS,20260924,small_key_fob,no_shield_control,0.0,15,8,0.0,False
SIMULATED DATA - NOT PHYSICAL RFID MEASUREMENTS,20260924,small_key_fob,no_shield_control,0.0,15,9,0.0,False
SIMULATED DATA - NOT PHYSICAL RFID MEASUREMENTS,20260924,small_key_fob,no_shield_control,0.0,15,10,0.0,False
SIMULATED DATA - NOT PHYSICAL RFID MEASUREMENTS,20260924,small_key_fob,paper,0.2,1,1,0.99986,True
SIMULATED DATA - NOT PHYSICAL RFID MEASUREMENTS,20260924,small_key_fob,paper,0.2,1,2,0.99986,True
SIMULATED DATA - NOT PHYSICAL RFID MEASUREMENTS,20260924,small_key_fob,paper,0.2,1,3,0.99986,True
SIMULATED DATA - NOT PHYSICAL RFID MEASUREMENTS,20260924,small_key_fob,paper,0.2,1,4,0.99986,True
SIMULATED DATA - NOT PHYSICAL RFID MEASUREMENTS,20260924,small_key_fob,paper,0.2,1,5,0.99986,True
SIMULATED DATA - NOT PHYSICAL RFID MEASUREMENTS,20260924,small_key_fob,paper,0.2,1,6,0.99986,True
SIMULATED DATA - NOT PHYSICAL RFID MEASUREMENTS,20260924,small_key_fob,paper,0.2,1,7,0.99986,True
SIMULATED DATA - NOT PHYSICAL RFID MEASUREMENTS,20260924,small_key_fob,paper,0.2,1,8,0.99986,True
SIMULATED DATA - NOT PHYSICAL RFID MEASUREMENTS,20260924,small_key_fob,paper,0.2,1,9,0.99986,True
SIMULATED DATA - NOT PHYSICAL RFID MEASUREMENTS,20260924,small_key_fob,paper,0.2,1,10,0.99986,True
SIMULATED DATA - NOT PHYSICAL RFID MEASUREMENTS,20260924,small_key_fob,paper,0.2,2,1,0.998685,True
SIMULATED DATA - NOT PHYSICAL RFID MEASUREMENTS,20260924,small_key_fob,paper,0.2,2,2,0.998685,True
SIMULATED DATA - NOT PHYSICAL RFID MEASUREMENTS,20260924,small_key_fob,paper,0.2,2,3,0.998685,True
SIMULATED DATA - NOT PHYSICAL RFID MEASUREMENTS,20260924,small_key_fob,paper,0.2,2,4,0.998685,True
SIMULATED DATA - NOT PHYSICAL RFID MEASUREMENTS,20260924,small_key_fob,paper,0.2,2,5,0.998685,True
SIMULATED DATA - NOT PHYSICAL RFID MEASUREMENTS,20260924,small_key_fob,paper,0.2,2,6,0.998685,True
SIMULATED DATA - NOT PHYSICAL RFID MEASUREMENTS,20260924,small_key_fob,paper,0.2,2,7,0.998685,True
SIMULATED DATA - NOT PHYSICAL RFID MEASUREMENTS,20260924,small_key_fob,paper,0.2,2,8,0.998685,True
SIMULATED DATA - NOT PHYSICAL RFID MEASUREMENTS,20260924,small_key_fob,paper,0.2,2,9,0.998685,True
SIMULATED DATA - NOT PHYSICAL RFID MEASUREMENTS,20260924,small_key_fob,paper,0.2,2,10,0.998685,True
SIMULATED DATA - NOT PHYSICAL RFID MEASUREMENTS,20260924,small_key_fob,paper,0.2,3,1,0.987788,True
SIMULATED DATA - NOT PHYSICAL RFID MEASUREMENTS,20260924,small_key_fob,paper,0.2,3,2,0.987788,True
SIMULATED DATA - NOT PHYSICAL RFID MEASUREMENTS,20260924,small_key_fob,paper,0.2,3,3,0.987788,True
SIMULATED DATA - NOT PHYSICAL RFID MEASUREMENTS,20260924,small_key_fob,paper,0.2,3,4,0.987788,True
SIMULATED DATA - NOT PHYSICAL RFID MEASUREMENTS,20260924,small_key_fob,paper,0.2,3,5,0.987788,True
SIMULATED DATA - NOT PHYSICAL RFID MEASUREMENTS,20260924,small_key_fob,paper,0.2,3,6,0.987788,True
SIMULATED DATA - NOT PHYSICAL RFID MEASUREMENTS,20260924,small_key_fob,paper,0.2,3,7,0.987788,True
SIMULATED DATA - NOT PHYSICAL RFID MEASUREMENTS,20260924,small_key_fob,paper,0.2,3,8,0.987788,True
SIMULATED DATA - NOT PHYSICAL RFID MEASUREMENTS,20260924,small_key_fob,paper,0.2,3,9,0.987788,True
SIMULATED DATA - NOT PHYSICAL RFID MEASUREMENTS,20260924,small_key_fob,paper,0.2,3,10,0.987788,True
SIMULATED DATA - NOT PHYSICAL RFID MEASUREMENTS,20260924,small_key_fob,paper,0.2,4,1,0.896017,True
SIMULATED DATA - NOT PHYSICAL RFID MEASUREMENTS,20260924,small_key_fob,paper,0.2,4,2,0.896017,True
SIMULATED DATA - NOT PHYSICAL RFID MEASUREMENTS,20260924,small_key_fob,paper,0.2,4,3,0.896017,True
SIMULATED DATA - NOT PHYSICAL RFID MEASUREMENTS,20260924,small_key_fob,paper,0.2,4,4,0.896017,True
SIMULATED DATA - NOT PHYSICAL RFID MEASUREMENTS,20260924,small_key_fob,paper,0.2,4,5,0.896017,True
SIMULATED DATA - NOT PHYSICAL RFID MEASUREMENTS,20260924,small_key_fob,paper,0.2,4,6,0.896017,False
SIMULATED DATA - NOT PHYSICAL RFID MEASUREMENTS,20260924,small_key_fob,paper,0.2,4,7,0.896017,True
SIMULATED DATA - NOT PHYSICAL RFID MEASUREMENTS,20260924,small_key_fob,paper,0.2,4,8,0.896017,True
SIMULATED DATA - NOT PHYSICAL RFID MEASUREMENTS,20260924,small_key_fob,paper,0.2,4,9,0.896017,True
SIMULATED DATA - NOT PHYSICAL RFID MEASUREMENTS,20260924,small_key_fob,paper,0.2,4,10,0.896017,True
SIMULATED DATA - NOT PHYSICAL RFID MEASUREMENTS,20260924,small_key_fob,paper,0.2,5,1,0.478611,True
SIMULATED DATA - NOT PHYSICAL RFID MEASUREMENTS,20260924,small_key_fob,paper,0.2,5,2,0.478611,False
SIMULATED DATA - NOT PHYSICAL RFID MEASUREMENTS,20260924,small_key_fob,paper,0.2,5,3,0.478611,True
SIMULATED DATA - NOT PHYSICAL RFID MEASUREMENTS,20260924,small_key_fob,paper,0.2,5,4,0.478611,False
SIMULATED DATA - NOT PHYSICAL RFID MEASUREMENTS,20260924,small_key_fob,paper,0.2,5,5,0.478611,False
SIMULATED DATA - NOT PHYSICAL RFID MEASUREMENTS,20260924,small_key_fob,paper,0.2,5,6,0.478611,True
SIMULATED DATA - NOT PHYSICAL RFID MEASUREMENTS,20260924,small_key_fob,paper,0.2,5,7,0.478611,False
SIMULATED DATA - NOT PHYSICAL RFID MEASUREMENTS,20260924,small_key_fob,paper,0.2,5,8,0.478611,True
SIMULATED DATA - NOT PHYSICAL RFID MEASUREMENTS,20260924,small_key_fob,paper,0.2,5,9,0.478611,True
SIMULATED DATA - NOT PHYSICAL RFID MEASUREMENTS,20260924,small_key_fob,paper,0.2,5,10,0.478611,False
SIMULATED DATA - NOT PHYSICAL RFID MEASUREMENTS,20260924,small_key_fob,paper,0.2,6,1,0.089077,False
SIMULATED DATA - NOT PHYSICAL RFID MEASUREMENTS,20260924,small_key_fob,paper,0.2,6,2,0.089077,False
SIMULATED DATA - NOT PHYSICAL RFID MEASUREMENTS,20260924,small_key_fob,paper,0.2,6,3,0.089077,False
SIMULATED DATA - NOT PHYSICAL RFID MEASUREMENTS,20260924,small_key_fob,paper,0.2,6,4,0.089077,False
SIMULATED DATA - NOT PHYSICAL RFID MEASUREMENTS,20260924,small_key_fob,paper,0.2,6,5,0.089077,False
SIMULATED DATA - NOT PHYSICAL RFID MEASUREMENTS,20260924,small_key_fob,paper,0.2,6,6,0.089077,False
SIMULATED DATA - NOT PHYSICAL RFID MEASUREMENTS,20260924,small_key_fob,paper,0.2,6,7,0.089077,True
SIMULATED DATA - NOT PHYSICAL RFID MEASUREMENTS,20260924,small_key_fob,paper,0.2,6,8,0.089077,False
SIMULATED DATA - NOT PHYSICAL RFID MEASUREMENTS,20260924,small_key_fob,paper,0.2,6,9,0.089077,False
SIMULATED DATA - NOT PHYSICAL RFID MEASUREMENTS,20260924,small_key_fob,paper,0.2,6,10,0.089077,False
SIMULATED DATA - NOT PHYSICAL RFID MEASUREMENTS,20260924,small_key_fob,paper,0.2,7,1,0.01031,False
SIMULATED DATA - NOT PHYSICAL RFID MEASUREMENTS,20260924,small_key_fob,paper,0.2,7,2,0.01031,False
SIMULATED DATA - NOT PHYSICAL RFID MEASUREMENTS,20260924,small_key_fob,paper,0.2,7,3,0.01031,False
SIMULATED DATA - NOT PHYSICAL RFID MEASUREMENTS,20260924,small_key_fob,paper,0.2,7,4,0.01031,False
SIMULATED DATA - NOT PHYSICAL RFID MEASUREMENTS,20260924,small_key_fob,paper,0.2,7,5,0.01031,False
SIMULATED DATA - NOT PHYSICAL RFID MEASUREMENTS,20260924,small_key_fob,paper,0.2,7,6,0.01031,False
SIMULATED DATA - NOT PHYSICAL RFID MEASUREMENTS,20260924,small_key_fob,paper,0.2,7,7,0.01031,False
SIMULATED DATA - NOT PHYSICAL RFID MEASUREMENTS,20260924,small_key_fob,paper,0.2,7,8,0.01031,False
SIMULATED DATA - NOT PHYSICAL RFID MEASUREMENTS,20260924,small_key_fob,paper,0.2,7,9,0.01031,False
SIMULATED DATA - NOT PHYSICAL RFID MEASUREMENTS,20260924,small_key_fob,paper,0.2,7,10,0.01031,False
SIMULATED DATA - NOT PHYSICAL RFID MEASUREMENTS,20260924,small_key_fob,paper,0.2,8,1,0.001108,False
SIMULATED DATA - NOT PHYSICAL RFID MEASUREMENTS,20260924,small_key_fob,paper,0.2,8,2,0.001108,False
SIMULATED DATA - NOT PHYSICAL RFID MEASUREMENTS,20260924,small_key_fob,paper,0.2,8,3,0.001108,False
SIMULATED DATA - NOT PHYSICAL RFID MEASUREMENTS,20260924,small_key_fob,paper,0.2,8,4,0.001108,False
SIMULATED DATA - NOT PHYSICAL RFID MEASUREMENTS,20260924,small_key_fob,paper,0.2,8,5,0.001108,False
SIMULATED DATA - NOT PHYSICAL RFID MEASUREMENTS,20260924,small_key_fob,paper,0.2,8,6,0.001108,False
SIMULATED DATA - NOT PHYSICAL RFID MEASUREMENTS,20260924,small_key_fob,paper,0.2,8,7,0.001108,False
SIMULATED DATA - NOT PHYSICAL RFID MEASUREMENTS,20260924,small_key_fob,paper,0.2,8,8,0.001108,False
SIMULATED DATA - NOT PHYSICAL RFID MEASUREMENTS,20260924,small_key_fob,paper,0.2,8,9,0.001108,False
SIMULATED DATA - NOT PHYSICAL RFID MEASUREMENTS,20260924,small_key_fob,paper,0.2,8,10,0.001108,False
SIMULATED DATA - NOT PHYSICAL RFID MEASUREMENTS,20260924,small_key_fob,paper,0.2,9,1,0.000118,False
SIMULATED DATA - NOT PHYSICAL RFID MEASUREMENTS,20260924,small_key_fob,paper,0.2,9,2,0.000118,False
SIMULATED DATA - NOT PHYSICAL RFID MEASUREMENTS,20260924,small_key_fob,paper,0.2,9,3,0.000118,False
SIMULATED DATA - NOT PHYSICAL RFID MEASUREMENTS,20260924,small_key_fob,paper,0.2,9,4,0.000118,False
SIMULATED DATA - NOT PHYSICAL RFID MEASUREMENTS,20260924,small_key_fob,paper,0.2,9,5,0.000118,False
SIMULATED DATA - NOT PHYSICAL RFID MEASUREMENTS,20260924,small_key_fob,paper,0.2,9,6,0.000118,False
SIMULATED DATA - NOT PHYSICAL RFID MEASUREMENTS,20260924,small_key_fob,paper,0.2,9,7,0.000118,False
SIMULATED DATA - NOT PHYSICAL RFID MEASUREMENTS,20260924,small_key_fob,paper,0.2,9,8,0.000118,False
SIMULATED DATA - NOT PHYSICAL RFID MEASUREMENTS,20260924,small_key_fob,paper,0.2,9,9,0.000118,False
SIMULATED DATA - NOT PHYSICAL RFID MEASUREMENTS,20260924,small_key_fob,paper,0.2,9,10,0.000118,False
SIMULATED DATA - NOT PHYSICAL RFID MEASUREMENTS,20260924,small_key_fob,paper,0.2,10,1,1.3e-05,False
SIMULATED DATA - NOT PHYSICAL RFID MEASUREMENTS,20260924,small_key_fob,paper,0.2,10,2,1.3e-05,False
SIMULATED DATA - NOT PHYSICAL RFID MEASUREMENTS,20260924,small_key_fob,paper,0.2,10,3,1.3e-05,False
SIMULATED DATA - NOT PHYSICAL RFID MEASUREMENTS,20260924,small_key_fob,paper,0.2,10,4,1.3e-05,False
SIMULATED DATA - NOT PHYSICAL RFID MEASUREMENTS,20260924,small_key_fob,paper,0.2,10,5,1.3e-05,False
SIMULATED DATA - NOT PHYSICAL RFID MEASUREMENTS,20260924,small_key_fob,paper,0.2,10,6,1.3e-05,False
SIMULATED DATA - NOT PHYSICAL RFID MEASUREMENTS,20260924,small_key_fob,paper,0.2,10,7,1.3e-05,False
SIMULATED DATA - NOT PHYSICAL RFID MEASUREMENTS,20260924,small_key_fob,paper,0.2,10,8,1.3e-05,False
SIMULATED DATA - NOT PHYSICAL RFID MEASUREMENTS,20260924,small_key_fob,paper,0.2,10,9,1.3e-05,False
SIMULATED DATA - NOT PHYSICAL RFID MEASUREMENTS,20260924,small_key_fob,paper,0.2,10,10,1.3e-05,False
SIMULATED DATA - NOT PHYSICAL RFID MEASUREMENTS,20260924,small_key_fob,paper,0.2,11,1,1e-06,False
SIMULATED DATA - NOT PHYSICAL RFID MEASUREMENTS,20260924,small_key_fob,paper,0.2,11,2,1e-06,False
SIMULATED DATA - NOT PHYSICAL RFID MEASUREMENTS,20260924,small_key_fob,paper,0.2,11,3,1e-06,False
SIMULATED DATA - NOT PHYSICAL RFID MEASUREMENTS,20260924,small_key_fob,paper,0.2,11,4,1e-06,False
SIMULATED DATA - NOT PHYSICAL RFID MEASUREMENTS,20260924,small_key_fob,paper,0.2,11,5,1e-06,False
SIMULATED DATA - NOT PHYSICAL RFID MEASUREMENTS,20260924,small_key_fob,paper,0.2,11,6,1e-06,False
SIMULATED DATA - NOT PHYSICAL RFID MEASUREMENTS,20260924,small_key_fob,paper,0.2,11,7,1e-06,False
SIMULATED DATA - NOT PHYSICAL RFID MEASUREMENTS,20260924,small_key_fob,paper,0.2,11,8,1e-06,False
SIMULATED DATA - NOT PHYSICAL RFID MEASUREMENTS,20260924,small_key_fob,paper,0.2,11,9,1e-06,False
SIMULATED DATA - NOT PHYSICAL RFID MEASUREMENTS,20260924,small_key_fob,paper,0.2,11,10,1e-06,False
SIMULATED DATA - NOT PHYSICAL RFID MEASUREMENTS,20260924,small_key_fob,paper,0.2,12,1,0.0,False
SIMULATED DATA - NOT PHYSICAL RFID MEASUREMENTS,20260924,small_key_fob,paper,0.2,12,2,0.0,False
SIMULATED DATA - NOT PHYSICAL RFID MEASUREMENTS,20260924,small_key_fob,paper,0.2,12,3,0.0,False
SIMULATED DATA - NOT PHYSICAL RFID MEASUREMENTS,20260924,small_key_fob,paper,0.2,12,4,0.0,False
SIMULATED DATA - NOT PHYSICAL RFID MEASUREMENTS,20260924,small_key_fob,paper,0.2,12,5,0.0,False
SIMULATED DATA - NOT PHYSICAL RFID MEASUREMENTS,20260924,small_key_fob,paper,0.2,12,6,0.0,False
SIMULATED DATA - NOT PHYSICAL RFID MEASUREMENTS,20260924,small_key_fob,paper,0.2,12,7,0.0,False
SIMULATED DATA - NOT PHYSICAL RFID MEASUREMENTS,20260924,small_key_fob,paper,0.2,12,8,0.0,False
SIMULATED DATA - NOT PHYSICAL RFID MEASUREMENTS,20260924,small_key_fob,paper,0.2,12,9,0.0,False
SIMULATED DATA - NOT PHYSICAL RFID MEASUREMENTS,20260924,small_key_fob,paper,0.2,12,10,0.0,False
SIMULATED DATA - NOT PHYSICAL RFID MEASUREMENTS,20260924,small_key_fob,paper,0.2,13,1,0.0,False
SIMULATED DATA - NOT PHYSICAL RFID MEASUREMENTS,20260924,small_key_fob,paper,0.2,13,2,0.0,False
SIMULATED DATA - NOT PHYSICAL RFID MEASUREMENTS,20260924,small_key_fob,paper,0.2,13,3,0.0,False
SIMULATED DATA - NOT PHYSICAL RFID MEASUREMENTS,20260924,small_key_fob,paper,0.2,13,4,0.0,False
SIMULATED DATA - NOT PHYSICAL RFID MEASUREMENTS,20260924,small_key_fob,paper,0.2,13,5,0.0,False
SIMULATED DATA - NOT PHYSICAL RFID MEASUREMENTS,20260924,small_key_fob,paper,0.2,13,6,0.0,False
SIMULATED DATA - NOT PHYSICAL RFID MEASUREMENTS,20260924,small_key_fob,paper,0.2,13,7,0.0,False
SIMULATED DATA - NOT PHYSICAL RFID MEASUREMENTS,20260924,small_key_fob,paper,0.2,13,8,0.0,False
SIMULATED DATA - NOT PHYSICAL RFID MEASUREMENTS,20260924,small_key_fob,paper,0.2,13,9,0.0,False
SIMULATED DATA - NOT PHYSICAL RFID MEASUREMENTS,20260924,small_key_fob,paper,0.2,13,10,0.0,False
SIMULATED DATA - NOT PHYSICAL RFID MEASUREMENTS,20260924,small_key_fob,paper,0.2,14,1,0.0,False
SIMULATED DATA - NOT PHYSICAL RFID MEASUREMENTS,20260924,small_key_fob,paper,0.2,14,2,0.0,False
SIMULATED DATA - NOT PHYSICAL RFID MEASUREMENTS,20260924,small_key_fob,paper,0.2,14,3,0.0,False
SIMULATED DATA - NOT PHYSICAL RFID MEASUREMENTS,20260924,small_key_fob,paper,0.2,14,4,0.0,False
SIMULATED DATA - NOT PHYSICAL RFID MEASUREMENTS,20260924,small_key_fob,paper,0.2,14,5,0.0,False
SIMULATED DATA - NOT PHYSICAL RFID MEASUREMENTS,20260924,small_key_fob,paper,0.2,14,6,0.0,False
SIMULATED DATA - NOT PHYSICAL RFID MEASUREMENTS,20260924,small_key_fob,paper,0.2,14,7,0.0,False
SIMULATED DATA - NOT PHYSICAL RFID MEASUREMENTS,20260924,small_key_fob,paper,0.2,14,8,0.0,False
SIMULATED DATA - NOT PHYSICAL RFID MEASUREMENTS,20260924,small_key_fob,paper,0.2,14,9,0.0,False
SIMULATED DATA - NOT PHYSICAL RFID MEASUREMENTS,20260924,small_key_fob,paper,0.2,14,10,0.0,False
SIMULATED DATA - NOT PHYSICAL RFID MEASUREMENTS,20260924,small_key_fob,paper,0.2,15,1,0.0,False
SIMULATED DATA - NOT PHYSICAL RFID MEASUREMENTS,20260924,small_key_fob,paper,0.2,15,2,0.0,False
SIMULATED DATA - NOT PHYSICAL RFID MEASUREMENTS,20260924,small_key_fob,paper,0.2,15,3,0.0,False
SIMULATED DATA - NOT PHYSICAL RFID MEASUREMENTS,20260924,small_key_fob,paper,0.2,15,4,0.0,False
SIMULATED DATA - NOT PHYSICAL RFID MEASUREMENTS,20260924,small_key_fob,paper,0.2,15,5,0.0,False
SIMULATED DATA - NOT PHYSICAL RFID MEASUREMENTS,20260924,small_key_fob,paper,0.2,15,6,0.0,False
SIMULATED DATA - NOT PHYSICAL RFID MEASUREMENTS,20260924,small_key_fob,paper,0.2,15,7,0.0,False
SIMULATED DATA - NOT PHYSICAL RFID MEASUREMENTS,20260924,small_key_fob,paper,0.2,15,8,0.0,False
SIMULATED DATA - NOT PHYSICAL RFID MEASUREMENTS,20260924,small_key_fob,paper,0.2,15,9,0.0,False
SIMULATED DATA - NOT PHYSICAL RFID MEASUREMENTS,20260924,small_key_fob,paper,0.2,15,10,0.0,False
SIMULATED DATA - NOT PHYSICAL RFID MEASUREMENTS,20260924,small_key_fob,aluminum_screen,10.0,1,1,0.99961,True
SIMULATED DATA - NOT PHYSICAL RFID MEASUREMENTS,20260924,small_key_fob,aluminum_screen,10.0,1,2,0.99961,True
SIMULATED DATA - NOT PHYSICAL RFID MEASUREMENTS,20260924,small_key_fob,aluminum_screen,10.0,1,3,0.99961,True
SIMULATED DATA - NOT PHYSICAL RFID MEASUREMENTS,20260924,small_key_fob,aluminum_screen,10.0,1,4,0.99961,True
SIMULATED DATA - NOT PHYSICAL RFID MEASUREMENTS,20260924,small_key_fob,aluminum_screen,10.0,1,5,0.99961,True
SIMULATED DATA - NOT PHYSICAL RFID MEASUREMENTS,20260924,small_key_fob,aluminum_screen,10.0,1,6,0.99961,True
SIMULATED DATA - NOT PHYSICAL RFID MEASUREMENTS,20260924,small_key_fob,aluminum_screen,10.0,1,7,0.99961,True
SIMULATED DATA - NOT PHYSICAL RFID MEASUREMENTS,20260924,small_key_fob,aluminum_screen,10.0,1,8,0.99961,True
SIMULATED DATA - NOT PHYSICAL RFID MEASUREMENTS,20260924,small_key_fob,aluminum_screen,10.0,1,9,0.99961,True
SIMULATED DATA - NOT PHYSICAL RFID MEASUREMENTS,20260924,small_key_fob,aluminum_screen,10.0,1,10,0.99961,True
SIMULATED DATA - NOT PHYSICAL RFID MEASUREMENTS,20260924,small_key_fob,aluminum_screen,10.0,2,1,0.989925,True
SIMULATED DATA - NOT PHYSICAL RFID MEASUREMENTS,20260924,small_key_fob,aluminum_screen,10.0,2,2,0.989925,True
SIMULATED DATA - NOT PHYSICAL RFID MEASUREMENTS,20260924,small_key_fob,aluminum_screen,10.0,2,3,0.989925,True
SIMULATED DATA - NOT PHYSICAL RFID MEASUREMENTS,20260924,small_key_fob,aluminum_screen,10.0,2,4,0.989925,True
SIMULATED DATA - NOT PHYSICAL RFID MEASUREMENTS,20260924,small_key_fob,aluminum_screen,10.0,2,5,0.989925,True
SIMULATED DATA - NOT PHYSICAL RFID MEASUREMENTS,20260924,small_key_fob,aluminum_screen,10.0,2,6,0.989925,True
SIMULATED DATA - NOT PHYSICAL RFID MEASUREMENTS,20260924,small_key_fob,aluminum_screen,10.0,2,7,0.989925,True
SIMULATED DATA - NOT PHYSICAL RFID MEASUREMENTS,20260924,small_key_fob,aluminum_screen,10.0,2,8,0.989925,True
SIMULATED DATA - NOT PHYSICAL RFID MEASUREMENTS,20260924,small_key_fob,aluminum_screen,10.0,2,9,0.989925,True
SIMULATED DATA - NOT PHYSICAL RFID MEASUREMENTS,20260924,small_key_fob,aluminum_screen,10.0,2,10,0.989925,True
SIMULATED DATA - NOT PHYSICAL RFID MEASUREMENTS,20260924,small_key_fob,aluminum_screen,10.0,3,1,0.790142,True
SIMULATED DATA - NOT PHYSICAL RFID MEASUREMENTS,20260924,small_key_fob,aluminum_screen,10.0,3,2,0.790142,False
SIMULATED DATA - NOT PHYSICAL RFID MEASUREMENTS,20260924,small_key_fob,aluminum_screen,10.0,3,3,0.790142,True
SIMULATED DATA - NOT PHYSICAL RFID MEASUREMENTS,20260924,small_key_fob,aluminum_screen,10.0,3,4,0.790142,False
SIMULATED DATA - NOT PHYSICAL RFID MEASUREMENTS,20260924,small_key_fob,aluminum_screen,10.0,3,5,0.790142,True
SIMULATED DATA - NOT PHYSICAL RFID MEASUREMENTS,20260924,small_key_fob,aluminum_screen,10.0,3,6,0.790142,True
SIMULATED DATA - NOT PHYSICAL RFID MEASUREMENTS,20260924,small_key_fob,aluminum_screen,10.0,3,7,0.790142,True
SIMULATED DATA - NOT PHYSICAL RFID MEASUREMENTS,20260924,small_key_fob,aluminum_screen,10.0,3,8,0.790142,True
SIMULATED DATA - NOT PHYSICAL RFID MEASUREMENTS,20260924,small_key_fob,aluminum_screen,10.0,3,9,0.790142,False
SIMULATED DATA - NOT PHYSICAL RFID MEASUREMENTS,20260924,small_key_fob,aluminum_screen,10.0,3,10,0.790142,True
SIMULATED DATA - NOT PHYSICAL RFID MEASUREMENTS,20260924,small_key_fob,aluminum_screen,10.0,4,1,0.126089,False
SIMULATED DATA - NOT PHYSICAL RFID MEASUREMENTS,20260924,small_key_fob,aluminum_screen,10.0,4,2,0.126089,False
SIMULATED DATA - NOT PHYSICAL RFID MEASUREMENTS,20260924,small_key_fob,aluminum_screen,10.0,4,3,0.126089,False
SIMULATED DATA - NOT PHYSICAL RFID MEASUREMENTS,20260924,small_key_fob,aluminum_screen,10.0,4,4,0.126089,False
SIMULATED DATA - NOT PHYSICAL RFID MEASUREMENTS,20260924,small_key_fob,aluminum_screen,10.0,4,5,0.126089,False
SIMULATED DATA - NOT PHYSICAL RFID MEASUREMENTS,20260924,small_key_fob,aluminum_screen,10.0,4,6,0.126089,False
SIMULATED DATA - NOT PHYSICAL RFID MEASUREMENTS,20260924,small_key_fob,aluminum_screen,10.0,4,7,0.126089,True
SIMULATED DATA - NOT PHYSICAL RFID MEASUREMENTS,20260924,small_key_fob,aluminum_screen,10.0,4,8,0.126089,False
SIMULATED DATA - NOT PHYSICAL RFID MEASUREMENTS,20260924,small_key_fob,aluminum_screen,10.0,4,9,0.126089,False
SIMULATED DATA - NOT PHYSICAL RFID MEASUREMENTS,20260924,small_key_fob,aluminum_screen,10.0,4,10,0.126089,False
SIMULATED DATA - NOT PHYSICAL RFID MEASUREMENTS,20260924,small_key_fob,aluminum_screen,10.0,5,1,0.005498,False
SIMULATED DATA - NOT PHYSICAL RFID MEASUREMENTS,20260924,small_key_fob,aluminum_screen,10.0,5,2,0.005498,False
SIMULATED DATA - NOT PHYSICAL RFID MEASUREMENTS,20260924,small_key_fob,aluminum_screen,10.0,5,3,0.005498,False
SIMULATED DATA - NOT PHYSICAL RFID MEASUREMENTS,20260924,small_key_fob,aluminum_screen,10.0,5,4,0.005498,False
SIMULATED DATA - NOT PHYSICAL RFID MEASUREMENTS,20260924,small_key_fob,aluminum_screen,10.0,5,5,0.005498,False
SIMULATED DATA - NOT PHYSICAL RFID MEASUREMENTS,20260924,small_key_fob,aluminum_screen,10.0,5,6,0.005498,False
SIMULATED DATA - NOT PHYSICAL RFID MEASUREMENTS,20260924,small_key_fob,aluminum_screen,10.0,5,7,0.005498,False
SIMULATED DATA - NOT PHYSICAL RFID MEASUREMENTS,20260924,small_key_fob,aluminum_screen,10.0,5,8,0.005498,False
SIMULATED DATA - NOT PHYSICAL RFID MEASUREMENTS,20260924,small_key_fob,aluminum_screen,10.0,5,9,0.005498,False
SIMULATED DATA - NOT PHYSICAL RFID MEASUREMENTS,20260924,small_key_fob,aluminum_screen,10.0,5,10,0.005498,False
SIMULATED DATA - NOT PHYSICAL RFID MEASUREMENTS,20260924,small_key_fob,aluminum_screen,10.0,6,1,0.000212,False
SIMULATED DATA - NOT PHYSICAL RFID MEASUREMENTS,20260924,small_key_fob,aluminum_screen,10.0,6,2,0.000212,False
SIMULATED DATA - NOT PHYSICAL RFID MEASUREMENTS,20260924,small_key_fob,aluminum_screen,10.0,6,3,0.000212,False
SIMULATED DATA - NOT PHYSICAL RFID MEASUREMENTS,20260924,small_key_fob,aluminum_screen,10.0,6,4,0.000212,False
SIMULATED DATA - NOT PHYSICAL RFID MEASUREMENTS,20260924,small_key_fob,aluminum_screen,10.0,6,5,0.000212,False
SIMULATED DATA - NOT PHYSICAL RFID MEASUREMENTS,20260924,small_key_fob,aluminum_screen,10.0,6,6,0.000212,False
SIMULATED DATA - NOT PHYSICAL RFID MEASUREMENTS,20260924,small_key_fob,aluminum_screen,10.0,6,7,0.000212,False
SIMULATED DATA - NOT PHYSICAL RFID MEASUREMENTS,20260924,small_key_fob,aluminum_screen,10.0,6,8,0.000212,False
SIMULATED DATA - NOT PHYSICAL RFID MEASUREMENTS,20260924,small_key_fob,aluminum_screen,10.0,6,9,0.000212,False
SIMULATED DATA - NOT PHYSICAL RFID MEASUREMENTS,20260924,small_key_fob,aluminum_screen,10.0,6,10,0.000212,False
SIMULATED DATA - NOT PHYSICAL RFID MEASUREMENTS,20260924,small_key_fob,aluminum_screen,10.0,7,1,8e-06,False
SIMULATED DATA - NOT PHYSICAL RFID MEASUREMENTS,20260924,small_key_fob,aluminum_screen,10.0,7,2,8e-06,False
SIMULATED DATA - NOT PHYSICAL RFID MEASUREMENTS,20260924,small_key_fob,aluminum_screen,10.0,7,3,8e-06,False
SIMULATED DATA - NOT PHYSICAL RFID MEASUREMENTS,20260924,small_key_fob,aluminum_screen,10.0,7,4,8e-06,False
SIMULATED DATA - NOT PHYSICAL RFID MEASUREMENTS,20260924,small_key_fob,aluminum_screen,10.0,7,5,8e-06,False
SIMULATED DATA - NOT PHYSICAL RFID MEASUREMENTS,20260924,small_key_fob,aluminum_screen,10.0,7,6,8e-06,False
SIMULATED DATA - NOT PHYSICAL RFID MEASUREMENTS,20260924,small_key_fob,aluminum_screen,10.0,7,7,8e-06,False
SIMULATED DATA - NOT PHYSICAL RFID MEASUREMENTS,20260924,small_key_fob,aluminum_screen,10.0,7,8,8e-06,False
SIMULATED DATA - NOT PHYSICAL RFID MEASUREMENTS,20260924,small_key_fob,aluminum_screen,10.0,7,9,8e-06,False
SIMULATED DATA - NOT PHYSICAL RFID MEASUREMENTS,20260924,small_key_fob,aluminum_screen,10.0,7,10,8e-06,False
SIMULATED DATA - NOT PHYSICAL RFID MEASUREMENTS,20260924,small_key_fob,aluminum_screen,10.0,8,1,0.0,False
SIMULATED DATA - NOT PHYSICAL RFID MEASUREMENTS,20260924,small_key_fob,aluminum_screen,10.0,8,2,0.0,False
SIMULATED DATA - NOT PHYSICAL RFID MEASUREMENTS,20260924,small_key_fob,aluminum_screen,10.0,8,3,0.0,False
SIMULATED DATA - NOT PHYSICAL RFID MEASUREMENTS,20260924,small_key_fob,aluminum_screen,10.0,8,4,0.0,False
SIMULATED DATA - NOT PHYSICAL RFID MEASUREMENTS,20260924,small_key_fob,aluminum_screen,10.0,8,5,0.0,False
SIMULATED DATA - NOT PHYSICAL RFID MEASUREMENTS,20260924,small_key_fob,aluminum_screen,10.0,8,6,0.0,False
SIMULATED DATA - NOT PHYSICAL RFID MEASUREMENTS,20260924,small_key_fob,aluminum_screen,10.0,8,7,0.0,False
SIMULATED DATA - NOT PHYSICAL RFID MEASUREMENTS,20260924,small_key_fob,aluminum_screen,10.0,8,8,0.0,False
SIMULATED DATA - NOT PHYSICAL RFID MEASUREMENTS,20260924,small_key_fob,aluminum_screen,10.0,8,9,0.0,False
SIMULATED DATA - NOT PHYSICAL RFID MEASUREMENTS,20260924,small_key_fob,aluminum_screen,10.0,8,10,0.0,False
SIMULATED DATA - NOT PHYSICAL RFID MEASUREMENTS,20260924,small_key_fob,aluminum_screen,10.0,9,1,0.0,False
SIMULATED DATA - NOT PHYSICAL RFID MEASUREMENTS,20260924,small_key_fob,aluminum_screen,10.0,9,2,0.0,False
SIMULATED DATA - NOT PHYSICAL RFID MEASUREMENTS,20260924,small_key_fob,aluminum_screen,10.0,9,3,0.0,False
SIMULATED DATA - NOT PHYSICAL RFID MEASUREMENTS,20260924,small_key_fob,aluminum_screen,10.0,9,4,0.0,False
SIMULATED DATA - NOT PHYSICAL RFID MEASUREMENTS,20260924,small_key_fob,aluminum_screen,10.0,9,5,0.0,False
SIMULATED DATA - NOT PHYSICAL RFID MEASUREMENTS,20260924,small_key_fob,aluminum_screen,10.0,9,6,0.0,False
SIMULATED DATA - NOT PHYSICAL RFID MEASUREMENTS,20260924,small_key_fob,aluminum_screen,10.0,9,7,0.0,False
SIMULATED DATA - NOT PHYSICAL RFID MEASUREMENTS,20260924,small_key_fob,aluminum_screen,10.0,9,8,0.0,False
SIMULATED DATA - NOT PHYSICAL RFID MEASUREMENTS,20260924,small_key_fob,aluminum_screen,10.0,9,9,0.0,False
SIMULATED DATA - NOT PHYSICAL RFID MEASUREMENTS,20260924,small_key_fob,aluminum_screen,10.0,9,10,0.0,False
SIMULATED DATA - NOT PHYSICAL RFID MEASUREMENTS,20260924,small_key_fob,aluminum_screen,10.0,10,1,0.0,False
SIMULATED DATA - NOT PHYSICAL RFID MEASUREMENTS,20260924,small_key_fob,aluminum_screen,10.0,10,2,0.0,False
SIMULATED DATA - NOT PHYSICAL RFID MEASUREMENTS,20260924,small_key_fob,aluminum_screen,10.0,10,3,0.0,False
SIMULATED DATA - NOT PHYSICAL RFID MEASUREMENTS,20260924,small_key_fob,aluminum_screen,10.0,10,4,0.0,False
SIMULATED DATA - NOT PHYSICAL RFID MEASUREMENTS,20260924,small_key_fob,aluminum_screen,10.0,10,5,0.0,False
SIMULATED DATA - NOT PHYSICAL RFID MEASUREMENTS,20260924,small_key_fob,aluminum_screen,10.0,10,6,0.0,False
SIMULATED DATA - NOT PHYSICAL RFID MEASUREMENTS,20260924,small_key_fob,aluminum_screen,10.0,10,7,0.0,False
SIMULATED DATA - NOT PHYSICAL RFID MEASUREMENTS,20260924,small_key_fob,aluminum_screen,10.0,10,8,0.0,False
SIMULATED DATA - NOT PHYSICAL RFID MEASUREMENTS,20260924,small_key_fob,aluminum_screen,10.0,10,9,0.0,False
SIMULATED DATA - NOT PHYSICAL RFID MEASUREMENTS,20260924,small_key_fob,aluminum_screen,10.0,10,10,0.0,False
SIMULATED DATA - NOT PHYSICAL RFID MEASUREMENTS,20260924,small_key_fob,aluminum_screen,10.0,11,1,0.0,False
SIMULATED DATA - NOT PHYSICAL RFID MEASUREMENTS,20260924,small_key_fob,aluminum_screen,10.0,11,2,0.0,False
SIMULATED DATA - NOT PHYSICAL RFID MEASUREMENTS,20260924,small_key_fob,aluminum_screen,10.0,11,3,0.0,False
SIMULATED DATA - NOT PHYSICAL RFID MEASUREMENTS,20260924,small_key_fob,aluminum_screen,10.0,11,4,0.0,False
SIMULATED DATA - NOT PHYSICAL RFID MEASUREMENTS,20260924,small_key_fob,aluminum_screen,10.0,11,5,0.0,False
SIMULATED DATA - NOT PHYSICAL RFID MEASUREMENTS,20260924,small_key_fob,aluminum_screen,10.0,11,6,0.0,False
SIMULATED DATA - NOT PHYSICAL RFID MEASUREMENTS,20260924,small_key_fob,aluminum_screen,10.0,11,7,0.0,False
SIMULATED DATA - NOT PHYSICAL RFID MEASUREMENTS,20260924,small_key_fob,aluminum_screen,10.0,11,8,0.0,False
SIMULATED DATA - NOT PHYSICAL RFID MEASUREMENTS,20260924,small_key_fob,aluminum_screen,10.0,11,9,0.0,False
SIMULATED DATA - NOT PHYSICAL RFID MEASUREMENTS,20260924,small_key_fob,aluminum_screen,10.0,11,10,0.0,False
SIMULATED DATA - NOT PHYSICAL RFID MEASUREMENTS,20260924,small_key_fob,aluminum_screen,10.0,12,1,0.0,False
SIMULATED DATA - NOT PHYSICAL RFID MEASUREMENTS,20260924,small_key_fob,aluminum_screen,10.0,12,2,0.0,False
SIMULATED DATA - NOT PHYSICAL RFID MEASUREMENTS,20260924,small_key_fob,aluminum_screen,10.0,12,3,0.0,False
SIMULATED DATA - NOT PHYSICAL RFID MEASUREMENTS,20260924,small_key_fob,aluminum_screen,10.0,12,4,0.0,False
SIMULATED DATA - NOT PHYSICAL RFID MEASUREMENTS,20260924,small_key_fob,aluminum_screen,10.0,12,5,0.0,False
SIMULATED DATA - NOT PHYSICAL RFID MEASUREMENTS,20260924,small_key_fob,aluminum_screen,10.0,12,6,0.0,False
SIMULATED DATA - NOT PHYSICAL RFID MEASUREMENTS,20260924,small_key_fob,aluminum_screen,10.0,12,7,0.0,False
SIMULATED DATA - NOT PHYSICAL RFID MEASUREMENTS,20260924,small_key_fob,aluminum_screen,10.0,12,8,0.0,False
SIMULATED DATA - NOT PHYSICAL RFID MEASUREMENTS,20260924,small_key_fob,aluminum_screen,10.0,12,9,0.0,False
SIMULATED DATA - NOT PHYSICAL RFID MEASUREMENTS,20260924,small_key_fob,aluminum_screen,10.0,12,10,0.0,False
SIMULATED DATA - NOT PHYSICAL RFID MEASUREMENTS,20260924,small_key_fob,aluminum_screen,10.0,13,1,0.0,False
SIMULATED DATA - NOT PHYSICAL RFID MEASUREMENTS,20260924,small_key_fob,aluminum_screen,10.0,13,2,0.0,False
SIMULATED DATA - NOT PHYSICAL RFID MEASUREMENTS,20260924,small_key_fob,aluminum_screen,10.0,13,3,0.0,False
SIMULATED DATA - NOT PHYSICAL RFID MEASUREMENTS,20260924,small_key_fob,aluminum_screen,10.0,13,4,0.0,False
SIMULATED DATA - NOT PHYSICAL RFID MEASUREMENTS,20260924,small_key_fob,aluminum_screen,10.0,13,5,0.0,False
SIMULATED DATA - NOT PHYSICAL RFID MEASUREMENTS,20260924,small_key_fob,aluminum_screen,10.0,13,6,0.0,False
SIMULATED DATA - NOT PHYSICAL RFID MEASUREMENTS,20260924,small_key_fob,aluminum_screen,10.0,13,7,0.0,False
SIMULATED DATA - NOT PHYSICAL RFID MEASUREMENTS,20260924,small_key_fob,aluminum_screen,10.0,13,8,0.0,False
SIMULATED DATA - NOT PHYSICAL RFID MEASUREMENTS,20260924,small_key_fob,aluminum_screen,10.0,13,9,0.0,False
SIMULATED DATA - NOT PHYSICAL RFID MEASUREMENTS,20260924,small_key_fob,aluminum_screen,10.0,13,10,0.0,False
SIMULATED DATA - NOT PHYSICAL RFID MEASUREMENTS,20260924,small_key_fob,aluminum_screen,10.0,14,1,0.0,False
SIMULATED DATA - NOT PHYSICAL RFID MEASUREMENTS,20260924,small_key_fob,aluminum_screen,10.0,14,2,0.0,False
SIMULATED DATA - NOT PHYSICAL RFID MEASUREMENTS,20260924,small_key_fob,aluminum_screen,10.0,14,3,0.0,False
SIMULATED DATA - NOT PHYSICAL RFID MEASUREMENTS,20260924,small_key_fob,aluminum_screen,10.0,14,4,0.0,False
SIMULATED DATA - NOT PHYSICAL RFID MEASUREMENTS,20260924,small_key_fob,aluminum_screen,10.0,14,5,0.0,False
SIMULATED DATA - NOT PHYSICAL RFID MEASUREMENTS,20260924,small_key_fob,aluminum_screen,10.0,14,6,0.0,False
SIMULATED DATA - NOT PHYSICAL RFID MEASUREMENTS,20260924,small_key_fob,aluminum_screen,10.0,14,7,0.0,False
SIMULATED DATA - NOT PHYSICAL RFID MEASUREMENTS,20260924,small_key_fob,aluminum_screen,10.0,14,8,0.0,False
SIMULATED DATA - NOT PHYSICAL RFID MEASUREMENTS,20260924,small_key_fob,aluminum_screen,10.0,14,9,0.0,False
SIMULATED DATA - NOT PHYSICAL RFID MEASUREMENTS,20260924,small_key_fob,aluminum_screen,10.0,14,10,0.0,False
SIMULATED DATA - NOT PHYSICAL RFID MEASUREMENTS,20260924,small_key_fob,aluminum_screen,10.0,15,1,0.0,False
SIMULATED DATA - NOT PHYSICAL RFID MEASUREMENTS,20260924,small_key_fob,aluminum_screen,10.0,15,2,0.0,False
SIMULATED DATA - NOT PHYSICAL RFID MEASUREMENTS,20260924,small_key_fob,aluminum_screen,10.0,15,3,0.0,False
SIMULATED DATA - NOT PHYSICAL RFID MEASUREMENTS,20260924,small_key_fob,aluminum_screen,10.0,15,4,0.0,False
SIMULATED DATA - NOT PHYSICAL RFID MEASUREMENTS,20260924,small_key_fob,aluminum_screen,10.0,15,5,0.0,False
SIMULATED DATA - NOT PHYSICAL RFID MEASUREMENTS,20260924,small_key_fob,aluminum_screen,10.0,15,6,0.0,False
SIMULATED DATA - NOT PHYSICAL RFID MEASUREMENTS,20260924,small_key_fob,aluminum_screen,10.0,15,7,0.0,False
SIMULATED DATA - NOT PHYSICAL RFID MEASUREMENTS,20260924,small_key_fob,aluminum_screen,10.0,15,8,0.0,False
SIMULATED DATA - NOT PHYSICAL RFID MEASUREMENTS,20260924,small_key_fob,aluminum_screen,10.0,15,9,0.0,False
SIMULATED DATA - NOT PHYSICAL RFID MEASUREMENTS,20260924,small_key_fob,aluminum_screen,10.0,15,10,0.0,False
SIMULATED DATA - NOT PHYSICAL RFID MEASUREMENTS,20260924,small_key_fob,copper_mesh,12.0,1,1,0.999494,True
SIMULATED DATA - NOT PHYSICAL RFID MEASUREMENTS,20260924,small_key_fob,copper_mesh,12.0,1,2,0.999494,True
SIMULATED DATA - NOT PHYSICAL RFID MEASUREMENTS,20260924,small_key_fob,copper_mesh,12.0,1,3,0.999494,True
SIMULATED DATA - NOT PHYSICAL RFID MEASUREMENTS,20260924,small_key_fob,copper_mesh,12.0,1,4,0.999494,True
SIMULATED DATA - NOT PHYSICAL RFID MEASUREMENTS,20260924,small_key_fob,copper_mesh,12.0,1,5,0.999494,True
SIMULATED DATA - NOT PHYSICAL RFID MEASUREMENTS,20260924,small_key_fob,copper_mesh,12.0,1,6,0.999494,True
SIMULATED DATA - NOT PHYSICAL RFID MEASUREMENTS,20260924,small_key_fob,copper_mesh,12.0,1,7,0.999494,True
SIMULATED DATA - NOT PHYSICAL RFID MEASUREMENTS,20260924,small_key_fob,copper_mesh,12.0,1,8,0.999494,True
SIMULATED DATA - NOT PHYSICAL RFID MEASUREMENTS,20260924,small_key_fob,copper_mesh,12.0,1,9,0.999494,True
SIMULATED DATA - NOT PHYSICAL RFID MEASUREMENTS,20260924,small_key_fob,copper_mesh,12.0,1,10,0.999494,True
SIMULATED DATA - NOT PHYSICAL RFID MEASUREMENTS,20260924,small_key_fob,copper_mesh,12.0,2,1,0.983162,True
SIMULATED DATA - NOT PHYSICAL RFID MEASUREMENTS,20260924,small_key_fob,copper_mesh,12.0,2,2,0.983162,True
SIMULATED DATA - NOT PHYSICAL RFID MEASUREMENTS,20260924,small_key_fob,copper_mesh,12.0,2,3,0.983162,True
SIMULATED DATA - NOT PHYSICAL RFID MEASUREMENTS,20260924,small_key_fob,copper_mesh,12.0,2,4,0.983162,True
SIMULATED DATA - NOT PHYSICAL RFID MEASUREMENTS,20260924,small_key_fob,copper_mesh,12.0,2,5,0.983162,True
SIMULATED DATA - NOT PHYSICAL RFID MEASUREMENTS,20260924,small_key_fob,copper_mesh,12.0,2,6,0.983162,True
SIMULATED DATA - NOT PHYSICAL RFID MEASUREMENTS,20260924,small_key_fob,copper_mesh,12.0,2,7,0.983162,True
SIMULATED DATA - NOT PHYSICAL RFID MEASUREMENTS,20260924,small_key_fob,copper_mesh,12.0,2,8,0.983162,True
SIMULATED DATA - NOT PHYSICAL RFID MEASUREMENTS,20260924,small_key_fob,copper_mesh,12.0,2,9,0.983162,True
SIMULATED DATA - NOT PHYSICAL RFID MEASUREMENTS,20260924,small_key_fob,copper_mesh,12.0,2,10,0.983162,True
SIMULATED DATA - NOT PHYSICAL RFID MEASUREMENTS,20260924,small_key_fob,copper_mesh,12.0,3,1,0.633011,False
SIMULATED DATA - NOT PHYSICAL RFID MEASUREMENTS,20260924,small_key_fob,copper_mesh,12.0,3,2,0.633011,True
SIMULATED DATA - NOT PHYSICAL RFID MEASUREMENTS,20260924,small_key_fob,copper_mesh,12.0,3,3,0.633011,True
SIMULATED DATA - NOT PHYSICAL RFID MEASUREMENTS,20260924,small_key_fob,copper_mesh,12.0,3,4,0.633011,False
SIMULATED DATA - NOT PHYSICAL RFID MEASUREMENTS,20260924,small_key_fob,copper_mesh,12.0,3,5,0.633011,False
SIMULATED DATA - NOT PHYSICAL RFID MEASUREMENTS,20260924,small_key_fob,copper_mesh,12.0,3,6,0.633011,True
SIMULATED DATA - NOT PHYSICAL RFID MEASUREMENTS,20260924,small_key_fob,copper_mesh,12.0,3,7,0.633011,True
SIMULATED DATA - NOT PHYSICAL RFID MEASUREMENTS,20260924,small_key_fob,copper_mesh,12.0,3,8,0.633011,False
SIMULATED DATA - NOT PHYSICAL RFID MEASUREMENTS,20260924,small_key_fob,copper_mesh,12.0,3,9,0.633011,False
SIMULATED DATA - NOT PHYSICAL RFID MEASUREMENTS,20260924,small_key_fob,copper_mesh,12.0,3,10,0.633011,True
SIMULATED DATA - NOT PHYSICAL RFID MEASUREMENTS,20260924,small_key_fob,copper_mesh,12.0,4,1,0.048484,False
SIMULATED DATA - NOT PHYSICAL RFID MEASUREMENTS,20260924,small_key_fob,copper_mesh,12.0,4,2,0.048484,False
SIMULATED DATA - NOT PHYSICAL RFID MEASUREMENTS,20260924,small_key_fob,copper_mesh,12.0,4,3,0.048484,False
SIMULATED DATA - NOT PHYSICAL RFID MEASUREMENTS,20260924,small_key_fob,copper_mesh,12.0,4,4,0.048484,False
SIMULATED DATA - NOT PHYSICAL RFID MEASUREMENTS,20260924,small_key_fob,copper_mesh,12.0,4,5,0.048484,False
SIMULATED DATA - NOT PHYSICAL RFID MEASUREMENTS,20260924,small_key_fob,copper_mesh,12.0,4,6,0.048484,False
SIMULATED DATA - NOT PHYSICAL RFID MEASUREMENTS,20260924,small_key_fob,copper_mesh,12.0,4,7,0.048484,False
SIMULATED DATA - NOT PHYSICAL RFID MEASUREMENTS,20260924,small_key_fob,copper_mesh,12.0,4,8,0.048484,False
SIMULATED DATA - NOT PHYSICAL RFID MEASUREMENTS,20260924,small_key_fob,copper_mesh,12.0,4,9,0.048484,False
SIMULATED DATA - NOT PHYSICAL RFID MEASUREMENTS,20260924,small_key_fob,copper_mesh,12.0,4,10,0.048484,False
SIMULATED DATA - NOT PHYSICAL RFID MEASUREMENTS,20260924,small_key_fob,copper_mesh,12.0,5,1,0.001503,False
SIMULATED DATA - NOT PHYSICAL RFID MEASUREMENTS,20260924,small_key_fob,copper_mesh,12.0,5,2,0.001503,False
SIMULATED DATA - NOT PHYSICAL RFID MEASUREMENTS,20260924,small_key_fob,copper_mesh,12.0,5,3,0.001503,False
SIMULATED DATA - NOT PHYSICAL RFID MEASUREMENTS,20260924,small_key_fob,copper_mesh,12.0,5,4,0.001503,False
SIMULATED DATA - NOT PHYSICAL RFID MEASUREMENTS,20260924,small_key_fob,copper_mesh,12.0,5,5,0.001503,False
SIMULATED DATA - NOT PHYSICAL RFID MEASUREMENTS,20260924,small_key_fob,copper_mesh,12.0,5,6,0.001503,False
SIMULATED DATA - NOT PHYSICAL RFID MEASUREMENTS,20260924,small_key_fob,copper_mesh,12.0,5,7,0.001503,False
SIMULATED DATA - NOT PHYSICAL RFID MEASUREMENTS,20260924,small_key_fob,copper_mesh,12.0,5,8,0.001503,False
SIMULATED DATA - NOT PHYSICAL RFID MEASUREMENTS,20260924,small_key_fob,copper_mesh,12.0,5,9,0.001503,False
SIMULATED DATA - NOT PHYSICAL RFID MEASUREMENTS,20260924,small_key_fob,copper_mesh,12.0,5,10,0.001503,False
SIMULATED DATA - NOT PHYSICAL RFID MEASUREMENTS,20260924,small_key_fob,copper_mesh,12.0,6,1,4.4e-05,False
SIMULATED DATA - NOT PHYSICAL RFID MEASUREMENTS,20260924,small_key_fob,copper_mesh,12.0,6,2,4.4e-05,False
SIMULATED DATA - NOT PHYSICAL RFID MEASUREMENTS,20260924,small_key_fob,copper_mesh,12.0,6,3,4.4e-05,False
SIMULATED DATA - NOT PHYSICAL RFID MEASUREMENTS,20260924,small_key_fob,copper_mesh,12.0,6,4,4.4e-05,False
SIMULATED DATA - NOT PHYSICAL RFID MEASUREMENTS,20260924,small_key_fob,copper_mesh,12.0,6,5,4.4e-05,False
SIMULATED DATA - NOT PHYSICAL RFID MEASUREMENTS,20260924,small_key_fob,copper_mesh,12.0,6,6,4.4e-05,False
SIMULATED DATA - NOT PHYSICAL RFID MEASUREMENTS,20260924,small_key_fob,copper_mesh,12.0,6,7,4.4e-05,False
SIMULATED DATA - NOT PHYSICAL RFID MEASUREMENTS,20260924,small_key_fob,copper_mesh,12.0,6,8,4.4e-05,False
SIMULATED DATA - NOT PHYSICAL RFID MEASUREMENTS,20260924,small_key_fob,copper_mesh,12.0,6,9,4.4e-05,False
SIMULATED DATA - NOT PHYSICAL RFID MEASUREMENTS,20260924,small_key_fob,copper_mesh,12.0,6,10,4.4e-05,False
SIMULATED DATA - NOT PHYSICAL RFID MEASUREMENTS,20260924,small_key_fob,copper_mesh,12.0,7,1,1e-06,False
SIMULATED DATA - NOT PHYSICAL RFID MEASUREMENTS,20260924,small_key_fob,copper_mesh,12.0,7,2,1e-06,False
SIMULATED DATA - NOT PHYSICAL RFID MEASUREMENTS,20260924,small_key_fob,copper_mesh,12.0,7,3,1e-06,False
SIMULATED DATA - NOT PHYSICAL RFID MEASUREMENTS,20260924,small_key_fob,copper_mesh,12.0,7,4,1e-06,False
SIMULATED DATA - NOT PHYSICAL RFID MEASUREMENTS,20260924,small_key_fob,copper_mesh,12.0,7,5,1e-06,False
SIMULATED DATA - NOT PHYSICAL RFID MEASUREMENTS,20260924,small_key_fob,copper_mesh,12.0,7,6,1e-06,False
SIMULATED DATA - NOT PHYSICAL RFID MEASUREMENTS,20260924,small_key_fob,copper_mesh,12.0,7,7,1e-06,False
SIMULATED DATA - NOT PHYSICAL RFID MEASUREMENTS,20260924,small_key_fob,copper_mesh,12.0,7,8,1e-06,False
SIMULATED DATA - NOT PHYSICAL RFID MEASUREMENTS,20260924,small_key_fob,copper_mesh,12.0,7,9,1e-06,False
SIMULATED DATA - NOT PHYSICAL RFID MEASUREMENTS,20260924,small_key_fob,copper_mesh,12.0,7,10,1e-06,False
SIMULATED DATA - NOT PHYSICAL RFID MEASUREMENTS,20260924,small_key_fob,copper_mesh,12.0,8,1,0.0,False
SIMULATED DATA - NOT PHYSICAL RFID MEASUREMENTS,20260924,small_key_fob,copper_mesh,12.0,8,2,0.0,False
SIMULATED DATA - NOT PHYSICAL RFID MEASUREMENTS,20260924,small_key_fob,copper_mesh,12.0,8,3,0.0,False
SIMULATED DATA - NOT PHYSICAL RFID MEASUREMENTS,20260924,small_key_fob,copper_mesh,12.0,8,4,0.0,False
SIMULATED DATA - NOT PHYSICAL RFID MEASUREMENTS,20260924,small_key_fob,copper_mesh,12.0,8,5,0.0,False
SIMULATED DATA - NOT PHYSICAL RFID MEASUREMENTS,20260924,small_key_fob,copper_mesh,12.0,8,6,0.0,False
SIMULATED DATA - NOT PHYSICAL RFID MEASUREMENTS,20260924,small_key_fob,copper_mesh,12.0,8,7,0.0,False
SIMULATED DATA - NOT PHYSICAL RFID MEASUREMENTS,20260924,small_key_fob,copper_mesh,12.0,8,8,0.0,False
SIMULATED DATA - NOT PHYSICAL RFID MEASUREMENTS,20260924,small_key_fob,copper_mesh,12.0,8,9,0.0,False
SIMULATED DATA - NOT PHYSICAL RFID MEASUREMENTS,20260924,small_key_fob,copper_mesh,12.0,8,10,0.0,False
SIMULATED DATA - NOT PHYSICAL RFID MEASUREMENTS,20260924,small_key_fob,copper_mesh,12.0,9,1,0.0,False
SIMULATED DATA - NOT PHYSICAL RFID MEASUREMENTS,20260924,small_key_fob,copper_mesh,12.0,9,2,0.0,False
SIMULATED DATA - NOT PHYSICAL RFID MEASUREMENTS,20260924,small_key_fob,copper_mesh,12.0,9,3,0.0,False
SIMULATED DATA - NOT PHYSICAL RFID MEASUREMENTS,20260924,small_key_fob,copper_mesh,12.0,9,4,0.0,False
SIMULATED DATA - NOT PHYSICAL RFID MEASUREMENTS,20260924,small_key_fob,copper_mesh,12.0,9,5,0.0,False
SIMULATED DATA - NOT PHYSICAL RFID MEASUREMENTS,20260924,small_key_fob,copper_mesh,12.0,9,6,0.0,False
SIMULATED DATA - NOT PHYSICAL RFID MEASUREMENTS,20260924,small_key_fob,copper_mesh,12.0,9,7,0.0,False
SIMULATED DATA - NOT PHYSICAL RFID MEASUREMENTS,20260924,small_key_fob,copper_mesh,12.0,9,8,0.0,False
SIMULATED DATA - NOT PHYSICAL RFID MEASUREMENTS,20260924,small_key_fob,copper_mesh,12.0,9,9,0.0,False
SIMULATED DATA - NOT PHYSICAL RFID MEASUREMENTS,20260924,small_key_fob,copper_mesh,12.0,9,10,0.0,False
SIMULATED DATA - NOT PHYSICAL RFID MEASUREMENTS,20260924,small_key_fob,copper_mesh,12.0,10,1,0.0,False
SIMULATED DATA - NOT PHYSICAL RFID MEASUREMENTS,20260924,small_key_fob,copper_mesh,12.0,10,2,0.0,False
SIMULATED DATA - NOT PHYSICAL RFID MEASUREMENTS,20260924,small_key_fob,copper_mesh,12.0,10,3,0.0,False
SIMULATED DATA - NOT PHYSICAL RFID MEASUREMENTS,20260924,small_key_fob,copper_mesh,12.0,10,4,0.0,False
SIMULATED DATA - NOT PHYSICAL RFID MEASUREMENTS,20260924,small_key_fob,copper_mesh,12.0,10,5,0.0,False
SIMULATED DATA - NOT PHYSICAL RFID MEASUREMENTS,20260924,small_key_fob,copper_mesh,12.0,10,6,0.0,False
SIMULATED DATA - NOT PHYSICAL RFID MEASUREMENTS,20260924,small_key_fob,copper_mesh,12.0,10,7,0.0,False
SIMULATED DATA - NOT PHYSICAL RFID MEASUREMENTS,20260924,small_key_fob,copper_mesh,12.0,10,8,0.0,False
SIMULATED DATA - NOT PHYSICAL RFID MEASUREMENTS,20260924,small_key_fob,copper_mesh,12.0,10,9,0.0,False
SIMULATED DATA - NOT PHYSICAL RFID MEASUREMENTS,20260924,small_key_fob,copper_mesh,12.0,10,10,0.0,False
SIMULATED DATA - NOT PHYSICAL RFID MEASUREMENTS,20260924,small_key_fob,copper_mesh,12.0,11,1,0.0,False
SIMULATED DATA - NOT PHYSICAL RFID MEASUREMENTS,20260924,small_key_fob,copper_mesh,12.0,11,2,0.0,False
SIMULATED DATA - NOT PHYSICAL RFID MEASUREMENTS,20260924,small_key_fob,copper_mesh,12.0,11,3,0.0,False
SIMULATED DATA - NOT PHYSICAL RFID MEASUREMENTS,20260924,small_key_fob,copper_mesh,12.0,11,4,0.0,False
SIMULATED DATA - NOT PHYSICAL RFID MEASUREMENTS,20260924,small_key_fob,copper_mesh,12.0,11,5,0.0,False
SIMULATED DATA - NOT PHYSICAL RFID MEASUREMENTS,20260924,small_key_fob,copper_mesh,12.0,11,6,0.0,False
SIMULATED DATA - NOT PHYSICAL RFID MEASUREMENTS,20260924,small_key_fob,copper_mesh,12.0,11,7,0.0,False
SIMULATED DATA - NOT PHYSICAL RFID MEASUREMENTS,20260924,small_key_fob,copper_mesh,12.0,11,8,0.0,False
SIMULATED DATA - NOT PHYSICAL RFID MEASUREMENTS,20260924,small_key_fob,copper_mesh,12.0,11,9,0.0,False
SIMULATED DATA - NOT PHYSICAL RFID MEASUREMENTS,20260924,small_key_fob,copper_mesh,12.0,11,10,0.0,False
SIMULATED DATA - NOT PHYSICAL RFID MEASUREMENTS,20260924,small_key_fob,copper_mesh,12.0,12,1,0.0,False
SIMULATED DATA - NOT PHYSICAL RFID MEASUREMENTS,20260924,small_key_fob,copper_mesh,12.0,12,2,0.0,False
SIMULATED DATA - NOT PHYSICAL RFID MEASUREMENTS,20260924,small_key_fob,copper_mesh,12.0,12,3,0.0,False
SIMULATED DATA - NOT PHYSICAL RFID MEASUREMENTS,20260924,small_key_fob,copper_mesh,12.0,12,4,0.0,False
SIMULATED DATA - NOT PHYSICAL RFID MEASUREMENTS,20260924,small_key_fob,copper_mesh,12.0,12,5,0.0,False
SIMULATED DATA - NOT PHYSICAL RFID MEASUREMENTS,20260924,small_key_fob,copper_mesh,12.0,12,6,0.0,False
SIMULATED DATA - NOT PHYSICAL RFID MEASUREMENTS,20260924,small_key_fob,copper_mesh,12.0,12,7,0.0,False
SIMULATED DATA - NOT PHYSICAL RFID MEASUREMENTS,20260924,small_key_fob,copper_mesh,12.0,12,8,0.0,False
SIMULATED DATA - NOT PHYSICAL RFID MEASUREMENTS,20260924,small_key_fob,copper_mesh,12.0,12,9,0.0,False
SIMULATED DATA - NOT PHYSICAL RFID MEASUREMENTS,20260924,small_key_fob,copper_mesh,12.0,12,10,0.0,False
SIMULATED DATA - NOT PHYSICAL RFID MEASUREMENTS,20260924,small_key_fob,copper_mesh,12.0,13,1,0.0,False
SIMULATED DATA - NOT PHYSICAL RFID MEASUREMENTS,20260924,small_key_fob,copper_mesh,12.0,13,2,0.0,False
SIMULATED DATA - NOT PHYSICAL RFID MEASUREMENTS,20260924,small_key_fob,copper_mesh,12.0,13,3,0.0,False
SIMULATED DATA - NOT PHYSICAL RFID MEASUREMENTS,20260924,small_key_fob,copper_mesh,12.0,13,4,0.0,False
SIMULATED DATA - NOT PHYSICAL RFID MEASUREMENTS,20260924,small_key_fob,copper_mesh,12.0,13,5,0.0,False
SIMULATED DATA - NOT PHYSICAL RFID MEASUREMENTS,20260924,small_key_fob,copper_mesh,12.0,13,6,0.0,False
SIMULATED DATA - NOT PHYSICAL RFID MEASUREMENTS,20260924,small_key_fob,copper_mesh,12.0,13,7,0.0,False
SIMULATED DATA - NOT PHYSICAL RFID MEASUREMENTS,20260924,small_key_fob,copper_mesh,12.0,13,8,0.0,False
SIMULATED DATA - NOT PHYSICAL RFID MEASUREMENTS,20260924,small_key_fob,copper_mesh,12.0,13,9,0.0,False
SIMULATED DATA - NOT PHYSICAL RFID MEASUREMENTS,20260924,small_key_fob,copper_mesh,12.0,13,10,0.0,False
SIMULATED DATA - NOT PHYSICAL RFID MEASUREMENTS,20260924,small_key_fob,copper_mesh,12.0,14,1,0.0,False
SIMULATED DATA - NOT PHYSICAL RFID MEASUREMENTS,20260924,small_key_fob,copper_mesh,12.0,14,2,0.0,False
SIMULATED DATA - NOT PHYSICAL RFID MEASUREMENTS,20260924,small_key_fob,copper_mesh,12.0,14,3,0.0,False
SIMULATED DATA - NOT PHYSICAL RFID MEASUREMENTS,20260924,small_key_fob,copper_mesh,12.0,14,4,0.0,False
SIMULATED DATA - NOT PHYSICAL RFID MEASUREMENTS,20260924,small_key_fob,copper_mesh,12.0,14,5,0.0,False
SIMULATED DATA - NOT PHYSICAL RFID MEASUREMENTS,20260924,small_key_fob,copper_mesh,12.0,14,6,0.0,False
SIMULATED DATA - NOT PHYSICAL RFID MEASUREMENTS,20260924,small_key_fob,copper_mesh,12.0,14,7,0.0,False
SIMULATED DATA - NOT PHYSICAL RFID MEASUREMENTS,20260924,small_key_fob,copper_mesh,12.0,14,8,0.0,False
SIMULATED DATA - NOT PHYSICAL RFID MEASUREMENTS,20260924,small_key_fob,copper_mesh,12.0,14,9,0.0,False
SIMULATED DATA - NOT PHYSICAL RFID MEASUREMENTS,20260924,small_key_fob,copper_mesh,12.0,14,10,0.0,False
SIMULATED DATA - NOT PHYSICAL RFID MEASUREMENTS,20260924,small_key_fob,copper_mesh,12.0,15,1,0.0,False
SIMULATED DATA - NOT PHYSICAL RFID MEASUREMENTS,20260924,small_key_fob,copper_mesh,12.0,15,2,0.0,False
SIMULATED DATA - NOT PHYSICAL RFID MEASUREMENTS,20260924,small_key_fob,copper_mesh,12.0,15,3,0.0,False
SIMULATED DATA - NOT PHYSICAL RFID MEASUREMENTS,20260924,small_key_fob,copper_mesh,12.0,15,4,0.0,False
SIMULATED DATA - NOT PHYSICAL RFID MEASUREMENTS,20260924,small_key_fob,copper_mesh,12.0,15,5,0.0,False
SIMULATED DATA - NOT PHYSICAL RFID MEASUREMENTS,20260924,small_key_fob,copper_mesh,12.0,15,6,0.0,False
SIMULATED DATA - NOT PHYSICAL RFID MEASUREMENTS,20260924,small_key_fob,copper_mesh,12.0,15,7,0.0,False
SIMULATED DATA - NOT PHYSICAL RFID MEASUREMENTS,20260924,small_key_fob,copper_mesh,12.0,15,8,0.0,False
SIMULATED DATA - NOT PHYSICAL RFID MEASUREMENTS,20260924,small_key_fob,copper_mesh,12.0,15,9,0.0,False
SIMULATED DATA - NOT PHYSICAL RFID MEASUREMENTS,20260924,small_key_fob,copper_mesh,12.0,15,10,0.0,False
SIMULATED DATA - NOT PHYSICAL RFID MEASUREMENTS,20260924,small_key_fob,steel_sheet,18.0,1,1,0.995406,True
SIMULATED DATA - NOT PHYSICAL RFID MEASUREMENTS,20260924,small_key_fob,steel_sheet,18.0,1,2,0.995406,True
SIMULATED DATA - NOT PHYSICAL RFID MEASUREMENTS,20260924,small_key_fob,steel_sheet,18.0,1,3,0.995406,True
SIMULATED DATA - NOT PHYSICAL RFID MEASUREMENTS,20260924,small_key_fob,steel_sheet,18.0,1,4,0.995406,True
SIMULATED DATA - NOT PHYSICAL RFID MEASUREMENTS,20260924,small_key_fob,steel_sheet,18.0,1,5,0.995406,True
SIMULATED DATA - NOT PHYSICAL RFID MEASUREMENTS,20260924,small_key_fob,steel_sheet,18.0,1,6,0.995406,True
SIMULATED DATA - NOT PHYSICAL RFID MEASUREMENTS,20260924,small_key_fob,steel_sheet,18.0,1,7,0.995406,True
SIMULATED DATA - NOT PHYSICAL RFID MEASUREMENTS,20260924,small_key_fob,steel_sheet,18.0,1,8,0.995406,True
SIMULATED DATA - NOT PHYSICAL RFID MEASUREMENTS,20260924,small_key_fob,steel_sheet,18.0,1,9,0.995406,True
SIMULATED DATA - NOT PHYSICAL RFID MEASUREMENTS,20260924,small_key_fob,steel_sheet,18.0,1,10,0.995406,True
SIMULATED DATA - NOT PHYSICAL RFID MEASUREMENTS,20260924,small_key_fob,steel_sheet,18.0,2,1,0.858989,True
SIMULATED DATA - NOT PHYSICAL RFID MEASUREMENTS,20260924,small_key_fob,steel_sheet,18.0,2,2,0.858989,True
SIMULATED DATA - NOT PHYSICAL RFID MEASUREMENTS,20260924,small_key_fob,steel_sheet,18.0,2,3,0.858989,True
SIMULATED DATA - NOT PHYSICAL RFID MEASUREMENTS,20260924,small_key_fob,steel_sheet,18.0,2,4,0.858989,True
SIMULATED DATA - NOT PHYSICAL RFID MEASUREMENTS,20260924,small_key_fob,steel_sheet,18.0,2,5,0.858989,True
SIMULATED DATA - NOT PHYSICAL RFID MEASUREMENTS,20260924,small_key_fob,steel_sheet,18.0,2,6,0.858989,True
SIMULATED DATA - NOT PHYSICAL RFID MEASUREMENTS,20260924,small_key_fob,steel_sheet,18.0,2,7,0.858989,True
SIMULATED DATA - NOT PHYSICAL RFID MEASUREMENTS,20260924,small_key_fob,steel_sheet,18.0,2,8,0.858989,True
SIMULATED DATA - NOT PHYSICAL RFID MEASUREMENTS,20260924,small_key_fob,steel_sheet,18.0,2,9,0.858989,False
SIMULATED DATA - NOT PHYSICAL RFID MEASUREMENTS,20260924,small_key_fob,steel_sheet,18.0,2,10,0.858989,True
SIMULATED DATA - NOT PHYSICAL RFID MEASUREMENTS,20260924,small_key_fob,steel_sheet,18.0,3,1,0.146226,False
SIMULATED DATA - NOT PHYSICAL RFID MEASUREMENTS,20260924,small_key_fob,steel_sheet,18.0,3,2,0.146226,False
SIMULATED DATA - NOT PHYSICAL RFID MEASUREMENTS,20260924,small_key_fob,steel_sheet,18.0,3,3,0.146226,False
SIMULATED DATA - NOT PHYSICAL RFID MEASUREMENTS,20260924,small_key_fob,steel_sheet,18.0,3,4,0.146226,False
SIMULATED DATA - NOT PHYSICAL RFID MEASUREMENTS,20260924,small_key_fob,steel_sheet,18.0,3,5,0.146226,False
SIMULATED DATA - NOT PHYSICAL RFID MEASUREMENTS,20260924,small_key_fob,steel_sheet,18.0,3,6,0.146226,False
SIMULATED DATA - NOT PHYSICAL RFID MEASUREMENTS,20260924,small_key_fob,steel_sheet,18.0,3,7,0.146226,True
SIMULATED DATA - NOT PHYSICAL RFID MEASUREMENTS,20260924,small_key_fob,steel_sheet,18.0,3,8,0.146226,False
SIMULATED DATA - NOT PHYSICAL RFID MEASUREMENTS,20260924,small_key_fob,steel_sheet,18.0,3,9,0.146226,False
SIMULATED DATA - NOT PHYSICAL RFID MEASUREMENTS,20260924,small_key_fob,steel_sheet,18.0,3,10,0.146226,False
SIMULATED DATA - NOT PHYSICAL RFID MEASUREMENTS,20260924,small_key_fob,steel_sheet,18.0,4,1,0.004792,False
SIMULATED DATA - NOT PHYSICAL RFID MEASUREMENTS,20260924,small_key_fob,steel_sheet,18.0,4,2,0.004792,False
SIMULATED DATA - NOT PHYSICAL RFID MEASUREMENTS,20260924,small_key_fob,steel_sheet,18.0,4,3,0.004792,False
SIMULATED DATA - NOT PHYSICAL RFID MEASUREMENTS,20260924,small_key_fob,steel_sheet,18.0,4,4,0.004792,False
SIMULATED DATA - NOT PHYSICAL RFID MEASUREMENTS,20260924,small_key_fob,steel_sheet,18.0,4,5,0.004792,False
SIMULATED DATA - NOT PHYSICAL RFID MEASUREMENTS,20260924,small_key_fob,steel_sheet,18.0,4,6,0.004792,False
SIMULATED DATA - NOT PHYSICAL RFID MEASUREMENTS,20260924,small_key_fob,steel_sheet,18.0,4,7,0.004792,False
SIMULATED DATA - NOT PHYSICAL RFID MEASUREMENTS,20260924,small_key_fob,steel_sheet,18.0,4,8,0.004792,False
SIMULATED DATA - NOT PHYSICAL RFID MEASUREMENTS,20260924,small_key_fob,steel_sheet,18.0,4,9,0.004792,False
SIMULATED DATA - NOT PHYSICAL RFID MEASUREMENTS,20260924,small_key_fob,steel_sheet,18.0,4,10,0.004792,False
SIMULATED DATA - NOT PHYSICAL RFID MEASUREMENTS,20260924,small_key_fob,steel_sheet,18.0,5,1,0.000135,False
SIMULATED DATA - NOT PHYSICAL RFID MEASUREMENTS,20260924,small_key_fob,steel_sheet,18.0,5,2,0.000135,False
SIMULATED DATA - NOT PHYSICAL RFID MEASUREMENTS,20260924,small_key_fob,steel_sheet,18.0,5,3,0.000135,False
SIMULATED DATA - NOT PHYSICAL RFID MEASUREMENTS,20260924,small_key_fob,steel_sheet,18.0,5,4,0.000135,False
SIMULATED DATA - NOT PHYSICAL RFID MEASUREMENTS,20260924,small_key_fob,steel_sheet,18.0,5,5,0.000135,False
SIMULATED DATA - NOT PHYSICAL RFID MEASUREMENTS,20260924,small_key_fob,steel_sheet,18.0,5,6,0.000135,False
SIMULATED DATA - NOT PHYSICAL RFID MEASUREMENTS,20260924,small_key_fob,steel_sheet,18.0,5,7,0.000135,False
SIMULATED DATA - NOT PHYSICAL RFID MEASUREMENTS,20260924,small_key_fob,steel_sheet,18.0,5,8,0.000135,False
SIMULATED DATA - NOT PHYSICAL RFID MEASUREMENTS,20260924,small_key_fob,steel_sheet,18.0,5,9,0.000135,False
SIMULATED DATA - NOT PHYSICAL RFID MEASUREMENTS,20260924,small_key_fob,steel_sheet,18.0,5,10,0.000135,False
SIMULATED DATA - NOT PHYSICAL RFID MEASUREMENTS,20260924,small_key_fob,steel_sheet,18.0,6,1,4e-06,False
SIMULATED DATA - NOT PHYSICAL RFID MEASUREMENTS,20260924,small_key_fob,steel_sheet,18.0,6,2,4e-06,False
SIMULATED DATA - NOT PHYSICAL RFID MEASUREMENTS,20260924,small_key_fob,steel_sheet,18.0,6,3,4e-06,False
SIMULATED DATA - NOT PHYSICAL RFID MEASUREMENTS,20260924,small_key_fob,steel_sheet,18.0,6,4,4e-06,False
SIMULATED DATA - NOT PHYSICAL RFID MEASUREMENTS,20260924,small_key_fob,steel_sheet,18.0,6,5,4e-06,False
SIMULATED DATA - NOT PHYSICAL RFID MEASUREMENTS,20260924,small_key_fob,steel_sheet,18.0,6,6,4e-06,False
SIMULATED DATA - NOT PHYSICAL RFID MEASUREMENTS,20260924,small_key_fob,steel_sheet,18.0,6,7,4e-06,False
SIMULATED DATA - NOT PHYSICAL RFID MEASUREMENTS,20260924,small_key_fob,steel_sheet,18.0,6,8,4e-06,False
SIMULATED DATA - NOT PHYSICAL RFID MEASUREMENTS,20260924,small_key_fob,steel_sheet,18.0,6,9,4e-06,False
SIMULATED DATA - NOT PHYSICAL RFID MEASUREMENTS,20260924,small_key_fob,steel_sheet,18.0,6,10,4e-06,False
SIMULATED DATA - NOT PHYSICAL RFID MEASUREMENTS,20260924,small_key_fob,steel_sheet,18.0,7,1,0.0,False
SIMULATED DATA - NOT PHYSICAL RFID MEASUREMENTS,20260924,small_key_fob,steel_sheet,18.0,7,2,0.0,False
SIMULATED DATA - NOT PHYSICAL RFID MEASUREMENTS,20260924,small_key_fob,steel_sheet,18.0,7,3,0.0,False
SIMULATED DATA - NOT PHYSICAL RFID MEASUREMENTS,20260924,small_key_fob,steel_sheet,18.0,7,4,0.0,False
SIMULATED DATA - NOT PHYSICAL RFID MEASUREMENTS,20260924,small_key_fob,steel_sheet,18.0,7,5,0.0,False
SIMULATED DATA - NOT PHYSICAL RFID MEASUREMENTS,20260924,small_key_fob,steel_sheet,18.0,7,6,0.0,False
SIMULATED DATA - NOT PHYSICAL RFID MEASUREMENTS,20260924,small_key_fob,steel_sheet,18.0,7,7,0.0,False
SIMULATED DATA - NOT PHYSICAL RFID MEASUREMENTS,20260924,small_key_fob,steel_sheet,18.0,7,8,0.0,False
SIMULATED DATA - NOT PHYSICAL RFID MEASUREMENTS,20260924,small_key_fob,steel_sheet,18.0,7,9,0.0,False
SIMULATED DATA - NOT PHYSICAL RFID MEASUREMENTS,20260924,small_key_fob,steel_sheet,18.0,7,10,0.0,False
SIMULATED DATA - NOT PHYSICAL RFID MEASUREMENTS,20260924,small_key_fob,steel_sheet,18.0,8,1,0.0,False
SIMULATED DATA - NOT PHYSICAL RFID MEASUREMENTS,20260924,small_key_fob,steel_sheet,18.0,8,2,0.0,False
SIMULATED DATA - NOT PHYSICAL RFID MEASUREMENTS,20260924,small_key_fob,steel_sheet,18.0,8,3,0.0,False
SIMULATED DATA - NOT PHYSICAL RFID MEASUREMENTS,20260924,small_key_fob,steel_sheet,18.0,8,4,0.0,False
SIMULATED DATA - NOT PHYSICAL RFID MEASUREMENTS,20260924,small_key_fob,steel_sheet,18.0,8,5,0.0,False
SIMULATED DATA - NOT PHYSICAL RFID MEASUREMENTS,20260924,small_key_fob,steel_sheet,18.0,8,6,0.0,False
SIMULATED DATA - NOT PHYSICAL RFID MEASUREMENTS,20260924,small_key_fob,steel_sheet,18.0,8,7,0.0,False
SIMULATED DATA - NOT PHYSICAL RFID MEASUREMENTS,20260924,small_key_fob,steel_sheet,18.0,8,8,0.0,False
SIMULATED DATA - NOT PHYSICAL RFID MEASUREMENTS,20260924,small_key_fob,steel_sheet,18.0,8,9,0.0,False
SIMULATED DATA - NOT PHYSICAL RFID MEASUREMENTS,20260924,small_key_fob,steel_sheet,18.0,8,10,0.0,False
SIMULATED DATA - NOT PHYSICAL RFID MEASUREMENTS,20260924,small_key_fob,steel_sheet,18.0,9,1,0.0,False
SIMULATED DATA - NOT PHYSICAL RFID MEASUREMENTS,20260924,small_key_fob,steel_sheet,18.0,9,2,0.0,False
SIMULATED DATA - NOT PHYSICAL RFID MEASUREMENTS,20260924,small_key_fob,steel_sheet,18.0,9,3,0.0,False
SIMULATED DATA - NOT PHYSICAL RFID MEASUREMENTS,20260924,small_key_fob,steel_sheet,18.0,9,4,0.0,False
SIMULATED DATA - NOT PHYSICAL RFID MEASUREMENTS,20260924,small_key_fob,steel_sheet,18.0,9,5,0.0,False
SIMULATED DATA - NOT PHYSICAL RFID MEASUREMENTS,20260924,small_key_fob,steel_sheet,18.0,9,6,0.0,False
SIMULATED DATA - NOT PHYSICAL RFID MEASUREMENTS,20260924,small_key_fob,steel_sheet,18.0,9,7,0.0,False
SIMULATED DATA - NOT PHYSICAL RFID MEASUREMENTS,20260924,small_key_fob,steel_sheet,18.0,9,8,0.0,False
SIMULATED DATA - NOT PHYSICAL RFID MEASUREMENTS,20260924,small_key_fob,steel_sheet,18.0,9,9,0.0,False
SIMULATED DATA - NOT PHYSICAL RFID MEASUREMENTS,20260924,small_key_fob,steel_sheet,18.0,9,10,0.0,False
SIMULATED DATA - NOT PHYSICAL RFID MEASUREMENTS,20260924,small_key_fob,steel_sheet,18.0,10,1,0.0,False
SIMULATED DATA - NOT PHYSICAL RFID MEASUREMENTS,20260924,small_key_fob,steel_sheet,18.0,10,2,0.0,False
SIMULATED DATA - NOT PHYSICAL RFID MEASUREMENTS,20260924,small_key_fob,steel_sheet,18.0,10,3,0.0,False
SIMULATED DATA - NOT PHYSICAL RFID MEASUREMENTS,20260924,small_key_fob,steel_sheet,18.0,10,4,0.0,False
SIMULATED DATA - NOT PHYSICAL RFID MEASUREMENTS,20260924,small_key_fob,steel_sheet,18.0,10,5,0.0,False
SIMULATED DATA - NOT PHYSICAL RFID MEASUREMENTS,20260924,small_key_fob,steel_sheet,18.0,10,6,0.0,False
SIMULATED DATA - NOT PHYSICAL RFID MEASUREMENTS,20260924,small_key_fob,steel_sheet,18.0,10,7,0.0,False
SIMULATED DATA - NOT PHYSICAL RFID MEASUREMENTS,20260924,small_key_fob,steel_sheet,18.0,10,8,0.0,False
SIMULATED DATA - NOT PHYSICAL RFID MEASUREMENTS,20260924,small_key_fob,steel_sheet,18.0,10,9,0.0,False
SIMULATED DATA - NOT PHYSICAL RFID MEASUREMENTS,20260924,small_key_fob,steel_sheet,18.0,10,10,0.0,False
SIMULATED DATA - NOT PHYSICAL RFID MEASUREMENTS,20260924,small_key_fob,steel_sheet,18.0,11,1,0.0,False
SIMULATED DATA - NOT PHYSICAL RFID MEASUREMENTS,20260924,small_key_fob,steel_sheet,18.0,11,2,0.0,False
SIMULATED DATA - NOT PHYSICAL RFID MEASUREMENTS,20260924,small_key_fob,steel_sheet,18.0,11,3,0.0,False
SIMULATED DATA - NOT PHYSICAL RFID MEASUREMENTS,20260924,small_key_fob,steel_sheet,18.0,11,4,0.0,False
SIMULATED DATA - NOT PHYSICAL RFID MEASUREMENTS,20260924,small_key_fob,steel_sheet,18.0,11,5,0.0,False
SIMULATED DATA - NOT PHYSICAL RFID MEASUREMENTS,20260924,small_key_fob,steel_sheet,18.0,11,6,0.0,False
SIMULATED DATA - NOT PHYSICAL RFID MEASUREMENTS,20260924,small_key_fob,steel_sheet,18.0,11,7,0.0,False
SIMULATED DATA - NOT PHYSICAL RFID MEASUREMENTS,20260924,small_key_fob,steel_sheet,18.0,11,8,0.0,False
SIMULATED DATA - NOT PHYSICAL RFID MEASUREMENTS,20260924,small_key_fob,steel_sheet,18.0,11,9,0.0,False
SIMULATED DATA - NOT PHYSICAL RFID MEASUREMENTS,20260924,small_key_fob,steel_sheet,18.0,11,10,0.0,False
SIMULATED DATA - NOT PHYSICAL RFID MEASUREMENTS,20260924,small_key_fob,steel_sheet,18.0,12,1,0.0,False
SIMULATED DATA - NOT PHYSICAL RFID MEASUREMENTS,20260924,small_key_fob,steel_sheet,18.0,12,2,0.0,False
SIMULATED DATA - NOT PHYSICAL RFID MEASUREMENTS,20260924,small_key_fob,steel_sheet,18.0,12,3,0.0,False
SIMULATED DATA - NOT PHYSICAL RFID MEASUREMENTS,20260924,small_key_fob,steel_sheet,18.0,12,4,0.0,False
SIMULATED DATA - NOT PHYSICAL RFID MEASUREMENTS,20260924,small_key_fob,steel_sheet,18.0,12,5,0.0,False
SIMULATED DATA - NOT PHYSICAL RFID MEASUREMENTS,20260924,small_key_fob,steel_sheet,18.0,12,6,0.0,False
SIMULATED DATA - NOT PHYSICAL RFID MEASUREMENTS,20260924,small_key_fob,steel_sheet,18.0,12,7,0.0,False
SIMULATED DATA - NOT PHYSICAL RFID MEASUREMENTS,20260924,small_key_fob,steel_sheet,18.0,12,8,0.0,False
SIMULATED DATA - NOT PHYSICAL RFID MEASUREMENTS,20260924,small_key_fob,steel_sheet,18.0,12,9,0.0,False
SIMULATED DATA - NOT PHYSICAL RFID MEASUREMENTS,20260924,small_key_fob,steel_sheet,18.0,12,10,0.0,False
SIMULATED DATA - NOT PHYSICAL RFID MEASUREMENTS,20260924,small_key_fob,steel_sheet,18.0,13,1,0.0,False
SIMULATED DATA - NOT PHYSICAL RFID MEASUREMENTS,20260924,small_key_fob,steel_sheet,18.0,13,2,0.0,False
SIMULATED DATA - NOT PHYSICAL RFID MEASUREMENTS,20260924,small_key_fob,steel_sheet,18.0,13,3,0.0,False
SIMULATED DATA - NOT PHYSICAL RFID MEASUREMENTS,20260924,small_key_fob,steel_sheet,18.0,13,4,0.0,False
SIMULATED DATA - NOT PHYSICAL RFID MEASUREMENTS,20260924,small_key_fob,steel_sheet,18.0,13,5,0.0,False
SIMULATED DATA - NOT PHYSICAL RFID MEASUREMENTS,20260924,small_key_fob,steel_sheet,18.0,13,6,0.0,False
SIMULATED DATA - NOT PHYSICAL RFID MEASUREMENTS,20260924,small_key_fob,steel_sheet,18.0,13,7,0.0,False
SIMULATED DATA - NOT PHYSICAL RFID MEASUREMENTS,20260924,small_key_fob,steel_sheet,18.0,13,8,0.0,False
SIMULATED DATA - NOT PHYSICAL RFID MEASUREMENTS,20260924,small_key_fob,steel_sheet,18.0,13,9,0.0,False
SIMULATED DATA - NOT PHYSICAL RFID MEASUREMENTS,20260924,small_key_fob,steel_sheet,18.0,13,10,0.0,False
SIMULATED DATA - NOT PHYSICAL RFID MEASUREMENTS,20260924,small_key_fob,steel_sheet,18.0,14,1,0.0,False
SIMULATED DATA - NOT PHYSICAL RFID MEASUREMENTS,20260924,small_key_fob,steel_sheet,18.0,14,2,0.0,False
SIMULATED DATA - NOT PHYSICAL RFID MEASUREMENTS,20260924,small_key_fob,steel_sheet,18.0,14,3,0.0,False
SIMULATED DATA - NOT PHYSICAL RFID MEASUREMENTS,20260924,small_key_fob,steel_sheet,18.0,14,4,0.0,False
SIMULATED DATA - NOT PHYSICAL RFID MEASUREMENTS,20260924,small_key_fob,steel_sheet,18.0,14,5,0.0,False
SIMULATED DATA - NOT PHYSICAL RFID MEASUREMENTS,20260924,small_key_fob,steel_sheet,18.0,14,6,0.0,False
SIMULATED DATA - NOT PHYSICAL RFID MEASUREMENTS,20260924,small_key_fob,steel_sheet,18.0,14,7,0.0,False
SIMULATED DATA - NOT PHYSICAL RFID MEASUREMENTS,20260924,small_key_fob,steel_sheet,18.0,14,8,0.0,False
SIMULATED DATA - NOT PHYSICAL RFID MEASUREMENTS,20260924,small_key_fob,steel_sheet,18.0,14,9,0.0,False
SIMULATED DATA - NOT PHYSICAL RFID MEASUREMENTS,20260924,small_key_fob,steel_sheet,18.0,14,10,0.0,False
SIMULATED DATA - NOT PHYSICAL RFID MEASUREMENTS,20260924,small_key_fob,steel_sheet,18.0,15,1,0.0,False
SIMULATED DATA - NOT PHYSICAL RFID MEASUREMENTS,20260924,small_key_fob,steel_sheet,18.0,15,2,0.0,False
SIMULATED DATA - NOT PHYSICAL RFID MEASUREMENTS,20260924,small_key_fob,steel_sheet,18.0,15,3,0.0,False
SIMULATED DATA - NOT PHYSICAL RFID MEASUREMENTS,20260924,small_key_fob,steel_sheet,18.0,15,4,0.0,False
SIMULATED DATA - NOT PHYSICAL RFID MEASUREMENTS,20260924,small_key_fob,steel_sheet,18.0,15,5,0.0,False
SIMULATED DATA - NOT PHYSICAL RFID MEASUREMENTS,20260924,small_key_fob,steel_sheet,18.0,15,6,0.0,False
SIMULATED DATA - NOT PHYSICAL RFID MEASUREMENTS,20260924,small_key_fob,steel_sheet,18.0,15,7,0.0,False
SIMULATED DATA - NOT PHYSICAL RFID MEASUREMENTS,20260924,small_key_fob,steel_sheet,18.0,15,8,0.0,False
SIMULATED DATA - NOT PHYSICAL RFID MEASUREMENTS,20260924,small_key_fob,steel_sheet,18.0,15,9,0.0,False
SIMULATED DATA - NOT PHYSICAL RFID MEASUREMENTS,20260924,small_key_fob,steel_sheet,18.0,15,10,0.0,False
SIMULATED DATA - NOT PHYSICAL RFID MEASUREMENTS,20260924,small_key_fob,aluminum_foil,24.0,1,1,0.97174,True
SIMULATED DATA - NOT PHYSICAL RFID MEASUREMENTS,20260924,small_key_fob,aluminum_foil,24.0,1,2,0.97174,True
SIMULATED DATA - NOT PHYSICAL RFID MEASUREMENTS,20260924,small_key_fob,aluminum_foil,24.0,1,3,0.97174,True
SIMULATED DATA - NOT PHYSICAL RFID MEASUREMENTS,20260924,small_key_fob,aluminum_foil,24.0,1,4,0.97174,True
SIMULATED DATA - NOT PHYSICAL RFID MEASUREMENTS,20260924,small_key_fob,aluminum_foil,24.0,1,5,0.97174,True
SIMULATED DATA - NOT PHYSICAL RFID MEASUREMENTS,20260924,small_key_fob,aluminum_foil,24.0,1,6,0.97174,True
SIMULATED DATA - NOT PHYSICAL RFID MEASUREMENTS,20260924,small_key_fob,aluminum_foil,24.0,1,7,0.97174,True
SIMULATED DATA - NOT PHYSICAL RFID MEASUREMENTS,20260924,small_key_fob,aluminum_foil,24.0,1,8,0.97174,True
SIMULATED DATA - NOT PHYSICAL RFID MEASUREMENTS,20260924,small_key_fob,aluminum_foil,24.0,1,9,0.97174,True
SIMULATED DATA - NOT PHYSICAL RFID MEASUREMENTS,20260924,small_key_fob,aluminum_foil,24.0,1,10,0.97174,True
SIMULATED DATA - NOT PHYSICAL RFID MEASUREMENTS,20260924,small_key_fob,aluminum_foil,24.0,2,1,0.491551,False
SIMULATED DATA - NOT PHYSICAL RFID MEASUREMENTS,20260924,small_key_fob,aluminum_foil,24.0,2,2,0.491551,False
SIMULATED DATA - NOT PHYSICAL RFID MEASUREMENTS,20260924,small_key_fob,aluminum_foil,24.0,2,3,0.491551,False
SIMULATED DATA - NOT PHYSICAL RFID MEASUREMENTS,20260924,small_key_fob,aluminum_foil,24.0,2,4,0.491551,False
SIMULATED DATA - NOT PHYSICAL RFID MEASUREMENTS,20260924,small_key_fob,aluminum_foil,24.0,2,5,0.491551,False
SIMULATED DATA - NOT PHYSICAL RFID MEASUREMENTS,20260924,small_key_fob,aluminum_foil,24.0,2,6,0.491551,True
SIMULATED DATA - NOT PHYSICAL RFID MEASUREMENTS,20260924,small_key_fob,aluminum_foil,24.0,2,7,0.491551,True
SIMULATED DATA - NOT PHYSICAL RFID MEASUREMENTS,20260924,small_key_fob,aluminum_foil,24.0,2,8,0.491551,False
SIMULATED DATA - NOT PHYSICAL RFID MEASUREMENTS,20260924,small_key_fob,aluminum_foil,24.0,2,9,0.491551,False
SIMULATED DATA - NOT PHYSICAL RFID MEASUREMENTS,20260924,small_key_fob,aluminum_foil,24.0,2,10,0.491551,True
SIMULATED DATA - NOT PHYSICAL RFID MEASUREMENTS,20260924,small_key_fob,aluminum_foil,24.0,3,1,0.026462,False
SIMULATED DATA - NOT PHYSICAL RFID MEASUREMENTS,20260924,small_key_fob,aluminum_foil,24.0,3,2,0.026462,False
SIMULATED DATA - NOT PHYSICAL RFID MEASUREMENTS,20260924,small_key_fob,aluminum_foil,24.0,3,3,0.026462,False
SIMULATED DATA - NOT PHYSICAL RFID MEASUREMENTS,20260924,small_key_fob,aluminum_foil,24.0,3,4,0.026462,False
SIMULATED DATA - NOT PHYSICAL RFID MEASUREMENTS,20260924,small_key_fob,aluminum_foil,24.0,3,5,0.026462,False
SIMULATED DATA - NOT PHYSICAL RFID MEASUREMENTS,20260924,small_key_fob,aluminum_foil,24.0,3,6,0.026462,False
SIMULATED DATA - NOT PHYSICAL RFID MEASUREMENTS,20260924,small_key_fob,aluminum_foil,24.0,3,7,0.026462,False
SIMULATED DATA - NOT PHYSICAL RFID MEASUREMENTS,20260924,small_key_fob,aluminum_foil,24.0,3,8,0.026462,False
SIMULATED DATA - NOT PHYSICAL RFID MEASUREMENTS,20260924,small_key_fob,aluminum_foil,24.0,3,9,0.026462,False
SIMULATED DATA - NOT PHYSICAL RFID MEASUREMENTS,20260924,small_key_fob,aluminum_foil,24.0,3,10,0.026462,False
SIMULATED DATA - NOT PHYSICAL RFID MEASUREMENTS,20260924,small_key_fob,aluminum_foil,24.0,4,1,0.000764,False
SIMULATED DATA - NOT PHYSICAL RFID MEASUREMENTS,20260924,small_key_fob,aluminum_foil,24.0,4,2,0.000764,False
SIMULATED DATA - NOT PHYSICAL RFID MEASUREMENTS,20260924,small_key_fob,aluminum_foil,24.0,4,3,0.000764,False
SIMULATED DATA - NOT PHYSICAL RFID MEASUREMENTS,20260924,small_key_fob,aluminum_foil,24.0,4,4,0.000764,False
SIMULATED DATA - NOT PHYSICAL RFID MEASUREMENTS,20260924,small_key_fob,aluminum_foil,24.0,4,5,0.000764,False
SIMULATED DATA - NOT PHYSICAL RFID MEASUREMENTS,20260924,small_key_fob,aluminum_foil,24.0,4,6,0.000764,False
SIMULATED DATA - NOT PHYSICAL RFID MEASUREMENTS,20260924,small_key_fob,aluminum_foil,24.0,4,7,0.000764,False
SIMULATED DATA - NOT PHYSICAL RFID MEASUREMENTS,20260924,small_key_fob,aluminum_foil,24.0,4,8,0.000764,False
SIMULATED DATA - NOT PHYSICAL RFID MEASUREMENTS,20260924,small_key_fob,aluminum_foil,24.0,4,9,0.000764,False
SIMULATED DATA - NOT PHYSICAL RFID MEASUREMENTS,20260924,small_key_fob,aluminum_foil,24.0,4,10,0.000764,False
SIMULATED DATA - NOT PHYSICAL RFID MEASUREMENTS,20260924,small_key_fob,aluminum_foil,24.0,5,1,2.1e-05,False
SIMULATED DATA - NOT PHYSICAL RFID MEASUREMENTS,20260924,small_key_fob,aluminum_foil,24.0,5,2,2.1e-05,False
SIMULATED DATA - NOT PHYSICAL RFID MEASUREMENTS,20260924,small_key_fob,aluminum_foil,24.0,5,3,2.1e-05,False
SIMULATED DATA - NOT PHYSICAL RFID MEASUREMENTS,20260924,small_key_fob,aluminum_foil,24.0,5,4,2.1e-05,False
SIMULATED DATA - NOT PHYSICAL RFID MEASUREMENTS,20260924,small_key_fob,aluminum_foil,24.0,5,5,2.1e-05,False
SIMULATED DATA - NOT PHYSICAL RFID MEASUREMENTS,20260924,small_key_fob,aluminum_foil,24.0,5,6,2.1e-05,False
SIMULATED DATA - NOT PHYSICAL RFID MEASUREMENTS,20260924,small_key_fob,aluminum_foil,24.0,5,7,2.1e-05,False
SIMULATED DATA - NOT PHYSICAL RFID MEASUREMENTS,20260924,small_key_fob,aluminum_foil,24.0,5,8,2.1e-05,False
SIMULATED DATA - NOT PHYSICAL RFID MEASUREMENTS,20260924,small_key_fob,aluminum_foil,24.0,5,9,2.1e-05,False
SIMULATED DATA - NOT PHYSICAL RFID MEASUREMENTS,20260924,small_key_fob,aluminum_foil,24.0,5,10,2.1e-05,False
SIMULATED DATA - NOT PHYSICAL RFID MEASUREMENTS,20260924,small_key_fob,aluminum_foil,24.0,6,1,1e-06,False
SIMULATED DATA - NOT PHYSICAL RFID MEASUREMENTS,20260924,small_key_fob,aluminum_foil,24.0,6,2,1e-06,False
SIMULATED DATA - NOT PHYSICAL RFID MEASUREMENTS,20260924,small_key_fob,aluminum_foil,24.0,6,3,1e-06,False
SIMULATED DATA - NOT PHYSICAL RFID MEASUREMENTS,20260924,small_key_fob,aluminum_foil,24.0,6,4,1e-06,False
SIMULATED DATA - NOT PHYSICAL RFID MEASUREMENTS,20260924,small_key_fob,aluminum_foil,24.0,6,5,1e-06,False
SIMULATED DATA - NOT PHYSICAL RFID MEASUREMENTS,20260924,small_key_fob,aluminum_foil,24.0,6,6,1e-06,False
SIMULATED DATA - NOT PHYSICAL RFID MEASUREMENTS,20260924,small_key_fob,aluminum_foil,24.0,6,7,1e-06,False
SIMULATED DATA - NOT PHYSICAL RFID MEASUREMENTS,20260924,small_key_fob,aluminum_foil,24.0,6,8,1e-06,False
SIMULATED DATA - NOT PHYSICAL RFID MEASUREMENTS,20260924,small_key_fob,aluminum_foil,24.0,6,9,1e-06,False
SIMULATED DATA - NOT PHYSICAL RFID MEASUREMENTS,20260924,small_key_fob,aluminum_foil,24.0,6,10,1e-06,False
SIMULATED DATA - NOT PHYSICAL RFID MEASUREMENTS,20260924,small_key_fob,aluminum_foil,24.0,7,1,0.0,False
SIMULATED DATA - NOT PHYSICAL RFID MEASUREMENTS,20260924,small_key_fob,aluminum_foil,24.0,7,2,0.0,False
SIMULATED DATA - NOT PHYSICAL RFID MEASUREMENTS,20260924,small_key_fob,aluminum_foil,24.0,7,3,0.0,False
SIMULATED DATA - NOT PHYSICAL RFID MEASUREMENTS,20260924,small_key_fob,aluminum_foil,24.0,7,4,0.0,False
SIMULATED DATA - NOT PHYSICAL RFID MEASUREMENTS,20260924,small_key_fob,aluminum_foil,24.0,7,5,0.0,False
SIMULATED DATA - NOT PHYSICAL RFID MEASUREMENTS,20260924,small_key_fob,aluminum_foil,24.0,7,6,0.0,False
SIMULATED DATA - NOT PHYSICAL RFID MEASUREMENTS,20260924,small_key_fob,aluminum_foil,24.0,7,7,0.0,False
SIMULATED DATA - NOT PHYSICAL RFID MEASUREMENTS,20260924,small_key_fob,aluminum_foil,24.0,7,8,0.0,False
SIMULATED DATA - NOT PHYSICAL RFID MEASUREMENTS,20260924,small_key_fob,aluminum_foil,24.0,7,9,0.0,False
SIMULATED DATA - NOT PHYSICAL RFID MEASUREMENTS,20260924,small_key_fob,aluminum_foil,24.0,7,10,0.0,False
SIMULATED DATA - NOT PHYSICAL RFID MEASUREMENTS,20260924,small_key_fob,aluminum_foil,24.0,8,1,0.0,False
SIMULATED DATA - NOT PHYSICAL RFID MEASUREMENTS,20260924,small_key_fob,aluminum_foil,24.0,8,2,0.0,False
SIMULATED DATA - NOT PHYSICAL RFID MEASUREMENTS,20260924,small_key_fob,aluminum_foil,24.0,8,3,0.0,False
SIMULATED DATA - NOT PHYSICAL RFID MEASUREMENTS,20260924,small_key_fob,aluminum_foil,24.0,8,4,0.0,False
SIMULATED DATA - NOT PHYSICAL RFID MEASUREMENTS,20260924,small_key_fob,aluminum_foil,24.0,8,5,0.0,False
SIMULATED DATA - NOT PHYSICAL RFID MEASUREMENTS,20260924,small_key_fob,aluminum_foil,24.0,8,6,0.0,False
SIMULATED DATA - NOT PHYSICAL RFID MEASUREMENTS,20260924,small_key_fob,aluminum_foil,24.0,8,7,0.0,False
SIMULATED DATA - NOT PHYSICAL RFID MEASUREMENTS,20260924,small_key_fob,aluminum_foil,24.0,8,8,0.0,False
SIMULATED DATA - NOT PHYSICAL RFID MEASUREMENTS,20260924,small_key_fob,aluminum_foil,24.0,8,9,0.0,False
SIMULATED DATA - NOT PHYSICAL RFID MEASUREMENTS,20260924,small_key_fob,aluminum_foil,24.0,8,10,0.0,False
SIMULATED DATA - NOT PHYSICAL RFID MEASUREMENTS,20260924,small_key_fob,aluminum_foil,24.0,9,1,0.0,False
SIMULATED DATA - NOT PHYSICAL RFID MEASUREMENTS,20260924,small_key_fob,aluminum_foil,24.0,9,2,0.0,False
SIMULATED DATA - NOT PHYSICAL RFID MEASUREMENTS,20260924,small_key_fob,aluminum_foil,24.0,9,3,0.0,False
SIMULATED DATA - NOT PHYSICAL RFID MEASUREMENTS,20260924,small_key_fob,aluminum_foil,24.0,9,4,0.0,False
SIMULATED DATA - NOT PHYSICAL RFID MEASUREMENTS,20260924,small_key_fob,aluminum_foil,24.0,9,5,0.0,False
SIMULATED DATA - NOT PHYSICAL RFID MEASUREMENTS,20260924,small_key_fob,aluminum_foil,24.0,9,6,0.0,False
SIMULATED DATA - NOT PHYSICAL RFID MEASUREMENTS,20260924,small_key_fob,aluminum_foil,24.0,9,7,0.0,False
SIMULATED DATA - NOT PHYSICAL RFID MEASUREMENTS,20260924,small_key_fob,aluminum_foil,24.0,9,8,0.0,False
SIMULATED DATA - NOT PHYSICAL RFID MEASUREMENTS,20260924,small_key_fob,aluminum_foil,24.0,9,9,0.0,False
SIMULATED DATA - NOT PHYSICAL RFID MEASUREMENTS,20260924,small_key_fob,aluminum_foil,24.0,9,10,0.0,False
SIMULATED DATA - NOT PHYSICAL RFID MEASUREMENTS,20260924,small_key_fob,aluminum_foil,24.0,10,1,0.0,False
SIMULATED DATA - NOT PHYSICAL RFID MEASUREMENTS,20260924,small_key_fob,aluminum_foil,24.0,10,2,0.0,False
SIMULATED DATA - NOT PHYSICAL RFID MEASUREMENTS,20260924,small_key_fob,aluminum_foil,24.0,10,3,0.0,False
SIMULATED DATA - NOT PHYSICAL RFID MEASUREMENTS,20260924,small_key_fob,aluminum_foil,24.0,10,4,0.0,False
SIMULATED DATA - NOT PHYSICAL RFID MEASUREMENTS,20260924,small_key_fob,aluminum_foil,24.0,10,5,0.0,False
SIMULATED DATA - NOT PHYSICAL RFID MEASUREMENTS,20260924,small_key_fob,aluminum_foil,24.0,10,6,0.0,False
SIMULATED DATA - NOT PHYSICAL RFID MEASUREMENTS,20260924,small_key_fob,aluminum_foil,24.0,10,7,0.0,False
SIMULATED DATA - NOT PHYSICAL RFID MEASUREMENTS,20260924,small_key_fob,aluminum_foil,24.0,10,8,0.0,False
SIMULATED DATA - NOT PHYSICAL RFID MEASUREMENTS,20260924,small_key_fob,aluminum_foil,24.0,10,9,0.0,False
SIMULATED DATA - NOT PHYSICAL RFID MEASUREMENTS,20260924,small_key_fob,aluminum_foil,24.0,10,10,0.0,False
SIMULATED DATA - NOT PHYSICAL RFID MEASUREMENTS,20260924,small_key_fob,aluminum_foil,24.0,11,1,0.0,False
SIMULATED DATA - NOT PHYSICAL RFID MEASUREMENTS,20260924,small_key_fob,aluminum_foil,24.0,11,2,0.0,False
SIMULATED DATA - NOT PHYSICAL RFID MEASUREMENTS,20260924,small_key_fob,aluminum_foil,24.0,11,3,0.0,False
SIMULATED DATA - NOT PHYSICAL RFID MEASUREMENTS,20260924,small_key_fob,aluminum_foil,24.0,11,4,0.0,False
SIMULATED DATA - NOT PHYSICAL RFID MEASUREMENTS,20260924,small_key_fob,aluminum_foil,24.0,11,5,0.0,False
SIMULATED DATA - NOT PHYSICAL RFID MEASUREMENTS,20260924,small_key_fob,aluminum_foil,24.0,11,6,0.0,False
SIMULATED DATA - NOT PHYSICAL RFID MEASUREMENTS,20260924,small_key_fob,aluminum_foil,24.0,11,7,0.0,False
SIMULATED DATA - NOT PHYSICAL RFID MEASUREMENTS,20260924,small_key_fob,aluminum_foil,24.0,11,8,0.0,False
SIMULATED DATA - NOT PHYSICAL RFID MEASUREMENTS,20260924,small_key_fob,aluminum_foil,24.0,11,9,0.0,False
SIMULATED DATA - NOT PHYSICAL RFID MEASUREMENTS,20260924,small_key_fob,aluminum_foil,24.0,11,10,0.0,False
SIMULATED DATA - NOT PHYSICAL RFID MEASUREMENTS,20260924,small_key_fob,aluminum_foil,24.0,12,1,0.0,False
SIMULATED DATA - NOT PHYSICAL RFID MEASUREMENTS,20260924,small_key_fob,aluminum_foil,24.0,12,2,0.0,False
SIMULATED DATA - NOT PHYSICAL RFID MEASUREMENTS,20260924,small_key_fob,aluminum_foil,24.0,12,3,0.0,False
SIMULATED DATA - NOT PHYSICAL RFID MEASUREMENTS,20260924,small_key_fob,aluminum_foil,24.0,12,4,0.0,False
SIMULATED DATA - NOT PHYSICAL RFID MEASUREMENTS,20260924,small_key_fob,aluminum_foil,24.0,12,5,0.0,False
SIMULATED DATA - NOT PHYSICAL RFID MEASUREMENTS,20260924,small_key_fob,aluminum_foil,24.0,12,6,0.0,False
SIMULATED DATA - NOT PHYSICAL RFID MEASUREMENTS,20260924,small_key_fob,aluminum_foil,24.0,12,7,0.0,False
SIMULATED DATA - NOT PHYSICAL RFID MEASUREMENTS,20260924,small_key_fob,aluminum_foil,24.0,12,8,0.0,False
SIMULATED DATA - NOT PHYSICAL RFID MEASUREMENTS,20260924,small_key_fob,aluminum_foil,24.0,12,9,0.0,False
SIMULATED DATA - NOT PHYSICAL RFID MEASUREMENTS,20260924,small_key_fob,aluminum_foil,24.0,12,10,0.0,False
SIMULATED DATA - NOT PHYSICAL RFID MEASUREMENTS,20260924,small_key_fob,aluminum_foil,24.0,13,1,0.0,False
SIMULATED DATA - NOT PHYSICAL RFID MEASUREMENTS,20260924,small_key_fob,aluminum_foil,24.0,13,2,0.0,False
SIMULATED DATA - NOT PHYSICAL RFID MEASUREMENTS,20260924,small_key_fob,aluminum_foil,24.0,13,3,0.0,False
SIMULATED DATA - NOT PHYSICAL RFID MEASUREMENTS,20260924,small_key_fob,aluminum_foil,24.0,13,4,0.0,False
SIMULATED DATA - NOT PHYSICAL RFID MEASUREMENTS,20260924,small_key_fob,aluminum_foil,24.0,13,5,0.0,False
SIMULATED DATA - NOT PHYSICAL RFID MEASUREMENTS,20260924,small_key_fob,aluminum_foil,24.0,13,6,0.0,False
SIMULATED DATA - NOT PHYSICAL RFID MEASUREMENTS,20260924,small_key_fob,aluminum_foil,24.0,13,7,0.0,False
SIMULATED DATA - NOT PHYSICAL RFID MEASUREMENTS,20260924,small_key_fob,aluminum_foil,24.0,13,8,0.0,False
SIMULATED DATA - NOT PHYSICAL RFID MEASUREMENTS,20260924,small_key_fob,aluminum_foil,24.0,13,9,0.0,False
SIMULATED DATA - NOT PHYSICAL RFID MEASUREMENTS,20260924,small_key_fob,aluminum_foil,24.0,13,10,0.0,False
SIMULATED DATA - NOT PHYSICAL RFID MEASUREMENTS,20260924,small_key_fob,aluminum_foil,24.0,14,1,0.0,False
SIMULATED DATA - NOT PHYSICAL RFID MEASUREMENTS,20260924,small_key_fob,aluminum_foil,24.0,14,2,0.0,False
SIMULATED DATA - NOT PHYSICAL RFID MEASUREMENTS,20260924,small_key_fob,aluminum_foil,24.0,14,3,0.0,False
SIMULATED DATA - NOT PHYSICAL RFID MEASUREMENTS,20260924,small_key_fob,aluminum_foil,24.0,14,4,0.0,False
SIMULATED DATA - NOT PHYSICAL RFID MEASUREMENTS,20260924,small_key_fob,aluminum_foil,24.0,14,5,0.0,False
SIMULATED DATA - NOT PHYSICAL RFID MEASUREMENTS,20260924,small_key_fob,aluminum_foil,24.0,14,6,0.0,False
SIMULATED DATA - NOT PHYSICAL RFID MEASUREMENTS,20260924,small_key_fob,aluminum_foil,24.0,14,7,0.0,False
SIMULATED DATA - NOT PHYSICAL RFID MEASUREMENTS,20260924,small_key_fob,aluminum_foil,24.0,14,8,0.0,False
SIMULATED DATA - NOT PHYSICAL RFID MEASUREMENTS,20260924,small_key_fob,aluminum_foil,24.0,14,9,0.0,False
SIMULATED DATA - NOT PHYSICAL RFID MEASUREMENTS,20260924,small_key_fob,aluminum_foil,24.0,14,10,0.0,False
SIMULATED DATA - NOT PHYSICAL RFID MEASUREMENTS,20260924,small_key_fob,aluminum_foil,24.0,15,1,0.0,False
SIMULATED DATA - NOT PHYSICAL RFID MEASUREMENTS,20260924,small_key_fob,aluminum_foil,24.0,15,2,0.0,False
SIMULATED DATA - NOT PHYSICAL RFID MEASUREMENTS,20260924,small_key_fob,aluminum_foil,24.0,15,3,0.0,False
SIMULATED DATA - NOT PHYSICAL RFID MEASUREMENTS,20260924,small_key_fob,aluminum_foil,24.0,15,4,0.0,False
SIMULATED DATA - NOT PHYSICAL RFID MEASUREMENTS,20260924,small_key_fob,aluminum_foil,24.0,15,5,0.0,False
SIMULATED DATA - NOT PHYSICAL RFID MEASUREMENTS,20260924,small_key_fob,aluminum_foil,24.0,15,6,0.0,False
SIMULATED DATA - NOT PHYSICAL RFID MEASUREMENTS,20260924,small_key_fob,aluminum_foil,24.0,15,7,0.0,False
SIMULATED DATA - NOT PHYSICAL RFID MEASUREMENTS,20260924,small_key_fob,aluminum_foil,24.0,15,8,0.0,False
SIMULATED DATA - NOT PHYSICAL RFID MEASUREMENTS,20260924,small_key_fob,aluminum_foil,24.0,15,9,0.0,False
SIMULATED DATA - NOT PHYSICAL RFID MEASUREMENTS,20260924,small_key_fob,aluminum_foil,24.0,15,10,0.0,False
SIMULATED DATA - NOT PHYSICAL RFID MEASUREMENTS,20260924,small_key_fob,copper_foil,28.0,1,1,0.925943,True
SIMULATED DATA - NOT PHYSICAL RFID MEASUREMENTS,20260924,small_key_fob,copper_foil,28.0,1,2,0.925943,True
SIMULATED DATA - NOT PHYSICAL RFID MEASUREMENTS,20260924,small_key_fob,copper_foil,28.0,1,3,0.925943,True
SIMULATED DATA - NOT PHYSICAL RFID MEASUREMENTS,20260924,small_key_fob,copper_foil,28.0,1,4,0.925943,True
SIMULATED DATA - NOT PHYSICAL RFID MEASUREMENTS,20260924,small_key_fob,copper_foil,28.0,1,5,0.925943,True
SIMULATED DATA - NOT PHYSICAL RFID MEASUREMENTS,20260924,small_key_fob,copper_foil,28.0,1,6,0.925943,True
SIMULATED DATA - NOT PHYSICAL RFID MEASUREMENTS,20260924,small_key_fob,copper_foil,28.0,1,7,0.925943,True
SIMULATED DATA - NOT PHYSICAL RFID MEASUREMENTS,20260924,small_key_fob,copper_foil,28.0,1,8,0.925943,True
SIMULATED DATA - NOT PHYSICAL RFID MEASUREMENTS,20260924,small_key_fob,copper_foil,28.0,1,9,0.925943,True
SIMULATED DATA - NOT PHYSICAL RFID MEASUREMENTS,20260924,small_key_fob,copper_foil,28.0,1,10,0.925943,True
SIMULATED DATA - NOT PHYSICAL RFID MEASUREMENTS,20260924,small_key_fob,copper_foil,28.0,2,1,0.2601,True
SIMULATED DATA - NOT PHYSICAL RFID MEASUREMENTS,20260924,small_key_fob,copper_foil,28.0,2,2,0.2601,False
SIMULATED DATA - NOT PHYSICAL RFID MEASUREMENTS,20260924,small_key_fob,copper_foil,28.0,2,3,0.2601,False
SIMULATED DATA - NOT PHYSICAL RFID MEASUREMENTS,20260924,small_key_fob,copper_foil,28.0,2,4,0.2601,False
SIMULATED DATA - NOT PHYSICAL RFID MEASUREMENTS,20260924,small_key_fob,copper_foil,28.0,2,5,0.2601,False
SIMULATED DATA - NOT PHYSICAL RFID MEASUREMENTS,20260924,small_key_fob,copper_foil,28.0,2,6,0.2601,False
SIMULATED DATA - NOT PHYSICAL RFID MEASUREMENTS,20260924,small_key_fob,copper_foil,28.0,2,7,0.2601,True
SIMULATED DATA - NOT PHYSICAL RFID MEASUREMENTS,20260924,small_key_fob,copper_foil,28.0,2,8,0.2601,False
SIMULATED DATA - NOT PHYSICAL RFID MEASUREMENTS,20260924,small_key_fob,copper_foil,28.0,2,9,0.2601,False
SIMULATED DATA - NOT PHYSICAL RFID MEASUREMENTS,20260924,small_key_fob,copper_foil,28.0,2,10,0.2601,False
SIMULATED DATA - NOT PHYSICAL RFID MEASUREMENTS,20260924,small_key_fob,copper_foil,28.0,3,1,0.009787,False
SIMULATED DATA - NOT PHYSICAL RFID MEASUREMENTS,20260924,small_key_fob,copper_foil,28.0,3,2,0.009787,False
SIMULATED DATA - NOT PHYSICAL RFID MEASUREMENTS,20260924,small_key_fob,copper_foil,28.0,3,3,0.009787,False
SIMULATED DATA - NOT PHYSICAL RFID MEASUREMENTS,20260924,small_key_fob,copper_foil,28.0,3,4,0.009787,False
SIMULATED DATA - NOT PHYSICAL RFID MEASUREMENTS,20260924,small_key_fob,copper_foil,28.0,3,5,0.009787,False
SIMULATED DATA - NOT PHYSICAL RFID MEASUREMENTS,20260924,small_key_fob,copper_foil,28.0,3,6,0.009787,False
SIMULATED DATA - NOT PHYSICAL RFID MEASUREMENTS,20260924,small_key_fob,copper_foil,28.0,3,7,0.009787,False
SIMULATED DATA - NOT PHYSICAL RFID MEASUREMENTS,20260924,small_key_fob,copper_foil,28.0,3,8,0.009787,False
SIMULATED DATA - NOT PHYSICAL RFID MEASUREMENTS,20260924,small_key_fob,copper_foil,28.0,3,9,0.009787,False
SIMULATED DATA - NOT PHYSICAL RFID MEASUREMENTS,20260924,small_key_fob,copper_foil,28.0,3,10,0.009787,False
SIMULATED DATA - NOT PHYSICAL RFID MEASUREMENTS,20260924,small_key_fob,copper_foil,28.0,4,1,0.000278,False
SIMULATED DATA - NOT PHYSICAL RFID MEASUREMENTS,20260924,small_key_fob,copper_foil,28.0,4,2,0.000278,False
SIMULATED DATA - NOT PHYSICAL RFID MEASUREMENTS,20260924,small_key_fob,copper_foil,28.0,4,3,0.000278,False
SIMULATED DATA - NOT PHYSICAL RFID MEASUREMENTS,20260924,small_key_fob,copper_foil,28.0,4,4,0.000278,False
SIMULATED DATA - NOT PHYSICAL RFID MEASUREMENTS,20260924,small_key_fob,copper_foil,28.0,4,5,0.000278,False
SIMULATED DATA - NOT PHYSICAL RFID MEASUREMENTS,20260924,small_key_fob,copper_foil,28.0,4,6,0.000278,False
SIMULATED DATA - NOT PHYSICAL RFID MEASUREMENTS,20260924,small_key_fob,copper_foil,28.0,4,7,0.000278,False
SIMULATED DATA - NOT PHYSICAL RFID MEASUREMENTS,20260924,small_key_fob,copper_foil,28.0,4,8,0.000278,False
SIMULATED DATA - NOT PHYSICAL RFID MEASUREMENTS,20260924,small_key_fob,copper_foil,28.0,4,9,0.000278,False
SIMULATED DATA - NOT PHYSICAL RFID MEASUREMENTS,20260924,small_key_fob,copper_foil,28.0,4,10,0.000278,False
SIMULATED DATA - NOT PHYSICAL RFID MEASUREMENTS,20260924,small_key_fob,copper_foil,28.0,5,1,8e-06,False
SIMULATED DATA - NOT PHYSICAL RFID MEASUREMENTS,20260924,small_key_fob,copper_foil,28.0,5,2,8e-06,False
SIMULATED DATA - NOT PHYSICAL RFID MEASUREMENTS,20260924,small_key_fob,copper_foil,28.0,5,3,8e-06,False
SIMULATED DATA - NOT PHYSICAL RFID MEASUREMENTS,20260924,small_key_fob,copper_foil,28.0,5,4,8e-06,False
SIMULATED DATA - NOT PHYSICAL RFID MEASUREMENTS,20260924,small_key_fob,copper_foil,28.0,5,5,8e-06,False
SIMULATED DATA - NOT PHYSICAL RFID MEASUREMENTS,20260924,small_key_fob,copper_foil,28.0,5,6,8e-06,False
SIMULATED DATA - NOT PHYSICAL RFID MEASUREMENTS,20260924,small_key_fob,copper_foil,28.0,5,7,8e-06,False
SIMULATED DATA - NOT PHYSICAL RFID MEASUREMENTS,20260924,small_key_fob,copper_foil,28.0,5,8,8e-06,False
SIMULATED DATA - NOT PHYSICAL RFID MEASUREMENTS,20260924,small_key_fob,copper_foil,28.0,5,9,8e-06,False
SIMULATED DATA - NOT PHYSICAL RFID MEASUREMENTS,20260924,small_key_fob,copper_foil,28.0,5,10,8e-06,False
SIMULATED DATA - NOT PHYSICAL RFID MEASUREMENTS,20260924,small_key_fob,copper_foil,28.0,6,1,0.0,False
SIMULATED DATA - NOT PHYSICAL RFID MEASUREMENTS,20260924,small_key_fob,copper_foil,28.0,6,2,0.0,False
SIMULATED DATA - NOT PHYSICAL RFID MEASUREMENTS,20260924,small_key_fob,copper_foil,28.0,6,3,0.0,False
SIMULATED DATA - NOT PHYSICAL RFID MEASUREMENTS,20260924,small_key_fob,copper_foil,28.0,6,4,0.0,False
SIMULATED DATA - NOT PHYSICAL RFID MEASUREMENTS,20260924,small_key_fob,copper_foil,28.0,6,5,0.0,False
SIMULATED DATA - NOT PHYSICAL RFID MEASUREMENTS,20260924,small_key_fob,copper_foil,28.0,6,6,0.0,False
SIMULATED DATA - NOT PHYSICAL RFID MEASUREMENTS,20260924,small_key_fob,copper_foil,28.0,6,7,0.0,False
SIMULATED DATA - NOT PHYSICAL RFID MEASUREMENTS,20260924,small_key_fob,copper_foil,28.0,6,8,0.0,False
SIMULATED DATA - NOT PHYSICAL RFID MEASUREMENTS,20260924,small_key_fob,copper_foil,28.0,6,9,0.0,False
SIMULATED DATA - NOT PHYSICAL RFID MEASUREMENTS,20260924,small_key_fob,copper_foil,28.0,6,10,0.0,False
SIMULATED DATA - NOT PHYSICAL RFID MEASUREMENTS,20260924,small_key_fob,copper_foil,28.0,7,1,0.0,False
SIMULATED DATA - NOT PHYSICAL RFID MEASUREMENTS,20260924,small_key_fob,copper_foil,28.0,7,2,0.0,False
SIMULATED DATA - NOT PHYSICAL RFID MEASUREMENTS,20260924,small_key_fob,copper_foil,28.0,7,3,0.0,False
SIMULATED DATA - NOT PHYSICAL RFID MEASUREMENTS,20260924,small_key_fob,copper_foil,28.0,7,4,0.0,False
SIMULATED DATA - NOT PHYSICAL RFID MEASUREMENTS,20260924,small_key_fob,copper_foil,28.0,7,5,0.0,False
SIMULATED DATA - NOT PHYSICAL RFID MEASUREMENTS,20260924,small_key_fob,copper_foil,28.0,7,6,0.0,False
SIMULATED DATA - NOT PHYSICAL RFID MEASUREMENTS,20260924,small_key_fob,copper_foil,28.0,7,7,0.0,False
SIMULATED DATA - NOT PHYSICAL RFID MEASUREMENTS,20260924,small_key_fob,copper_foil,28.0,7,8,0.0,False
SIMULATED DATA - NOT PHYSICAL RFID MEASUREMENTS,20260924,small_key_fob,copper_foil,28.0,7,9,0.0,False
SIMULATED DATA - NOT PHYSICAL RFID MEASUREMENTS,20260924,small_key_fob,copper_foil,28.0,7,10,0.0,False
SIMULATED DATA - NOT PHYSICAL RFID MEASUREMENTS,20260924,small_key_fob,copper_foil,28.0,8,1,0.0,False
SIMULATED DATA - NOT PHYSICAL RFID MEASUREMENTS,20260924,small_key_fob,copper_foil,28.0,8,2,0.0,False
SIMULATED DATA - NOT PHYSICAL RFID MEASUREMENTS,20260924,small_key_fob,copper_foil,28.0,8,3,0.0,False
SIMULATED DATA - NOT PHYSICAL RFID MEASUREMENTS,20260924,small_key_fob,copper_foil,28.0,8,4,0.0,False
SIMULATED DATA - NOT PHYSICAL RFID MEASUREMENTS,20260924,small_key_fob,copper_foil,28.0,8,5,0.0,False
SIMULATED DATA - NOT PHYSICAL RFID MEASUREMENTS,20260924,small_key_fob,copper_foil,28.0,8,6,0.0,False
SIMULATED DATA - NOT PHYSICAL RFID MEASUREMENTS,20260924,small_key_fob,copper_foil,28.0,8,7,0.0,False
SIMULATED DATA - NOT PHYSICAL RFID MEASUREMENTS,20260924,small_key_fob,copper_foil,28.0,8,8,0.0,False
SIMULATED DATA - NOT PHYSICAL RFID MEASUREMENTS,20260924,small_key_fob,copper_foil,28.0,8,9,0.0,False
SIMULATED DATA - NOT PHYSICAL RFID MEASUREMENTS,20260924,small_key_fob,copper_foil,28.0,8,10,0.0,False
SIMULATED DATA - NOT PHYSICAL RFID MEASUREMENTS,20260924,small_key_fob,copper_foil,28.0,9,1,0.0,False
SIMULATED DATA - NOT PHYSICAL RFID MEASUREMENTS,20260924,small_key_fob,copper_foil,28.0,9,2,0.0,False
SIMULATED DATA - NOT PHYSICAL RFID MEASUREMENTS,20260924,small_key_fob,copper_foil,28.0,9,3,0.0,False
SIMULATED DATA - NOT PHYSICAL RFID MEASUREMENTS,20260924,small_key_fob,copper_foil,28.0,9,4,0.0,False
SIMULATED DATA - NOT PHYSICAL RFID MEASUREMENTS,20260924,small_key_fob,copper_foil,28.0,9,5,0.0,False
SIMULATED DATA - NOT PHYSICAL RFID MEASUREMENTS,20260924,small_key_fob,copper_foil,28.0,9,6,0.0,False
SIMULATED DATA - NOT PHYSICAL RFID MEASUREMENTS,20260924,small_key_fob,copper_foil,28.0,9,7,0.0,False
SIMULATED DATA - NOT PHYSICAL RFID MEASUREMENTS,20260924,small_key_fob,copper_foil,28.0,9,8,0.0,False
SIMULATED DATA - NOT PHYSICAL RFID MEASUREMENTS,20260924,small_key_fob,copper_foil,28.0,9,9,0.0,False
SIMULATED DATA - NOT PHYSICAL RFID MEASUREMENTS,20260924,small_key_fob,copper_foil,28.0,9,10,0.0,False
SIMULATED DATA - NOT PHYSICAL RFID MEASUREMENTS,20260924,small_key_fob,copper_foil,28.0,10,1,0.0,False
SIMULATED DATA - NOT PHYSICAL RFID MEASUREMENTS,20260924,small_key_fob,copper_foil,28.0,10,2,0.0,False
SIMULATED DATA - NOT PHYSICAL RFID MEASUREMENTS,20260924,small_key_fob,copper_foil,28.0,10,3,0.0,False
SIMULATED DATA - NOT PHYSICAL RFID MEASUREMENTS,20260924,small_key_fob,copper_foil,28.0,10,4,0.0,False
SIMULATED DATA - NOT PHYSICAL RFID MEASUREMENTS,20260924,small_key_fob,copper_foil,28.0,10,5,0.0,False
SIMULATED DATA - NOT PHYSICAL RFID MEASUREMENTS,20260924,small_key_fob,copper_foil,28.0,10,6,0.0,False
SIMULATED DATA - NOT PHYSICAL RFID MEASUREMENTS,20260924,small_key_fob,copper_foil,28.0,10,7,0.0,False
SIMULATED DATA - NOT PHYSICAL RFID MEASUREMENTS,20260924,small_key_fob,copper_foil,28.0,10,8,0.0,False
SIMULATED DATA - NOT PHYSICAL RFID MEASUREMENTS,20260924,small_key_fob,copper_foil,28.0,10,9,0.0,False
SIMULATED DATA - NOT PHYSICAL RFID MEASUREMENTS,20260924,small_key_fob,copper_foil,28.0,10,10,0.0,False
SIMULATED DATA - NOT PHYSICAL RFID MEASUREMENTS,20260924,small_key_fob,copper_foil,28.0,11,1,0.0,False
SIMULATED DATA - NOT PHYSICAL RFID MEASUREMENTS,20260924,small_key_fob,copper_foil,28.0,11,2,0.0,False
SIMULATED DATA - NOT PHYSICAL RFID MEASUREMENTS,20260924,small_key_fob,copper_foil,28.0,11,3,0.0,False
SIMULATED DATA - NOT PHYSICAL RFID MEASUREMENTS,20260924,small_key_fob,copper_foil,28.0,11,4,0.0,False
SIMULATED DATA - NOT PHYSICAL RFID MEASUREMENTS,20260924,small_key_fob,copper_foil,28.0,11,5,0.0,False
SIMULATED DATA - NOT PHYSICAL RFID MEASUREMENTS,20260924,small_key_fob,copper_foil,28.0,11,6,0.0,False
SIMULATED DATA - NOT PHYSICAL RFID MEASUREMENTS,20260924,small_key_fob,copper_foil,28.0,11,7,0.0,False
SIMULATED DATA - NOT PHYSICAL RFID MEASUREMENTS,20260924,small_key_fob,copper_foil,28.0,11,8,0.0,False
SIMULATED DATA - NOT PHYSICAL RFID MEASUREMENTS,20260924,small_key_fob,copper_foil,28.0,11,9,0.0,False
SIMULATED DATA - NOT PHYSICAL RFID MEASUREMENTS,20260924,small_key_fob,copper_foil,28.0,11,10,0.0,False
SIMULATED DATA - NOT PHYSICAL RFID MEASUREMENTS,20260924,small_key_fob,copper_foil,28.0,12,1,0.0,False
SIMULATED DATA - NOT PHYSICAL RFID MEASUREMENTS,20260924,small_key_fob,copper_foil,28.0,12,2,0.0,False
SIMULATED DATA - NOT PHYSICAL RFID MEASUREMENTS,20260924,small_key_fob,copper_foil,28.0,12,3,0.0,False
SIMULATED DATA - NOT PHYSICAL RFID MEASUREMENTS,20260924,small_key_fob,copper_foil,28.0,12,4,0.0,False
SIMULATED DATA - NOT PHYSICAL RFID MEASUREMENTS,20260924,small_key_fob,copper_foil,28.0,12,5,0.0,False
SIMULATED DATA - NOT PHYSICAL RFID MEASUREMENTS,20260924,small_key_fob,copper_foil,28.0,12,6,0.0,False
SIMULATED DATA - NOT PHYSICAL RFID MEASUREMENTS,20260924,small_key_fob,copper_foil,28.0,12,7,0.0,False
SIMULATED DATA - NOT PHYSICAL RFID MEASUREMENTS,20260924,small_key_fob,copper_foil,28.0,12,8,0.0,False
SIMULATED DATA - NOT PHYSICAL RFID MEASUREMENTS,20260924,small_key_fob,copper_foil,28.0,12,9,0.0,False
SIMULATED DATA - NOT PHYSICAL RFID MEASUREMENTS,20260924,small_key_fob,copper_foil,28.0,12,10,0.0,False
SIMULATED DATA - NOT PHYSICAL RFID MEASUREMENTS,20260924,small_key_fob,copper_foil,28.0,13,1,0.0,False
SIMULATED DATA - NOT PHYSICAL RFID MEASUREMENTS,20260924,small_key_fob,copper_foil,28.0,13,2,0.0,False
SIMULATED DATA - NOT PHYSICAL RFID MEASUREMENTS,20260924,small_key_fob,copper_foil,28.0,13,3,0.0,False
SIMULATED DATA - NOT PHYSICAL RFID MEASUREMENTS,20260924,small_key_fob,copper_foil,28.0,13,4,0.0,False
SIMULATED DATA - NOT PHYSICAL RFID MEASUREMENTS,20260924,small_key_fob,copper_foil,28.0,13,5,0.0,False
SIMULATED DATA - NOT PHYSICAL RFID MEASUREMENTS,20260924,small_key_fob,copper_foil,28.0,13,6,0.0,False
SIMULATED DATA - NOT PHYSICAL RFID MEASUREMENTS,20260924,small_key_fob,copper_foil,28.0,13,7,0.0,False
SIMULATED DATA - NOT PHYSICAL RFID MEASUREMENTS,20260924,small_key_fob,copper_foil,28.0,13,8,0.0,False
SIMULATED DATA - NOT PHYSICAL RFID MEASUREMENTS,20260924,small_key_fob,copper_foil,28.0,13,9,0.0,False
SIMULATED DATA - NOT PHYSICAL RFID MEASUREMENTS,20260924,small_key_fob,copper_foil,28.0,13,10,0.0,False
SIMULATED DATA - NOT PHYSICAL RFID MEASUREMENTS,20260924,small_key_fob,copper_foil,28.0,14,1,0.0,False
SIMULATED DATA - NOT PHYSICAL RFID MEASUREMENTS,20260924,small_key_fob,copper_foil,28.0,14,2,0.0,False
SIMULATED DATA - NOT PHYSICAL RFID MEASUREMENTS,20260924,small_key_fob,copper_foil,28.0,14,3,0.0,False
SIMULATED DATA - NOT PHYSICAL RFID MEASUREMENTS,20260924,small_key_fob,copper_foil,28.0,14,4,0.0,False
SIMULATED DATA - NOT PHYSICAL RFID MEASUREMENTS,20260924,small_key_fob,copper_foil,28.0,14,5,0.0,False
SIMULATED DATA - NOT PHYSICAL RFID MEASUREMENTS,20260924,small_key_fob,copper_foil,28.0,14,6,0.0,False
SIMULATED DATA - NOT PHYSICAL RFID MEASUREMENTS,20260924,small_key_fob,copper_foil,28.0,14,7,0.0,False
SIMULATED DATA - NOT PHYSICAL RFID MEASUREMENTS,20260924,small_key_fob,copper_foil,28.0,14,8,0.0,False
SIMULATED DATA - NOT PHYSICAL RFID MEASUREMENTS,20260924,small_key_fob,copper_foil,28.0,14,9,0.0,False
SIMULATED DATA - NOT PHYSICAL RFID MEASUREMENTS,20260924,small_key_fob,copper_foil,28.0,14,10,0.0,False
SIMULATED DATA - NOT PHYSICAL RFID MEASUREMENTS,20260924,small_key_fob,copper_foil,28.0,15,1,0.0,False
SIMULATED DATA - NOT PHYSICAL RFID MEASUREMENTS,20260924,small_key_fob,copper_foil,28.0,15,2,0.0,False
SIMULATED DATA - NOT PHYSICAL RFID MEASUREMENTS,20260924,small_key_fob,copper_foil,28.0,15,3,0.0,False
SIMULATED DATA - NOT PHYSICAL RFID MEASUREMENTS,20260924,small_key_fob,copper_foil,28.0,15,4,0.0,False
SIMULATED DATA - NOT PHYSICAL RFID MEASUREMENTS,20260924,small_key_fob,copper_foil,28.0,15,5,0.0,False
SIMULATED DATA - NOT PHYSICAL RFID MEASUREMENTS,20260924,small_key_fob,copper_foil,28.0,15,6,0.0,False
SIMULATED DATA - NOT PHYSICAL RFID MEASUREMENTS,20260924,small_key_fob,copper_foil,28.0,15,7,0.0,False
SIMULATED DATA - NOT PHYSICAL RFID MEASUREMENTS,20260924,small_key_fob,copper_foil,28.0,15,8,0.0,False
SIMULATED DATA - NOT PHYSICAL RFID MEASUREMENTS,20260924,small_key_fob,copper_foil,28.0,15,9,0.0,False
SIMULATED DATA - NOT PHYSICAL RFID MEASUREMENTS,20260924,small_key_fob,copper_foil,28.0,15,10,0.0,False
SIMULATED DATA - NOT PHYSICAL RFID MEASUREMENTS,20260924,small_key_fob,commercial_rfid_sleeve,32.0,1,1,0.840009,True
SIMULATED DATA - NOT PHYSICAL RFID MEASUREMENTS,20260924,small_key_fob,commercial_rfid_sleeve,32.0,1,2,0.840009,True
SIMULATED DATA - NOT PHYSICAL RFID MEASUREMENTS,20260924,small_key_fob,commercial_rfid_sleeve,32.0,1,3,0.840009,True
SIMULATED DATA - NOT PHYSICAL RFID MEASUREMENTS,20260924,small_key_fob,commercial_rfid_sleeve,32.0,1,4,0.840009,True
SIMULATED DATA - NOT PHYSICAL RFID MEASUREMENTS,20260924,small_key_fob,commercial_rfid_sleeve,32.0,1,5,0.840009,True
SIMULATED DATA - NOT PHYSICAL RFID MEASUREMENTS,20260924,small_key_fob,commercial_rfid_sleeve,32.0,1,6,0.840009,True
SIMULATED DATA - NOT PHYSICAL RFID MEASUREMENTS,20260924,small_key_fob,commercial_rfid_sleeve,32.0,1,7,0.840009,True
SIMULATED DATA - NOT PHYSICAL RFID MEASUREMENTS,20260924,small_key_fob,commercial_rfid_sleeve,32.0,1,8,0.840009,True
SIMULATED DATA - NOT PHYSICAL RFID MEASUREMENTS,20260924,small_key_fob,commercial_rfid_sleeve,32.0,1,9,0.840009,True
SIMULATED DATA - NOT PHYSICAL RFID MEASUREMENTS,20260924,small_key_fob,commercial_rfid_sleeve,32.0,1,10,0.840009,True
SIMULATED DATA - NOT PHYSICAL RFID MEASUREMENTS,20260924,small_key_fob,commercial_rfid_sleeve,32.0,2,1,0.128629,True
SIMULATED DATA - NOT PHYSICAL RFID MEASUREMENTS,20260924,small_key_fob,commercial_rfid_sleeve,32.0,2,2,0.128629,False
SIMULATED DATA - NOT PHYSICAL RFID MEASUREMENTS,20260924,small_key_fob,commercial_rfid_sleeve,32.0,2,3,0.128629,False
SIMULATED DATA - NOT PHYSICAL RFID MEASUREMENTS,20260924,small_key_fob,commercial_rfid_sleeve,32.0,2,4,0.128629,False
SIMULATED DATA - NOT PHYSICAL RFID MEASUREMENTS,20260924,small_key_fob,commercial_rfid_sleeve,32.0,2,5,0.128629,False
SIMULATED DATA - NOT PHYSICAL RFID MEASUREMENTS,20260924,small_key_fob,commercial_rfid_sleeve,32.0,2,6,0.128629,False
SIMULATED DATA - NOT PHYSICAL RFID MEASUREMENTS,20260924,small_key_fob,commercial_rfid_sleeve,32.0,2,7,0.128629,False
SIMULATED DATA - NOT PHYSICAL RFID MEASUREMENTS,20260924,small_key_fob,commercial_rfid_sleeve,32.0,2,8,0.128629,False
SIMULATED DATA - NOT PHYSICAL RFID MEASUREMENTS,20260924,small_key_fob,commercial_rfid_sleeve,32.0,2,9,0.128629,False
SIMULATED DATA - NOT PHYSICAL RFID MEASUREMENTS,20260924,small_key_fob,commercial_rfid_sleeve,32.0,2,10,0.128629,False
SIMULATED DATA - NOT PHYSICAL RFID MEASUREMENTS,20260924,small_key_fob,commercial_rfid_sleeve,32.0,3,1,0.004133,False
SIMULATED DATA - NOT PHYSICAL RFID MEASUREMENTS,20260924,small_key_fob,commercial_rfid_sleeve,32.0,3,2,0.004133,False
SIMULATED DATA - NOT PHYSICAL RFID MEASUREMENTS,20260924,small_key_fob,commercial_rfid_sleeve,32.0,3,3,0.004133,False
SIMULATED DATA - NOT PHYSICAL RFID MEASUREMENTS,20260924,small_key_fob,commercial_rfid_sleeve,32.0,3,4,0.004133,False
SIMULATED DATA - NOT PHYSICAL RFID MEASUREMENTS,20260924,small_key_fob,commercial_rfid_sleeve,32.0,3,5,0.004133,False
SIMULATED DATA - NOT PHYSICAL RFID MEASUREMENTS,20260924,small_key_fob,commercial_rfid_sleeve,32.0,3,6,0.004133,False
SIMULATED DATA - NOT PHYSICAL RFID MEASUREMENTS,20260924,small_key_fob,commercial_rfid_sleeve,32.0,3,7,0.004133,False
SIMULATED DATA - NOT PHYSICAL RFID MEASUREMENTS,20260924,small_key_fob,commercial_rfid_sleeve,32.0,3,8,0.004133,False
SIMULATED DATA - NOT PHYSICAL RFID MEASUREMENTS,20260924,small_key_fob,commercial_rfid_sleeve,32.0,3,9,0.004133,False
SIMULATED DATA - NOT PHYSICAL RFID MEASUREMENTS,20260924,small_key_fob,commercial_rfid_sleeve,32.0,3,10,0.004133,False
SIMULATED DATA - NOT PHYSICAL RFID MEASUREMENTS,20260924,small_key_fob,commercial_rfid_sleeve,32.0,4,1,0.000117,False
SIMULATED DATA - NOT PHYSICAL RFID MEASUREMENTS,20260924,small_key_fob,commercial_rfid_sleeve,32.0,4,2,0.000117,False
SIMULATED DATA - NOT PHYSICAL RFID MEASUREMENTS,20260924,small_key_fob,commercial_rfid_sleeve,32.0,4,3,0.000117,False
SIMULATED DATA - NOT PHYSICAL RFID MEASUREMENTS,20260924,small_key_fob,commercial_rfid_sleeve,32.0,4,4,0.000117,False
SIMULATED DATA - NOT PHYSICAL RFID MEASUREMENTS,20260924,small_key_fob,commercial_rfid_sleeve,32.0,4,5,0.000117,False
SIMULATED DATA - NOT PHYSICAL RFID MEASUREMENTS,20260924,small_key_fob,commercial_rfid_sleeve,32.0,4,6,0.000117,False
SIMULATED DATA - NOT PHYSICAL RFID MEASUREMENTS,20260924,small_key_fob,commercial_rfid_sleeve,32.0,4,7,0.000117,False
SIMULATED DATA - NOT PHYSICAL RFID MEASUREMENTS,20260924,small_key_fob,commercial_rfid_sleeve,32.0,4,8,0.000117,False
SIMULATED DATA - NOT PHYSICAL RFID MEASUREMENTS,20260924,small_key_fob,commercial_rfid_sleeve,32.0,4,9,0.000117,False
SIMULATED DATA - NOT PHYSICAL RFID MEASUREMENTS,20260924,small_key_fob,commercial_rfid_sleeve,32.0,4,10,0.000117,False
SIMULATED DATA - NOT PHYSICAL RFID MEASUREMENTS,20260924,small_key_fob,commercial_rfid_sleeve,32.0,5,1,3e-06,False
SIMULATED DATA - NOT PHYSICAL RFID MEASUREMENTS,20260924,small_key_fob,commercial_rfid_sleeve,32.0,5,2,3e-06,False
SIMULATED DATA - NOT PHYSICAL RFID MEASUREMENTS,20260924,small_key_fob,commercial_rfid_sleeve,32.0,5,3,3e-06,False
SIMULATED DATA - NOT PHYSICAL RFID MEASUREMENTS,20260924,small_key_fob,commercial_rfid_sleeve,32.0,5,4,3e-06,False
SIMULATED DATA - NOT PHYSICAL RFID MEASUREMENTS,20260924,small_key_fob,commercial_rfid_sleeve,32.0,5,5,3e-06,False
SIMULATED DATA - NOT PHYSICAL RFID MEASUREMENTS,20260924,small_key_fob,commercial_rfid_sleeve,32.0,5,6,3e-06,False
SIMULATED DATA - NOT PHYSICAL RFID MEASUREMENTS,20260924,small_key_fob,commercial_rfid_sleeve,32.0,5,7,3e-06,False
SIMULATED DATA - NOT PHYSICAL RFID MEASUREMENTS,20260924,small_key_fob,commercial_rfid_sleeve,32.0,5,8,3e-06,False
SIMULATED DATA - NOT PHYSICAL RFID MEASUREMENTS,20260924,small_key_fob,commercial_rfid_sleeve,32.0,5,9,3e-06,False
SIMULATED DATA - NOT PHYSICAL RFID MEASUREMENTS,20260924,small_key_fob,commercial_rfid_sleeve,32.0,5,10,3e-06,False
SIMULATED DATA - NOT PHYSICAL RFID MEASUREMENTS,20260924,small_key_fob,commercial_rfid_sleeve,32.0,6,1,0.0,False
SIMULATED DATA - NOT PHYSICAL RFID MEASUREMENTS,20260924,small_key_fob,commercial_rfid_sleeve,32.0,6,2,0.0,False
SIMULATED DATA - NOT PHYSICAL RFID MEASUREMENTS,20260924,small_key_fob,commercial_rfid_sleeve,32.0,6,3,0.0,False
SIMULATED DATA - NOT PHYSICAL RFID MEASUREMENTS,20260924,small_key_fob,commercial_rfid_sleeve,32.0,6,4,0.0,False
SIMULATED DATA - NOT PHYSICAL RFID MEASUREMENTS,20260924,small_key_fob,commercial_rfid_sleeve,32.0,6,5,0.0,False
SIMULATED DATA - NOT PHYSICAL RFID MEASUREMENTS,20260924,small_key_fob,commercial_rfid_sleeve,32.0,6,6,0.0,False
SIMULATED DATA - NOT PHYSICAL RFID MEASUREMENTS,20260924,small_key_fob,commercial_rfid_sleeve,32.0,6,7,0.0,False
SIMULATED DATA - NOT PHYSICAL RFID MEASUREMENTS,20260924,small_key_fob,commercial_rfid_sleeve,32.0,6,8,0.0,False
SIMULATED DATA - NOT PHYSICAL RFID MEASUREMENTS,20260924,small_key_fob,commercial_rfid_sleeve,32.0,6,9,0.0,False
SIMULATED DATA - NOT PHYSICAL RFID MEASUREMENTS,20260924,small_key_fob,commercial_rfid_sleeve,32.0,6,10,0.0,False
SIMULATED DATA - NOT PHYSICAL RFID MEASUREMENTS,20260924,small_key_fob,commercial_rfid_sleeve,32.0,7,1,0.0,False
SIMULATED DATA - NOT PHYSICAL RFID MEASUREMENTS,20260924,small_key_fob,commercial_rfid_sleeve,32.0,7,2,0.0,False
SIMULATED DATA - NOT PHYSICAL RFID MEASUREMENTS,20260924,small_key_fob,commercial_rfid_sleeve,32.0,7,3,0.0,False
SIMULATED DATA - NOT PHYSICAL RFID MEASUREMENTS,20260924,small_key_fob,commercial_rfid_sleeve,32.0,7,4,0.0,False
SIMULATED DATA - NOT PHYSICAL RFID MEASUREMENTS,20260924,small_key_fob,commercial_rfid_sleeve,32.0,7,5,0.0,False
SIMULATED DATA - NOT PHYSICAL RFID MEASUREMENTS,20260924,small_key_fob,commercial_rfid_sleeve,32.0,7,6,0.0,False
SIMULATED DATA - NOT PHYSICAL RFID MEASUREMENTS,20260924,small_key_fob,commercial_rfid_sleeve,32.0,7,7,0.0,False
SIMULATED DATA - NOT PHYSICAL RFID MEASUREMENTS,20260924,small_key_fob,commercial_rfid_sleeve,32.0,7,8,0.0,False
SIMULATED DATA - NOT PHYSICAL RFID MEASUREMENTS,20260924,small_key_fob,commercial_rfid_sleeve,32.0,7,9,0.0,False
SIMULATED DATA - NOT PHYSICAL RFID MEASUREMENTS,20260924,small_key_fob,commercial_rfid_sleeve,32.0,7,10,0.0,False
SIMULATED DATA - NOT PHYSICAL RFID MEASUREMENTS,20260924,small_key_fob,commercial_rfid_sleeve,32.0,8,1,0.0,False
SIMULATED DATA - NOT PHYSICAL RFID MEASUREMENTS,20260924,small_key_fob,commercial_rfid_sleeve,32.0,8,2,0.0,False
SIMULATED DATA - NOT PHYSICAL RFID MEASUREMENTS,20260924,small_key_fob,commercial_rfid_sleeve,32.0,8,3,0.0,False
SIMULATED DATA - NOT PHYSICAL RFID MEASUREMENTS,20260924,small_key_fob,commercial_rfid_sleeve,32.0,8,4,0.0,False
SIMULATED DATA - NOT PHYSICAL RFID MEASUREMENTS,20260924,small_key_fob,commercial_rfid_sleeve,32.0,8,5,0.0,False
SIMULATED DATA - NOT PHYSICAL RFID MEASUREMENTS,20260924,small_key_fob,commercial_rfid_sleeve,32.0,8,6,0.0,False
SIMULATED DATA - NOT PHYSICAL RFID MEASUREMENTS,20260924,small_key_fob,commercial_rfid_sleeve,32.0,8,7,0.0,False
SIMULATED DATA - NOT PHYSICAL RFID MEASUREMENTS,20260924,small_key_fob,commercial_rfid_sleeve,32.0,8,8,0.0,False
SIMULATED DATA - NOT PHYSICAL RFID MEASUREMENTS,20260924,small_key_fob,commercial_rfid_sleeve,32.0,8,9,0.0,False
SIMULATED DATA - NOT PHYSICAL RFID MEASUREMENTS,20260924,small_key_fob,commercial_rfid_sleeve,32.0,8,10,0.0,False
SIMULATED DATA - NOT PHYSICAL RFID MEASUREMENTS,20260924,small_key_fob,commercial_rfid_sleeve,32.0,9,1,0.0,False
SIMULATED DATA - NOT PHYSICAL RFID MEASUREMENTS,20260924,small_key_fob,commercial_rfid_sleeve,32.0,9,2,0.0,False
SIMULATED DATA - NOT PHYSICAL RFID MEASUREMENTS,20260924,small_key_fob,commercial_rfid_sleeve,32.0,9,3,0.0,False
SIMULATED DATA - NOT PHYSICAL RFID MEASUREMENTS,20260924,small_key_fob,commercial_rfid_sleeve,32.0,9,4,0.0,False
SIMULATED DATA - NOT PHYSICAL RFID MEASUREMENTS,20260924,small_key_fob,commercial_rfid_sleeve,32.0,9,5,0.0,False
SIMULATED DATA - NOT PHYSICAL RFID MEASUREMENTS,20260924,small_key_fob,commercial_rfid_sleeve,32.0,9,6,0.0,False
SIMULATED DATA - NOT PHYSICAL RFID MEASUREMENTS,20260924,small_key_fob,commercial_rfid_sleeve,32.0,9,7,0.0,False
SIMULATED DATA - NOT PHYSICAL RFID MEASUREMENTS,20260924,small_key_fob,commercial_rfid_sleeve,32.0,9,8,0.0,False
SIMULATED DATA - NOT PHYSICAL RFID MEASUREMENTS,20260924,small_key_fob,commercial_rfid_sleeve,32.0,9,9,0.0,False
SIMULATED DATA - NOT PHYSICAL RFID MEASUREMENTS,20260924,small_key_fob,commercial_rfid_sleeve,32.0,9,10,0.0,False
SIMULATED DATA - NOT PHYSICAL RFID MEASUREMENTS,20260924,small_key_fob,commercial_rfid_sleeve,32.0,10,1,0.0,False
SIMULATED DATA - NOT PHYSICAL RFID MEASUREMENTS,20260924,small_key_fob,commercial_rfid_sleeve,32.0,10,2,0.0,False
SIMULATED DATA - NOT PHYSICAL RFID MEASUREMENTS,20260924,small_key_fob,commercial_rfid_sleeve,32.0,10,3,0.0,False
SIMULATED DATA - NOT PHYSICAL RFID MEASUREMENTS,20260924,small_key_fob,commercial_rfid_sleeve,32.0,10,4,0.0,False
SIMULATED DATA - NOT PHYSICAL RFID MEASUREMENTS,20260924,small_key_fob,commercial_rfid_sleeve,32.0,10,5,0.0,False
SIMULATED DATA - NOT PHYSICAL RFID MEASUREMENTS,20260924,small_key_fob,commercial_rfid_sleeve,32.0,10,6,0.0,False
SIMULATED DATA - NOT PHYSICAL RFID MEASUREMENTS,20260924,small_key_fob,commercial_rfid_sleeve,32.0,10,7,0.0,False
SIMULATED DATA - NOT PHYSICAL RFID MEASUREMENTS,20260924,small_key_fob,commercial_rfid_sleeve,32.0,10,8,0.0,False
SIMULATED DATA - NOT PHYSICAL RFID MEASUREMENTS,20260924,small_key_fob,commercial_rfid_sleeve,32.0,10,9,0.0,False
SIMULATED DATA - NOT PHYSICAL RFID MEASUREMENTS,20260924,small_key_fob,commercial_rfid_sleeve,32.0,10,10,0.0,False
SIMULATED DATA - NOT PHYSICAL RFID MEASUREMENTS,20260924,small_key_fob,commercial_rfid_sleeve,32.0,11,1,0.0,False
SIMULATED DATA - NOT PHYSICAL RFID MEASUREMENTS,20260924,small_key_fob,commercial_rfid_sleeve,32.0,11,2,0.0,False
SIMULATED DATA - NOT PHYSICAL RFID MEASUREMENTS,20260924,small_key_fob,commercial_rfid_sleeve,32.0,11,3,0.0,False
SIMULATED DATA - NOT PHYSICAL RFID MEASUREMENTS,20260924,small_key_fob,commercial_rfid_sleeve,32.0,11,4,0.0,False
SIMULATED DATA - NOT PHYSICAL RFID MEASUREMENTS,20260924,small_key_fob,commercial_rfid_sleeve,32.0,11,5,0.0,False
SIMULATED DATA - NOT PHYSICAL RFID MEASUREMENTS,20260924,small_key_fob,commercial_rfid_sleeve,32.0,11,6,0.0,False
SIMULATED DATA - NOT PHYSICAL RFID MEASUREMENTS,20260924,small_key_fob,commercial_rfid_sleeve,32.0,11,7,0.0,False
SIMULATED DATA - NOT PHYSICAL RFID MEASUREMENTS,20260924,small_key_fob,commercial_rfid_sleeve,32.0,11,8,0.0,False
SIMULATED DATA - NOT PHYSICAL RFID MEASUREMENTS,20260924,small_key_fob,commercial_rfid_sleeve,32.0,11,9,0.0,False
SIMULATED DATA - NOT PHYSICAL RFID MEASUREMENTS,20260924,small_key_fob,commercial_rfid_sleeve,32.0,11,10,0.0,False
SIMULATED DATA - NOT PHYSICAL RFID MEASUREMENTS,20260924,small_key_fob,commercial_rfid_sleeve,32.0,12,1,0.0,False
SIMULATED DATA - NOT PHYSICAL RFID MEASUREMENTS,20260924,small_key_fob,commercial_rfid_sleeve,32.0,12,2,0.0,False
SIMULATED DATA - NOT PHYSICAL RFID MEASUREMENTS,20260924,small_key_fob,commercial_rfid_sleeve,32.0,12,3,0.0,False
SIMULATED DATA - NOT PHYSICAL RFID MEASUREMENTS,20260924,small_key_fob,commercial_rfid_sleeve,32.0,12,4,0.0,False
SIMULATED DATA - NOT PHYSICAL RFID MEASUREMENTS,20260924,small_key_fob,commercial_rfid_sleeve,32.0,12,5,0.0,False
SIMULATED DATA - NOT PHYSICAL RFID MEASUREMENTS,20260924,small_key_fob,commercial_rfid_sleeve,32.0,12,6,0.0,False
SIMULATED DATA - NOT PHYSICAL RFID MEASUREMENTS,20260924,small_key_fob,commercial_rfid_sleeve,32.0,12,7,0.0,False
SIMULATED DATA - NOT PHYSICAL RFID MEASUREMENTS,20260924,small_key_fob,commercial_rfid_sleeve,32.0,12,8,0.0,False
SIMULATED DATA - NOT PHYSICAL RFID MEASUREMENTS,20260924,small_key_fob,commercial_rfid_sleeve,32.0,12,9,0.0,False
SIMULATED DATA - NOT PHYSICAL RFID MEASUREMENTS,20260924,small_key_fob,commercial_rfid_sleeve,32.0,12,10,0.0,False
SIMULATED DATA - NOT PHYSICAL RFID MEASUREMENTS,20260924,small_key_fob,commercial_rfid_sleeve,32.0,13,1,0.0,False
SIMULATED DATA - NOT PHYSICAL RFID MEASUREMENTS,20260924,small_key_fob,commercial_rfid_sleeve,32.0,13,2,0.0,False
SIMULATED DATA - NOT PHYSICAL RFID MEASUREMENTS,20260924,small_key_fob,commercial_rfid_sleeve,32.0,13,3,0.0,False
SIMULATED DATA - NOT PHYSICAL RFID MEASUREMENTS,20260924,small_key_fob,commercial_rfid_sleeve,32.0,13,4,0.0,False
SIMULATED DATA - NOT PHYSICAL RFID MEASUREMENTS,20260924,small_key_fob,commercial_rfid_sleeve,32.0,13,5,0.0,False
SIMULATED DATA - NOT PHYSICAL RFID MEASUREMENTS,20260924,small_key_fob,commercial_rfid_sleeve,32.0,13,6,0.0,False
SIMULATED DATA - NOT PHYSICAL RFID MEASUREMENTS,20260924,small_key_fob,commercial_rfid_sleeve,32.0,13,7,0.0,False
SIMULATED DATA - NOT PHYSICAL RFID MEASUREMENTS,20260924,small_key_fob,commercial_rfid_sleeve,32.0,13,8,0.0,False
SIMULATED DATA - NOT PHYSICAL RFID MEASUREMENTS,20260924,small_key_fob,commercial_rfid_sleeve,32.0,13,9,0.0,False
SIMULATED DATA - NOT PHYSICAL RFID MEASUREMENTS,20260924,small_key_fob,commercial_rfid_sleeve,32.0,13,10,0.0,False
SIMULATED DATA - NOT PHYSICAL RFID MEASUREMENTS,20260924,small_key_fob,commercial_rfid_sleeve,32.0,14,1,0.0,False
SIMULATED DATA - NOT PHYSICAL RFID MEASUREMENTS,20260924,small_key_fob,commercial_rfid_sleeve,32.0,14,2,0.0,False
SIMULATED DATA - NOT PHYSICAL RFID MEASUREMENTS,20260924,small_key_fob,commercial_rfid_sleeve,32.0,14,3,0.0,False
SIMULATED DATA - NOT PHYSICAL RFID MEASUREMENTS,20260924,small_key_fob,commercial_rfid_sleeve,32.0,14,4,0.0,False
SIMULATED DATA - NOT PHYSICAL RFID MEASUREMENTS,20260924,small_key_fob,commercial_rfid_sleeve,32.0,14,5,0.0,False
SIMULATED DATA - NOT PHYSICAL RFID MEASUREMENTS,20260924,small_key_fob,commercial_rfid_sleeve,32.0,14,6,0.0,False
SIMULATED DATA - NOT PHYSICAL RFID MEASUREMENTS,20260924,small_key_fob,commercial_rfid_sleeve,32.0,14,7,0.0,False
SIMULATED DATA - NOT PHYSICAL RFID MEASUREMENTS,20260924,small_key_fob,commercial_rfid_sleeve,32.0,14,8,0.0,False
SIMULATED DATA - NOT PHYSICAL RFID MEASUREMENTS,20260924,small_key_fob,commercial_rfid_sleeve,32.0,14,9,0.0,False
SIMULATED DATA - NOT PHYSICAL RFID MEASUREMENTS,20260924,small_key_fob,commercial_rfid_sleeve,32.0,14,10,0.0,False
SIMULATED DATA - NOT PHYSICAL RFID MEASUREMENTS,20260924,small_key_fob,commercial_rfid_sleeve,32.0,15,1,0.0,False
SIMULATED DATA - NOT PHYSICAL RFID MEASUREMENTS,20260924,small_key_fob,commercial_rfid_sleeve,32.0,15,2,0.0,False
SIMULATED DATA - NOT PHYSICAL RFID MEASUREMENTS,20260924,small_key_fob,commercial_rfid_sleeve,32.0,15,3,0.0,False
SIMULATED DATA - NOT PHYSICAL RFID MEASUREMENTS,20260924,small_key_fob,commercial_rfid_sleeve,32.0,15,4,0.0,False
SIMULATED DATA - NOT PHYSICAL RFID MEASUREMENTS,20260924,small_key_fob,commercial_rfid_sleeve,32.0,15,5,0.0,False
SIMULATED DATA - NOT PHYSICAL RFID MEASUREMENTS,20260924,small_key_fob,commercial_rfid_sleeve,32.0,15,6,0.0,False
SIMULATED DATA - NOT PHYSICAL RFID MEASUREMENTS,20260924,small_key_fob,commercial_rfid_sleeve,32.0,15,7,0.0,False
SIMULATED DATA - NOT PHYSICAL RFID MEASUREMENTS,20260924,small_key_fob,commercial_rfid_sleeve,32.0,15,8,0.0,False
SIMULATED DATA - NOT PHYSICAL RFID MEASUREMENTS,20260924,small_key_fob,commercial_rfid_sleeve,32.0,15,9,0.0,False
SIMULATED DATA - NOT PHYSICAL RFID MEASUREMENTS,20260924,small_key_fob,commercial_rfid_sleeve,32.0,15,10,0.0,False
SIMULATED DATA - NOT PHYSICAL RFID MEASUREMENTS,20260924,id_card,no_shield_control,0.0,1,1,0.99994,True
SIMULATED DATA - NOT PHYSICAL RFID MEASUREMENTS,20260924,id_card,no_shield_control,0.0,1,2,0.99994,True
SIMULATED DATA - NOT PHYSICAL RFID MEASUREMENTS,20260924,id_card,no_shield_control,0.0,1,3,0.99994,True
SIMULATED DATA - NOT PHYSICAL RFID MEASUREMENTS,20260924,id_card,no_shield_control,0.0,1,4,0.99994,True
SIMULATED DATA - NOT PHYSICAL RFID MEASUREMENTS,20260924,id_card,no_shield_control,0.0,1,5,0.99994,True
SIMULATED DATA - NOT PHYSICAL RFID MEASUREMENTS,20260924,id_card,no_shield_control,0.0,1,6,0.99994,True
SIMULATED DATA - NOT PHYSICAL RFID MEASUREMENTS,20260924,id_card,no_shield_control,0.0,1,7,0.99994,True
SIMULATED DATA - NOT PHYSICAL RFID MEASUREMENTS,20260924,id_card,no_shield_control,0.0,1,8,0.99994,True
SIMULATED DATA - NOT PHYSICAL RFID MEASUREMENTS,20260924,id_card,no_shield_control,0.0,1,9,0.99994,True
SIMULATED DATA - NOT PHYSICAL RFID MEASUREMENTS,20260924,id_card,no_shield_control,0.0,1,10,0.99994,True
SIMULATED DATA - NOT PHYSICAL RFID MEASUREMENTS,20260924,id_card,no_shield_control,0.0,2,1,0.99976,True
SIMULATED DATA - NOT PHYSICAL RFID MEASUREMENTS,20260924,id_card,no_shield_control,0.0,2,2,0.99976,True
SIMULATED DATA - NOT PHYSICAL RFID MEASUREMENTS,20260924,id_card,no_shield_control,0.0,2,3,0.99976,True
SIMULATED DATA - NOT PHYSICAL RFID MEASUREMENTS,20260924,id_card,no_shield_control,0.0,2,4,0.99976,True
SIMULATED DATA - NOT PHYSICAL RFID MEASUREMENTS,20260924,id_card,no_shield_control,0.0,2,5,0.99976,True
SIMULATED DATA - NOT PHYSICAL RFID MEASUREMENTS,20260924,id_card,no_shield_control,0.0,2,6,0.99976,True
SIMULATED DATA - NOT PHYSICAL RFID MEASUREMENTS,20260924,id_card,no_shield_control,0.0,2,7,0.99976,True
SIMULATED DATA - NOT PHYSICAL RFID MEASUREMENTS,20260924,id_card,no_shield_control,0.0,2,8,0.99976,True
SIMULATED DATA - NOT PHYSICAL RFID MEASUREMENTS,20260924,id_card,no_shield_control,0.0,2,9,0.99976,True
SIMULATED DATA - NOT PHYSICAL RFID MEASUREMENTS,20260924,id_card,no_shield_control,0.0,2,10,0.99976,True
SIMULATED DATA - NOT PHYSICAL RFID MEASUREMENTS,20260924,id_card,no_shield_control,0.0,3,1,0.999037,True
SIMULATED DATA - NOT PHYSICAL RFID MEASUREMENTS,20260924,id_card,no_shield_control,0.0,3,2,0.999037,True
SIMULATED DATA - NOT PHYSICAL RFID MEASUREMENTS,20260924,id_card,no_shield_control,0.0,3,3,0.999037,True
SIMULATED DATA - NOT PHYSICAL RFID MEASUREMENTS,20260924,id_card,no_shield_control,0.0,3,4,0.999037,True
SIMULATED DATA - NOT PHYSICAL RFID MEASUREMENTS,20260924,id_card,no_shield_control,0.0,3,5,0.999037,True
SIMULATED DATA - NOT PHYSICAL RFID MEASUREMENTS,20260924,id_card,no_shield_control,0.0,3,6,0.999037,True
SIMULATED DATA - NOT PHYSICAL RFID MEASUREMENTS,20260924,id_card,no_shield_control,0.0,3,7,0.999037,True
SIMULATED DATA - NOT PHYSICAL RFID MEASUREMENTS,20260924,id_card,no_shield_control,0.0,3,8,0.999037,True
SIMULATED DATA - NOT PHYSICAL RFID MEASUREMENTS,20260924,id_card,no_shield_control,0.0,3,9,0.999037,True
SIMULATED DATA - NOT PHYSICAL RFID MEASUREMENTS,20260924,id_card,no_shield_control,0.0,3,10,0.999037,True
SIMULATED DATA - NOT PHYSICAL RFID MEASUREMENTS,20260924,id_card,no_shield_control,0.0,4,1,0.996149,True
SIMULATED DATA - NOT PHYSICAL RFID MEASUREMENTS,20260924,id_card,no_shield_control,0.0,4,2,0.996149,True
SIMULATED DATA - NOT PHYSICAL RFID MEASUREMENTS,20260924,id_card,no_shield_control,0.0,4,3,0.996149,True
SIMULATED DATA - NOT PHYSICAL RFID MEASUREMENTS,20260924,id_card,no_shield_control,0.0,4,4,0.996149,True
SIMULATED DATA - NOT PHYSICAL RFID MEASUREMENTS,20260924,id_card,no_shield_control,0.0,4,5,0.996149,True
SIMULATED DATA - NOT PHYSICAL RFID MEASUREMENTS,20260924,id_card,no_shield_control,0.0,4,6,0.996149,True
SIMULATED DATA - NOT PHYSICAL RFID MEASUREMENTS,20260924,id_card,no_shield_control,0.0,4,7,0.996149,True
SIMULATED DATA - NOT PHYSICAL RFID MEASUREMENTS,20260924,id_card,no_shield_control,0.0,4,8,0.996149,True
SIMULATED DATA - NOT PHYSICAL RFID MEASUREMENTS,20260924,id_card,no_shield_control,0.0,4,9,0.996149,True
SIMULATED DATA - NOT PHYSICAL RFID MEASUREMENTS,20260924,id_card,no_shield_control,0.0,4,10,0.996149,True
SIMULATED DATA - NOT PHYSICAL RFID MEASUREMENTS,20260924,id_card,no_shield_control,0.0,5,1,0.984733,True
SIMULATED DATA - NOT PHYSICAL RFID MEASUREMENTS,20260924,id_card,no_shield_control,0.0,5,2,0.984733,True
SIMULATED DATA - NOT PHYSICAL RFID MEASUREMENTS,20260924,id_card,no_shield_control,0.0,5,3,0.984733,True
SIMULATED DATA - NOT PHYSICAL RFID MEASUREMENTS,20260924,id_card,no_shield_control,0.0,5,4,0.984733,True
SIMULATED DATA - NOT PHYSICAL RFID MEASUREMENTS,20260924,id_card,no_shield_control,0.0,5,5,0.984733,True
SIMULATED DATA - NOT PHYSICAL RFID MEASUREMENTS,20260924,id_card,no_shield_control,0.0,5,6,0.984733,True
SIMULATED DATA - NOT PHYSICAL RFID MEASUREMENTS,20260924,id_card,no_shield_control,0.0,5,7,0.984733,True
SIMULATED DATA - NOT PHYSICAL RFID MEASUREMENTS,20260924,id_card,no_shield_control,0.0,5,8,0.984733,True
SIMULATED DATA - NOT PHYSICAL RFID MEASUREMENTS,20260924,id_card,no_shield_control,0.0,5,9,0.984733,True
SIMULATED DATA - NOT PHYSICAL RFID MEASUREMENTS,20260924,id_card,no_shield_control,0.0,5,10,0.984733,True
SIMULATED DATA - NOT PHYSICAL RFID MEASUREMENTS,20260924,id_card,no_shield_control,0.0,6,1,0.941463,True
SIMULATED DATA - NOT PHYSICAL RFID MEASUREMENTS,20260924,id_card,no_shield_control,0.0,6,2,0.941463,True
SIMULATED DATA - NOT PHYSICAL RFID MEASUREMENTS,20260924,id_card,no_shield_control,0.0,6,3,0.941463,False
SIMULATED DATA - NOT PHYSICAL RFID MEASUREMENTS,20260924,id_card,no_shield_control,0.0,6,4,0.941463,True
SIMULATED DATA - NOT PHYSICAL RFID MEASUREMENTS,20260924,id_card,no_shield_control,0.0,6,5,0.941463,True
SIMULATED DATA - NOT PHYSICAL RFID MEASUREMENTS,20260924,id_card,no_shield_control,0.0,6,6,0.941463,True
SIMULATED DATA - NOT PHYSICAL RFID MEASUREMENTS,20260924,id_card,no_shield_control,0.0,6,7,0.941463,True
SIMULATED DATA - NOT PHYSICAL RFID MEASUREMENTS,20260924,id_card,no_shield_control,0.0,6,8,0.941463,True
SIMULATED DATA - NOT PHYSICAL RFID MEASUREMENTS,20260924,id_card,no_shield_control,0.0,6,9,0.941463,True
SIMULATED DATA - NOT PHYSICAL RFID MEASUREMENTS,20260924,id_card,no_shield_control,0.0,6,10,0.941463,True
SIMULATED DATA - NOT PHYSICAL RFID MEASUREMENTS,20260924,id_card,no_shield_control,0.0,7,1,0.800415,False
SIMULATED DATA - NOT PHYSICAL RFID MEASUREMENTS,20260924,id_card,no_shield_control,0.0,7,2,0.800415,True
SIMULATED DATA - NOT PHYSICAL RFID MEASUREMENTS,20260924,id_card,no_shield_control,0.0,7,3,0.800415,False
SIMULATED DATA - NOT PHYSICAL RFID MEASUREMENTS,20260924,id_card,no_shield_control,0.0,7,4,0.800415,True
SIMULATED DATA - NOT PHYSICAL RFID MEASUREMENTS,20260924,id_card,no_shield_control,0.0,7,5,0.800415,True
SIMULATED DATA - NOT PHYSICAL RFID MEASUREMENTS,20260924,id_card,no_shield_control,0.0,7,6,0.800415,True
SIMULATED DATA - NOT PHYSICAL RFID MEASUREMENTS,20260924,id_card,no_shield_control,0.0,7,7,0.800415,True
SIMULATED DATA - NOT PHYSICAL RFID MEASUREMENTS,20260924,id_card,no_shield_control,0.0,7,8,0.800415,True
SIMULATED DATA - NOT PHYSICAL RFID MEASUREMENTS,20260924,id_card,no_shield_control,0.0,7,9,0.800415,True
SIMULATED DATA - NOT PHYSICAL RFID MEASUREMENTS,20260924,id_card,no_shield_control,0.0,7,10,0.800415,True
SIMULATED DATA - NOT PHYSICAL RFID MEASUREMENTS,20260924,id_card,no_shield_control,0.0,8,1,0.5,True
SIMULATED DATA - NOT PHYSICAL RFID MEASUREMENTS,20260924,id_card,no_shield_control,0.0,8,2,0.5,False
SIMULATED DATA - NOT PHYSICAL RFID MEASUREMENTS,20260924,id_card,no_shield_control,0.0,8,3,0.5,False
SIMULATED DATA - NOT PHYSICAL RFID MEASUREMENTS,20260924,id_card,no_shield_control,0.0,8,4,0.5,False
SIMULATED DATA - NOT PHYSICAL RFID MEASUREMENTS,20260924,id_card,no_shield_control,0.0,8,5,0.5,False
SIMULATED DATA - NOT PHYSICAL RFID MEASUREMENTS,20260924,id_card,no_shield_control,0.0,8,6,0.5,False
SIMULATED DATA - NOT PHYSICAL RFID MEASUREMENTS,20260924,id_card,no_shield_control,0.0,8,7,0.5,False
SIMULATED DATA - NOT PHYSICAL RFID MEASUREMENTS,20260924,id_card,no_shield_control,0.0,8,8,0.5,True
SIMULATED DATA - NOT PHYSICAL RFID MEASUREMENTS,20260924,id_card,no_shield_control,0.0,8,9,0.5,False
SIMULATED DATA - NOT PHYSICAL RFID MEASUREMENTS,20260924,id_card,no_shield_control,0.0,8,10,0.5,True
SIMULATED DATA - NOT PHYSICAL RFID MEASUREMENTS,20260924,id_card,no_shield_control,0.0,9,1,0.199585,True
SIMULATED DATA - NOT PHYSICAL RFID MEASUREMENTS,20260924,id_card,no_shield_control,0.0,9,2,0.199585,True
SIMULATED DATA - NOT PHYSICAL RFID MEASUREMENTS,20260924,id_card,no_shield_control,0.0,9,3,0.199585,True
SIMULATED DATA - NOT PHYSICAL RFID MEASUREMENTS,20260924,id_card,no_shield_control,0.0,9,4,0.199585,True
SIMULATED DATA - NOT PHYSICAL RFID MEASUREMENTS,20260924,id_card,no_shield_control,0.0,9,5,0.199585,False
SIMULATED DATA - NOT PHYSICAL RFID MEASUREMENTS,20260924,id_card,no_shield_control,0.0,9,6,0.199585,False
SIMULATED DATA - NOT PHYSICAL RFID MEASUREMENTS,20260924,id_card,no_shield_control,0.0,9,7,0.199585,False
SIMULATED DATA - NOT PHYSICAL RFID MEASUREMENTS,20260924,id_card,no_shield_control,0.0,9,8,0.199585,False
SIMULATED DATA - NOT PHYSICAL RFID MEASUREMENTS,20260924,id_card,no_shield_control,0.0,9,9,0.199585,False
SIMULATED DATA - NOT PHYSICAL RFID MEASUREMENTS,20260924,id_card,no_shield_control,0.0,9,10,0.199585,False
SIMULATED DATA - NOT PHYSICAL RFID MEASUREMENTS,20260924,id_card,no_shield_control,0.0,10,1,0.058537,False
SIMULATED DATA - NOT PHYSICAL RFID MEASUREMENTS,20260924,id_card,no_shield_control,0.0,10,2,0.058537,False
SIMULATED DATA - NOT PHYSICAL RFID MEASUREMENTS,20260924,id_card,no_shield_control,0.0,10,3,0.058537,False
SIMULATED DATA - NOT PHYSICAL RFID MEASUREMENTS,20260924,id_card,no_shield_control,0.0,10,4,0.058537,False
SIMULATED DATA - NOT PHYSICAL RFID MEASUREMENTS,20260924,id_card,no_shield_control,0.0,10,5,0.058537,False
SIMULATED DATA - NOT PHYSICAL RFID MEASUREMENTS,20260924,id_card,no_shield_control,0.0,10,6,0.058537,True
SIMULATED DATA - NOT PHYSICAL RFID MEASUREMENTS,20260924,id_card,no_shield_control,0.0,10,7,0.058537,False
SIMULATED DATA - NOT PHYSICAL RFID MEASUREMENTS,20260924,id_card,no_shield_control,0.0,10,8,0.058537,False
SIMULATED DATA - NOT PHYSICAL RFID MEASUREMENTS,20260924,id_card,no_shield_control,0.0,10,9,0.058537,False
SIMULATED DATA - NOT PHYSICAL RFID MEASUREMENTS,20260924,id_card,no_shield_control,0.0,10,10,0.058537,False
SIMULATED DATA - NOT PHYSICAL RFID MEASUREMENTS,20260924,id_card,no_shield_control,0.0,11,1,0.015267,False
SIMULATED DATA - NOT PHYSICAL RFID MEASUREMENTS,20260924,id_card,no_shield_control,0.0,11,2,0.015267,False
SIMULATED DATA - NOT PHYSICAL RFID MEASUREMENTS,20260924,id_card,no_shield_control,0.0,11,3,0.015267,False
SIMULATED DATA - NOT PHYSICAL RFID MEASUREMENTS,20260924,id_card,no_shield_control,0.0,11,4,0.015267,False
SIMULATED DATA - NOT PHYSICAL RFID MEASUREMENTS,20260924,id_card,no_shield_control,0.0,11,5,0.015267,False
SIMULATED DATA - NOT PHYSICAL RFID MEASUREMENTS,20260924,id_card,no_shield_control,0.0,11,6,0.015267,False
SIMULATED DATA - NOT PHYSICAL RFID MEASUREMENTS,20260924,id_card,no_shield_control,0.0,11,7,0.015267,False
SIMULATED DATA - NOT PHYSICAL RFID MEASUREMENTS,20260924,id_card,no_shield_control,0.0,11,8,0.015267,False
SIMULATED DATA - NOT PHYSICAL RFID MEASUREMENTS,20260924,id_card,no_shield_control,0.0,11,9,0.015267,False
SIMULATED DATA - NOT PHYSICAL RFID MEASUREMENTS,20260924,id_card,no_shield_control,0.0,11,10,0.015267,False
SIMULATED DATA - NOT PHYSICAL RFID MEASUREMENTS,20260924,id_card,no_shield_control,0.0,12,1,0.003851,False
SIMULATED DATA - NOT PHYSICAL RFID MEASUREMENTS,20260924,id_card,no_shield_control,0.0,12,2,0.003851,False
SIMULATED DATA - NOT PHYSICAL RFID MEASUREMENTS,20260924,id_card,no_shield_control,0.0,12,3,0.003851,False
SIMULATED DATA - NOT PHYSICAL RFID MEASUREMENTS,20260924,id_card,no_shield_control,0.0,12,4,0.003851,False
SIMULATED DATA - NOT PHYSICAL RFID MEASUREMENTS,20260924,id_card,no_shield_control,0.0,12,5,0.003851,False
SIMULATED DATA - NOT PHYSICAL RFID MEASUREMENTS,20260924,id_card,no_shield_control,0.0,12,6,0.003851,False
SIMULATED DATA - NOT PHYSICAL RFID MEASUREMENTS,20260924,id_card,no_shield_control,0.0,12,7,0.003851,False
SIMULATED DATA - NOT PHYSICAL RFID MEASUREMENTS,20260924,id_card,no_shield_control,0.0,12,8,0.003851,False
SIMULATED DATA - NOT PHYSICAL RFID MEASUREMENTS,20260924,id_card,no_shield_control,0.0,12,9,0.003851,False
SIMULATED DATA - NOT PHYSICAL RFID MEASUREMENTS,20260924,id_card,no_shield_control,0.0,12,10,0.003851,False
SIMULATED DATA - NOT PHYSICAL RFID MEASUREMENTS,20260924,id_card,no_shield_control,0.0,13,1,0.000963,False
SIMULATED DATA - NOT PHYSICAL RFID MEASUREMENTS,20260924,id_card,no_shield_control,0.0,13,2,0.000963,False
SIMULATED DATA - NOT PHYSICAL RFID MEASUREMENTS,20260924,id_card,no_shield_control,0.0,13,3,0.000963,False
SIMULATED DATA - NOT PHYSICAL RFID MEASUREMENTS,20260924,id_card,no_shield_control,0.0,13,4,0.000963,False
SIMULATED DATA - NOT PHYSICAL RFID MEASUREMENTS,20260924,id_card,no_shield_control,0.0,13,5,0.000963,False
SIMULATED DATA - NOT PHYSICAL RFID MEASUREMENTS,20260924,id_card,no_shield_control,0.0,13,6,0.000963,False
SIMULATED DATA - NOT PHYSICAL RFID MEASUREMENTS,20260924,id_card,no_shield_control,0.0,13,7,0.000963,False
SIMULATED DATA - NOT PHYSICAL RFID MEASUREMENTS,20260924,id_card,no_shield_control,0.0,13,8,0.000963,False
SIMULATED DATA - NOT PHYSICAL RFID MEASUREMENTS,20260924,id_card,no_shield_control,0.0,13,9,0.000963,False
SIMULATED DATA - NOT PHYSICAL RFID MEASUREMENTS,20260924,id_card,no_shield_control,0.0,13,10,0.000963,False
SIMULATED DATA - NOT PHYSICAL RFID MEASUREMENTS,20260924,id_card,no_shield_control,0.0,14,1,0.00024,False
SIMULATED DATA - NOT PHYSICAL RFID MEASUREMENTS,20260924,id_card,no_shield_control,0.0,14,2,0.00024,False
SIMULATED DATA - NOT PHYSICAL RFID MEASUREMENTS,20260924,id_card,no_shield_control,0.0,14,3,0.00024,False
SIMULATED DATA - NOT PHYSICAL RFID MEASUREMENTS,20260924,id_card,no_shield_control,0.0,14,4,0.00024,False
SIMULATED DATA - NOT PHYSICAL RFID MEASUREMENTS,20260924,id_card,no_shield_control,0.0,14,5,0.00024,False
SIMULATED DATA - NOT PHYSICAL RFID MEASUREMENTS,20260924,id_card,no_shield_control,0.0,14,6,0.00024,False
SIMULATED DATA - NOT PHYSICAL RFID MEASUREMENTS,20260924,id_card,no_shield_control,0.0,14,7,0.00024,False
SIMULATED DATA - NOT PHYSICAL RFID MEASUREMENTS,20260924,id_card,no_shield_control,0.0,14,8,0.00024,False
SIMULATED DATA - NOT PHYSICAL RFID MEASUREMENTS,20260924,id_card,no_shield_control,0.0,14,9,0.00024,False
SIMULATED DATA - NOT PHYSICAL RFID MEASUREMENTS,20260924,id_card,no_shield_control,0.0,14,10,0.00024,False
SIMULATED DATA - NOT PHYSICAL RFID MEASUREMENTS,20260924,id_card,no_shield_control,0.0,15,1,6e-05,False
SIMULATED DATA - NOT PHYSICAL RFID MEASUREMENTS,20260924,id_card,no_shield_control,0.0,15,2,6e-05,False
SIMULATED DATA - NOT PHYSICAL RFID MEASUREMENTS,20260924,id_card,no_shield_control,0.0,15,3,6e-05,False
SIMULATED DATA - NOT PHYSICAL RFID MEASUREMENTS,20260924,id_card,no_shield_control,0.0,15,4,6e-05,False
SIMULATED DATA - NOT PHYSICAL RFID MEASUREMENTS,20260924,id_card,no_shield_control,0.0,15,5,6e-05,False
SIMULATED DATA - NOT PHYSICAL RFID MEASUREMENTS,20260924,id_card,no_shield_control,0.0,15,6,6e-05,False
SIMULATED DATA - NOT PHYSICAL RFID MEASUREMENTS,20260924,id_card,no_shield_control,0.0,15,7,6e-05,False
SIMULATED DATA - NOT PHYSICAL RFID MEASUREMENTS,20260924,id_card,no_shield_control,0.0,15,8,6e-05,False
SIMULATED DATA - NOT PHYSICAL RFID MEASUREMENTS,20260924,id_card,no_shield_control,0.0,15,9,6e-05,False
SIMULATED DATA - NOT PHYSICAL RFID MEASUREMENTS,20260924,id_card,no_shield_control,0.0,15,10,6e-05,False
SIMULATED DATA - NOT PHYSICAL RFID MEASUREMENTS,20260924,id_card,paper,0.2,1,1,0.999939,True
SIMULATED DATA - NOT PHYSICAL RFID MEASUREMENTS,20260924,id_card,paper,0.2,1,2,0.999939,True
SIMULATED DATA - NOT PHYSICAL RFID MEASUREMENTS,20260924,id_card,paper,0.2,1,3,0.999939,True
SIMULATED DATA - NOT PHYSICAL RFID MEASUREMENTS,20260924,id_card,paper,0.2,1,4,0.999939,True
SIMULATED DATA - NOT PHYSICAL RFID MEASUREMENTS,20260924,id_card,paper,0.2,1,5,0.999939,True
SIMULATED DATA - NOT PHYSICAL RFID MEASUREMENTS,20260924,id_card,paper,0.2,1,6,0.999939,True
SIMULATED DATA - NOT PHYSICAL RFID MEASUREMENTS,20260924,id_card,paper,0.2,1,7,0.999939,True
SIMULATED DATA - NOT PHYSICAL RFID MEASUREMENTS,20260924,id_card,paper,0.2,1,8,0.999939,True
SIMULATED DATA - NOT PHYSICAL RFID MEASUREMENTS,20260924,id_card,paper,0.2,1,9,0.999939,True
SIMULATED DATA - NOT PHYSICAL RFID MEASUREMENTS,20260924,id_card,paper,0.2,1,10,0.999939,True
SIMULATED DATA - NOT PHYSICAL RFID MEASUREMENTS,20260924,id_card,paper,0.2,2,1,0.999754,True
SIMULATED DATA - NOT PHYSICAL RFID MEASUREMENTS,20260924,id_card,paper,0.2,2,2,0.999754,True
SIMULATED DATA - NOT PHYSICAL RFID MEASUREMENTS,20260924,id_card,paper,0.2,2,3,0.999754,True
SIMULATED DATA - NOT PHYSICAL RFID MEASUREMENTS,20260924,id_card,paper,0.2,2,4,0.999754,True
SIMULATED DATA - NOT PHYSICAL RFID MEASUREMENTS,20260924,id_card,paper,0.2,2,5,0.999754,True
SIMULATED DATA - NOT PHYSICAL RFID MEASUREMENTS,20260924,id_card,paper,0.2,2,6,0.999754,True
SIMULATED DATA - NOT PHYSICAL RFID MEASUREMENTS,20260924,id_card,paper,0.2,2,7,0.999754,True
SIMULATED DATA - NOT PHYSICAL RFID MEASUREMENTS,20260924,id_card,paper,0.2,2,8,0.999754,True
SIMULATED DATA - NOT PHYSICAL RFID MEASUREMENTS,20260924,id_card,paper,0.2,2,9,0.999754,True
SIMULATED DATA - NOT PHYSICAL RFID MEASUREMENTS,20260924,id_card,paper,0.2,2,10,0.999754,True
SIMULATED DATA - NOT PHYSICAL RFID MEASUREMENTS,20260924,id_card,paper,0.2,3,1,0.999006,True
SIMULATED DATA - NOT PHYSICAL RFID MEASUREMENTS,20260924,id_card,paper,0.2,3,2,0.999006,True
SIMULATED DATA - NOT PHYSICAL RFID MEASUREMENTS,20260924,id_card,paper,0.2,3,3,0.999006,True
SIMULATED DATA - NOT PHYSICAL RFID MEASUREMENTS,20260924,id_card,paper,0.2,3,4,0.999006,True
SIMULATED DATA - NOT PHYSICAL RFID MEASUREMENTS,20260924,id_card,paper,0.2,3,5,0.999006,True
SIMULATED DATA - NOT PHYSICAL RFID MEASUREMENTS,20260924,id_card,paper,0.2,3,6,0.999006,True
SIMULATED DATA - NOT PHYSICAL RFID MEASUREMENTS,20260924,id_card,paper,0.2,3,7,0.999006,True
SIMULATED DATA - NOT PHYSICAL RFID MEASUREMENTS,20260924,id_card,paper,0.2,3,8,0.999006,True
SIMULATED DATA - NOT PHYSICAL RFID MEASUREMENTS,20260924,id_card,paper,0.2,3,9,0.999006,True
SIMULATED DATA - NOT PHYSICAL RFID MEASUREMENTS,20260924,id_card,paper,0.2,3,10,0.999006,True
SIMULATED DATA - NOT PHYSICAL RFID MEASUREMENTS,20260924,id_card,paper,0.2,4,1,0.995981,True
SIMULATED DATA - NOT PHYSICAL RFID MEASUREMENTS,20260924,id_card,paper,0.2,4,2,0.995981,True
SIMULATED DATA - NOT PHYSICAL RFID MEASUREMENTS,20260924,id_card,paper,0.2,4,3,0.995981,True
SIMULATED DATA - NOT PHYSICAL RFID MEASUREMENTS,20260924,id_card,paper,0.2,4,4,0.995981,True
SIMULATED DATA - NOT PHYSICAL RFID MEASUREMENTS,20260924,id_card,paper,0.2,4,5,0.995981,True
SIMULATED DATA - NOT PHYSICAL RFID MEASUREMENTS,20260924,id_card,paper,0.2,4,6,0.995981,True
SIMULATED DATA - NOT PHYSICAL RFID MEASUREMENTS,20260924,id_card,paper,0.2,4,7,0.995981,True
SIMULATED DATA - NOT PHYSICAL RFID MEASUREMENTS,20260924,id_card,paper,0.2,4,8,0.995981,True
SIMULATED DATA - NOT PHYSICAL RFID MEASUREMENTS,20260924,id_card,paper,0.2,4,9,0.995981,True
SIMULATED DATA - NOT PHYSICAL RFID MEASUREMENTS,20260924,id_card,paper,0.2,4,10,0.995981,True
SIMULATED DATA - NOT PHYSICAL RFID MEASUREMENTS,20260924,id_card,paper,0.2,5,1,0.983907,True
SIMULATED DATA - NOT PHYSICAL RFID MEASUREMENTS,20260924,id_card,paper,0.2,5,2,0.983907,True
SIMULATED DATA - NOT PHYSICAL RFID MEASUREMENTS,20260924,id_card,paper,0.2,5,3,0.983907,True
SIMULATED DATA - NOT PHYSICAL RFID MEASUREMENTS,20260924,id_card,paper,0.2,5,4,0.983907,True
SIMULATED DATA - NOT PHYSICAL RFID MEASUREMENTS,20260924,id_card,paper,0.2,5,5,0.983907,True
SIMULATED DATA - NOT PHYSICAL RFID MEASUREMENTS,20260924,id_card,paper,0.2,5,6,0.983907,True
SIMULATED DATA - NOT PHYSICAL RFID MEASUREMENTS,20260924,id_card,paper,0.2,5,7,0.983907,True
SIMULATED DATA - NOT PHYSICAL RFID MEASUREMENTS,20260924,id_card,paper,0.2,5,8,0.983907,True
SIMULATED DATA - NOT PHYSICAL RFID MEASUREMENTS,20260924,id_card,paper,0.2,5,9,0.983907,True
SIMULATED DATA - NOT PHYSICAL RFID MEASUREMENTS,20260924,id_card,paper,0.2,5,10,0.983907,True
SIMULATED DATA - NOT PHYSICAL RFID MEASUREMENTS,20260924,id_card,paper,0.2,6,1,0.937823,True
SIMULATED DATA - NOT PHYSICAL RFID MEASUREMENTS,20260924,id_card,paper,0.2,6,2,0.937823,True
SIMULATED DATA - NOT PHYSICAL RFID MEASUREMENTS,20260924,id_card,paper,0.2,6,3,0.937823,True
SIMULATED DATA - NOT PHYSICAL RFID MEASUREMENTS,20260924,id_card,paper,0.2,6,4,0.937823,True
SIMULATED DATA - NOT PHYSICAL RFID MEASUREMENTS,20260924,id_card,paper,0.2,6,5,0.937823,True
SIMULATED DATA - NOT PHYSICAL RFID MEASUREMENTS,20260924,id_card,paper,0.2,6,6,0.937823,True
SIMULATED DATA - NOT PHYSICAL RFID MEASUREMENTS,20260924,id_card,paper,0.2,6,7,0.937823,True
SIMULATED DATA - NOT PHYSICAL RFID MEASUREMENTS,20260924,id_card,paper,0.2,6,8,0.937823,True
SIMULATED DATA - NOT PHYSICAL RFID MEASUREMENTS,20260924,id_card,paper,0.2,6,9,0.937823,True
SIMULATED DATA - NOT PHYSICAL RFID MEASUREMENTS,20260924,id_card,paper,0.2,6,10,0.937823,True
SIMULATED DATA - NOT PHYSICAL RFID MEASUREMENTS,20260924,id_card,paper,0.2,7,1,0.788179,True
SIMULATED DATA - NOT PHYSICAL RFID MEASUREMENTS,20260924,id_card,paper,0.2,7,2,0.788179,True
SIMULATED DATA - NOT PHYSICAL RFID MEASUREMENTS,20260924,id_card,paper,0.2,7,3,0.788179,True
SIMULATED DATA - NOT PHYSICAL RFID MEASUREMENTS,20260924,id_card,paper,0.2,7,4,0.788179,True
SIMULATED DATA - NOT PHYSICAL RFID MEASUREMENTS,20260924,id_card,paper,0.2,7,5,0.788179,True
SIMULATED DATA - NOT PHYSICAL RFID MEASUREMENTS,20260924,id_card,paper,0.2,7,6,0.788179,True
SIMULATED DATA - NOT PHYSICAL RFID MEASUREMENTS,20260924,id_card,paper,0.2,7,7,0.788179,True
SIMULATED DATA - NOT PHYSICAL RFID MEASUREMENTS,20260924,id_card,paper,0.2,7,8,0.788179,True
SIMULATED DATA - NOT PHYSICAL RFID MEASUREMENTS,20260924,id_card,paper,0.2,7,9,0.788179,True
SIMULATED DATA - NOT PHYSICAL RFID MEASUREMENTS,20260924,id_card,paper,0.2,7,10,0.788179,False
SIMULATED DATA - NOT PHYSICAL RFID MEASUREMENTS,20260924,id_card,paper,0.2,8,1,0.478611,False
SIMULATED DATA - NOT PHYSICAL RFID MEASUREMENTS,20260924,id_card,paper,0.2,8,2,0.478611,True
SIMULATED DATA - NOT PHYSICAL RFID MEASUREMENTS,20260924,id_card,paper,0.2,8,3,0.478611,True
SIMULATED DATA - NOT PHYSICAL RFID MEASUREMENTS,20260924,id_card,paper,0.2,8,4,0.478611,True
SIMULATED DATA - NOT PHYSICAL RFID MEASUREMENTS,20260924,id_card,paper,0.2,8,5,0.478611,False
SIMULATED DATA - NOT PHYSICAL RFID MEASUREMENTS,20260924,id_card,paper,0.2,8,6,0.478611,False
SIMULATED DATA - NOT PHYSICAL RFID MEASUREMENTS,20260924,id_card,paper,0.2,8,7,0.478611,True
SIMULATED DATA - NOT PHYSICAL RFID MEASUREMENTS,20260924,id_card,paper,0.2,8,8,0.478611,True
SIMULATED DATA - NOT PHYSICAL RFID MEASUREMENTS,20260924,id_card,paper,0.2,8,9,0.478611,False
SIMULATED DATA - NOT PHYSICAL RFID MEASUREMENTS,20260924,id_card,paper,0.2,8,10,0.478611,True
SIMULATED DATA - NOT PHYSICAL RFID MEASUREMENTS,20260924,id_card,paper,0.2,9,1,0.184643,True
SIMULATED DATA - NOT PHYSICAL RFID MEASUREMENTS,20260924,id_card,paper,0.2,9,2,0.184643,False
SIMULATED DATA - NOT PHYSICAL RFID MEASUREMENTS,20260924,id_card,paper,0.2,9,3,0.184643,False
SIMULATED DATA - NOT PHYSICAL RFID MEASUREMENTS,20260924,id_card,paper,0.2,9,4,0.184643,True
SIMULATED DATA - NOT PHYSICAL RFID MEASUREMENTS,20260924,id_card,paper,0.2,9,5,0.184643,True
SIMULATED DATA - NOT PHYSICAL RFID MEASUREMENTS,20260924,id_card,paper,0.2,9,6,0.184643,True
SIMULATED DATA - NOT PHYSICAL RFID MEASUREMENTS,20260924,id_card,paper,0.2,9,7,0.184643,False
SIMULATED DATA - NOT PHYSICAL RFID MEASUREMENTS,20260924,id_card,paper,0.2,9,8,0.184643,False
SIMULATED DATA - NOT PHYSICAL RFID MEASUREMENTS,20260924,id_card,paper,0.2,9,9,0.184643,True
SIMULATED DATA - NOT PHYSICAL RFID MEASUREMENTS,20260924,id_card,paper,0.2,9,10,0.184643,False
SIMULATED DATA - NOT PHYSICAL RFID MEASUREMENTS,20260924,id_card,paper,0.2,10,1,0.052911,False
SIMULATED DATA - NOT PHYSICAL RFID MEASUREMENTS,20260924,id_card,paper,0.2,10,2,0.052911,False
SIMULATED DATA - NOT PHYSICAL RFID MEASUREMENTS,20260924,id_card,paper,0.2,10,3,0.052911,False
SIMULATED DATA - NOT PHYSICAL RFID MEASUREMENTS,20260924,id_card,paper,0.2,10,4,0.052911,False
SIMULATED DATA - NOT PHYSICAL RFID MEASUREMENTS,20260924,id_card,paper,0.2,10,5,0.052911,False
SIMULATED DATA - NOT PHYSICAL RFID MEASUREMENTS,20260924,id_card,paper,0.2,10,6,0.052911,False
SIMULATED DATA - NOT PHYSICAL RFID MEASUREMENTS,20260924,id_card,paper,0.2,10,7,0.052911,False
SIMULATED DATA - NOT PHYSICAL RFID MEASUREMENTS,20260924,id_card,paper,0.2,10,8,0.052911,False
SIMULATED DATA - NOT PHYSICAL RFID MEASUREMENTS,20260924,id_card,paper,0.2,10,9,0.052911,False
SIMULATED DATA - NOT PHYSICAL RFID MEASUREMENTS,20260924,id_card,paper,0.2,10,10,0.052911,False
SIMULATED DATA - NOT PHYSICAL RFID MEASUREMENTS,20260924,id_card,paper,0.2,11,1,0.013595,False
SIMULATED DATA - NOT PHYSICAL RFID MEASUREMENTS,20260924,id_card,paper,0.2,11,2,0.013595,False
SIMULATED DATA - NOT PHYSICAL RFID MEASUREMENTS,20260924,id_card,paper,0.2,11,3,0.013595,False
SIMULATED DATA - NOT PHYSICAL RFID MEASUREMENTS,20260924,id_card,paper,0.2,11,4,0.013595,False
SIMULATED DATA - NOT PHYSICAL RFID MEASUREMENTS,20260924,id_card,paper,0.2,11,5,0.013595,False
SIMULATED DATA - NOT PHYSICAL RFID MEASUREMENTS,20260924,id_card,paper,0.2,11,6,0.013595,False
SIMULATED DATA - NOT PHYSICAL RFID MEASUREMENTS,20260924,id_card,paper,0.2,11,7,0.013595,False
SIMULATED DATA - NOT PHYSICAL RFID MEASUREMENTS,20260924,id_card,paper,0.2,11,8,0.013595,False
SIMULATED DATA - NOT PHYSICAL RFID MEASUREMENTS,20260924,id_card,paper,0.2,11,9,0.013595,False
SIMULATED DATA - NOT PHYSICAL RFID MEASUREMENTS,20260924,id_card,paper,0.2,11,10,0.013595,False
SIMULATED DATA - NOT PHYSICAL RFID MEASUREMENTS,20260924,id_card,paper,0.2,12,1,0.003389,False
SIMULATED DATA - NOT PHYSICAL RFID MEASUREMENTS,20260924,id_card,paper,0.2,12,2,0.003389,False
SIMULATED DATA - NOT PHYSICAL RFID MEASUREMENTS,20260924,id_card,paper,0.2,12,3,0.003389,False
SIMULATED DATA - NOT PHYSICAL RFID MEASUREMENTS,20260924,id_card,paper,0.2,12,4,0.003389,False
SIMULATED DATA - NOT PHYSICAL RFID MEASUREMENTS,20260924,id_card,paper,0.2,12,5,0.003389,False
SIMULATED DATA - NOT PHYSICAL RFID MEASUREMENTS,20260924,id_card,paper,0.2,12,6,0.003389,False
SIMULATED DATA - NOT PHYSICAL RFID MEASUREMENTS,20260924,id_card,paper,0.2,12,7,0.003389,False
SIMULATED DATA - NOT PHYSICAL RFID MEASUREMENTS,20260924,id_card,paper,0.2,12,8,0.003389,False
SIMULATED DATA - NOT PHYSICAL RFID MEASUREMENTS,20260924,id_card,paper,0.2,12,9,0.003389,False
SIMULATED DATA - NOT PHYSICAL RFID MEASUREMENTS,20260924,id_card,paper,0.2,12,10,0.003389,False
SIMULATED DATA - NOT PHYSICAL RFID MEASUREMENTS,20260924,id_card,paper,0.2,13,1,0.000838,False
SIMULATED DATA - NOT PHYSICAL RFID MEASUREMENTS,20260924,id_card,paper,0.2,13,2,0.000838,False
SIMULATED DATA - NOT PHYSICAL RFID MEASUREMENTS,20260924,id_card,paper,0.2,13,3,0.000838,False
SIMULATED DATA - NOT PHYSICAL RFID MEASUREMENTS,20260924,id_card,paper,0.2,13,4,0.000838,False
SIMULATED DATA - NOT PHYSICAL RFID MEASUREMENTS,20260924,id_card,paper,0.2,13,5,0.000838,False
SIMULATED DATA - NOT PHYSICAL RFID MEASUREMENTS,20260924,id_card,paper,0.2,13,6,0.000838,False
SIMULATED DATA - NOT PHYSICAL RFID MEASUREMENTS,20260924,id_card,paper,0.2,13,7,0.000838,False
SIMULATED DATA - NOT PHYSICAL RFID MEASUREMENTS,20260924,id_card,paper,0.2,13,8,0.000838,False
SIMULATED DATA - NOT PHYSICAL RFID MEASUREMENTS,20260924,id_card,paper,0.2,13,9,0.000838,False
SIMULATED DATA - NOT PHYSICAL RFID MEASUREMENTS,20260924,id_card,paper,0.2,13,10,0.000838,False
SIMULATED DATA - NOT PHYSICAL RFID MEASUREMENTS,20260924,id_card,paper,0.2,14,1,0.000207,False
SIMULATED DATA - NOT PHYSICAL RFID MEASUREMENTS,20260924,id_card,paper,0.2,14,2,0.000207,False
SIMULATED DATA - NOT PHYSICAL RFID MEASUREMENTS,20260924,id_card,paper,0.2,14,3,0.000207,False
SIMULATED DATA - NOT PHYSICAL RFID MEASUREMENTS,20260924,id_card,paper,0.2,14,4,0.000207,False
SIMULATED DATA - NOT PHYSICAL RFID MEASUREMENTS,20260924,id_card,paper,0.2,14,5,0.000207,False
SIMULATED DATA - NOT PHYSICAL RFID MEASUREMENTS,20260924,id_card,paper,0.2,14,6,0.000207,False
SIMULATED DATA - NOT PHYSICAL RFID MEASUREMENTS,20260924,id_card,paper,0.2,14,7,0.000207,False
SIMULATED DATA - NOT PHYSICAL RFID MEASUREMENTS,20260924,id_card,paper,0.2,14,8,0.000207,False
SIMULATED DATA - NOT PHYSICAL RFID MEASUREMENTS,20260924,id_card,paper,0.2,14,9,0.000207,False
SIMULATED DATA - NOT PHYSICAL RFID MEASUREMENTS,20260924,id_card,paper,0.2,14,10,0.000207,False
SIMULATED DATA - NOT PHYSICAL RFID MEASUREMENTS,20260924,id_card,paper,0.2,15,1,5.1e-05,False
SIMULATED DATA - NOT PHYSICAL RFID MEASUREMENTS,20260924,id_card,paper,0.2,15,2,5.1e-05,False
SIMULATED DATA - NOT PHYSICAL RFID MEASUREMENTS,20260924,id_card,paper,0.2,15,3,5.1e-05,False
SIMULATED DATA - NOT PHYSICAL RFID MEASUREMENTS,20260924,id_card,paper,0.2,15,4,5.1e-05,False
SIMULATED DATA - NOT PHYSICAL RFID MEASUREMENTS,20260924,id_card,paper,0.2,15,5,5.1e-05,False
SIMULATED DATA - NOT PHYSICAL RFID MEASUREMENTS,20260924,id_card,paper,0.2,15,6,5.1e-05,False
SIMULATED DATA - NOT PHYSICAL RFID MEASUREMENTS,20260924,id_card,paper,0.2,15,7,5.1e-05,False
SIMULATED DATA - NOT PHYSICAL RFID MEASUREMENTS,20260924,id_card,paper,0.2,15,8,5.1e-05,False
SIMULATED DATA - NOT PHYSICAL RFID MEASUREMENTS,20260924,id_card,paper,0.2,15,9,5.1e-05,False
SIMULATED DATA - NOT PHYSICAL RFID MEASUREMENTS,20260924,id_card,paper,0.2,15,10,5.1e-05,False
SIMULATED DATA - NOT PHYSICAL RFID MEASUREMENTS,20260924,id_card,aluminum_screen,10.0,1,1,0.999885,True
SIMULATED DATA - NOT PHYSICAL RFID MEASUREMENTS,20260924,id_card,aluminum_screen,10.0,1,2,0.999885,True
SIMULATED DATA - NOT PHYSICAL RFID MEASUREMENTS,20260924,id_card,aluminum_screen,10.0,1,3,0.999885,True
SIMULATED DATA - NOT PHYSICAL RFID MEASUREMENTS,20260924,id_card,aluminum_screen,10.0,1,4,0.999885,True
SIMULATED DATA - NOT PHYSICAL RFID MEASUREMENTS,20260924,id_card,aluminum_screen,10.0,1,5,0.999885,True
SIMULATED DATA - NOT PHYSICAL RFID MEASUREMENTS,20260924,id_card,aluminum_screen,10.0,1,6,0.999885,True
SIMULATED DATA - NOT PHYSICAL RFID MEASUREMENTS,20260924,id_card,aluminum_screen,10.0,1,7,0.999885,True
SIMULATED DATA - NOT PHYSICAL RFID MEASUREMENTS,20260924,id_card,aluminum_screen,10.0,1,8,0.999885,True
SIMULATED DATA - NOT PHYSICAL RFID MEASUREMENTS,20260924,id_card,aluminum_screen,10.0,1,9,0.999885,True
SIMULATED DATA - NOT PHYSICAL RFID MEASUREMENTS,20260924,id_card,aluminum_screen,10.0,1,10,0.999885,True
SIMULATED DATA - NOT PHYSICAL RFID MEASUREMENTS,20260924,id_card,aluminum_screen,10.0,2,1,0.999119,True
SIMULATED DATA - NOT PHYSICAL RFID MEASUREMENTS,20260924,id_card,aluminum_screen,10.0,2,2,0.999119,True
SIMULATED DATA - NOT PHYSICAL RFID MEASUREMENTS,20260924,id_card,aluminum_screen,10.0,2,3,0.999119,True
SIMULATED DATA - NOT PHYSICAL RFID MEASUREMENTS,20260924,id_card,aluminum_screen,10.0,2,4,0.999119,True
SIMULATED DATA - NOT PHYSICAL RFID MEASUREMENTS,20260924,id_card,aluminum_screen,10.0,2,5,0.999119,True
SIMULATED DATA - NOT PHYSICAL RFID MEASUREMENTS,20260924,id_card,aluminum_screen,10.0,2,6,0.999119,True
SIMULATED DATA - NOT PHYSICAL RFID MEASUREMENTS,20260924,id_card,aluminum_screen,10.0,2,7,0.999119,True
SIMULATED DATA - NOT PHYSICAL RFID MEASUREMENTS,20260924,id_card,aluminum_screen,10.0,2,8,0.999119,True
SIMULATED DATA - NOT PHYSICAL RFID MEASUREMENTS,20260924,id_card,aluminum_screen,10.0,2,9,0.999119,True
SIMULATED DATA - NOT PHYSICAL RFID MEASUREMENTS,20260924,id_card,aluminum_screen,10.0,2,10,0.999119,True
SIMULATED DATA - NOT PHYSICAL RFID MEASUREMENTS,20260924,id_card,aluminum_screen,10.0,3,1,0.993276,True
SIMULATED DATA - NOT PHYSICAL RFID MEASUREMENTS,20260924,id_card,aluminum_screen,10.0,3,2,0.993276,True
SIMULATED DATA - NOT PHYSICAL RFID MEASUREMENTS,20260924,id_card,aluminum_screen,10.0,3,3,0.993276,True
SIMULATED DATA - NOT PHYSICAL RFID MEASUREMENTS,20260924,id_card,aluminum_screen,10.0,3,4,0.993276,True
SIMULATED DATA - NOT PHYSICAL RFID MEASUREMENTS,20260924,id_card,aluminum_screen,10.0,3,5,0.993276,True
SIMULATED DATA - NOT PHYSICAL RFID MEASUREMENTS,20260924,id_card,aluminum_screen,10.0,3,6,0.993276,True
SIMULATED DATA - NOT PHYSICAL RFID MEASUREMENTS,20260924,id_card,aluminum_screen,10.0,3,7,0.993276,True
SIMULATED DATA - NOT PHYSICAL RFID MEASUREMENTS,20260924,id_card,aluminum_screen,10.0,3,8,0.993276,True
SIMULATED DATA - NOT PHYSICAL RFID MEASUREMENTS,20260924,id_card,aluminum_screen,10.0,3,9,0.993276,True
SIMULATED DATA - NOT PHYSICAL RFID MEASUREMENTS,20260924,id_card,aluminum_screen,10.0,3,10,0.993276,True
SIMULATED DATA - NOT PHYSICAL RFID MEASUREMENTS,20260924,id_card,aluminum_screen,10.0,4,1,0.950578,True
SIMULATED DATA - NOT PHYSICAL RFID MEASUREMENTS,20260924,id_card,aluminum_screen,10.0,4,2,0.950578,True
SIMULATED DATA - NOT PHYSICAL RFID MEASUREMENTS,20260924,id_card,aluminum_screen,10.0,4,3,0.950578,False
SIMULATED DATA - NOT PHYSICAL RFID MEASUREMENTS,20260924,id_card,aluminum_screen,10.0,4,4,0.950578,True
SIMULATED DATA - NOT PHYSICAL RFID MEASUREMENTS,20260924,id_card,aluminum_screen,10.0,4,5,0.950578,True
SIMULATED DATA - NOT PHYSICAL RFID MEASUREMENTS,20260924,id_card,aluminum_screen,10.0,4,6,0.950578,True
SIMULATED DATA - NOT PHYSICAL RFID MEASUREMENTS,20260924,id_card,aluminum_screen,10.0,4,7,0.950578,True
SIMULATED DATA - NOT PHYSICAL RFID MEASUREMENTS,20260924,id_card,aluminum_screen,10.0,4,8,0.950578,False
SIMULATED DATA - NOT PHYSICAL RFID MEASUREMENTS,20260924,id_card,aluminum_screen,10.0,4,9,0.950578,False
SIMULATED DATA - NOT PHYSICAL RFID MEASUREMENTS,20260924,id_card,aluminum_screen,10.0,4,10,0.950578,True
SIMULATED DATA - NOT PHYSICAL RFID MEASUREMENTS,20260924,id_card,aluminum_screen,10.0,5,1,0.714647,True
SIMULATED DATA - NOT PHYSICAL RFID MEASUREMENTS,20260924,id_card,aluminum_screen,10.0,5,2,0.714647,True
SIMULATED DATA - NOT PHYSICAL RFID MEASUREMENTS,20260924,id_card,aluminum_screen,10.0,5,3,0.714647,True
SIMULATED DATA - NOT PHYSICAL RFID MEASUREMENTS,20260924,id_card,aluminum_screen,10.0,5,4,0.714647,True
SIMULATED DATA - NOT PHYSICAL RFID MEASUREMENTS,20260924,id_card,aluminum_screen,10.0,5,5,0.714647,False
SIMULATED DATA - NOT PHYSICAL RFID MEASUREMENTS,20260924,id_card,aluminum_screen,10.0,5,6,0.714647,False
SIMULATED DATA - NOT PHYSICAL RFID MEASUREMENTS,20260924,id_card,aluminum_screen,10.0,5,7,0.714647,True
SIMULATED DATA - NOT PHYSICAL RFID MEASUREMENTS,20260924,id_card,aluminum_screen,10.0,5,8,0.714647,True
SIMULATED DATA - NOT PHYSICAL RFID MEASUREMENTS,20260924,id_card,aluminum_screen,10.0,5,9,0.714647,True
SIMULATED DATA - NOT PHYSICAL RFID MEASUREMENTS,20260924,id_card,aluminum_screen,10.0,5,10,0.714647,False
SIMULATED DATA - NOT PHYSICAL RFID MEASUREMENTS,20260924,id_card,aluminum_screen,10.0,6,1,0.245909,False
SIMULATED DATA - NOT PHYSICAL RFID MEASUREMENTS,20260924,id_card,aluminum_screen,10.0,6,2,0.245909,False
SIMULATED DATA - NOT PHYSICAL RFID MEASUREMENTS,20260924,id_card,aluminum_screen,10.0,6,3,0.245909,False
SIMULATED DATA - NOT PHYSICAL RFID MEASUREMENTS,20260924,id_card,aluminum_screen,10.0,6,4,0.245909,False
SIMULATED DATA - NOT PHYSICAL RFID MEASUREMENTS,20260924,id_card,aluminum_screen,10.0,6,5,0.245909,False
SIMULATED DATA - NOT PHYSICAL RFID MEASUREMENTS,20260924,id_card,aluminum_screen,10.0,6,6,0.245909,False
SIMULATED DATA - NOT PHYSICAL RFID MEASUREMENTS,20260924,id_card,aluminum_screen,10.0,6,7,0.245909,True
SIMULATED DATA - NOT PHYSICAL RFID MEASUREMENTS,20260924,id_card,aluminum_screen,10.0,6,8,0.245909,True
SIMULATED DATA - NOT PHYSICAL RFID MEASUREMENTS,20260924,id_card,aluminum_screen,10.0,6,9,0.245909,False
SIMULATED DATA - NOT PHYSICAL RFID MEASUREMENTS,20260924,id_card,aluminum_screen,10.0,6,10,0.245909,False
SIMULATED DATA - NOT PHYSICAL RFID MEASUREMENTS,20260924,id_card,aluminum_screen,10.0,7,1,0.040732,False
SIMULATED DATA - NOT PHYSICAL RFID MEASUREMENTS,20260924,id_card,aluminum_screen,10.0,7,2,0.040732,False
SIMULATED DATA - NOT PHYSICAL RFID MEASUREMENTS,20260924,id_card,aluminum_screen,10.0,7,3,0.040732,False
SIMULATED DATA - NOT PHYSICAL RFID MEASUREMENTS,20260924,id_card,aluminum_screen,10.0,7,4,0.040732,False
SIMULATED DATA - NOT PHYSICAL RFID MEASUREMENTS,20260924,id_card,aluminum_screen,10.0,7,5,0.040732,True
SIMULATED DATA - NOT PHYSICAL RFID MEASUREMENTS,20260924,id_card,aluminum_screen,10.0,7,6,0.040732,False
SIMULATED DATA - NOT PHYSICAL RFID MEASUREMENTS,20260924,id_card,aluminum_screen,10.0,7,7,0.040732,False
SIMULATED DATA - NOT PHYSICAL RFID MEASUREMENTS,20260924,id_card,aluminum_screen,10.0,7,8,0.040732,False
SIMULATED DATA - NOT PHYSICAL RFID MEASUREMENTS,20260924,id_card,aluminum_screen,10.0,7,9,0.040732,False
SIMULATED DATA - NOT PHYSICAL RFID MEASUREMENTS,20260924,id_card,aluminum_screen,10.0,7,10,0.040732,False
SIMULATED DATA - NOT PHYSICAL RFID MEASUREMENTS,20260924,id_card,aluminum_screen,10.0,8,1,0.005498,False
SIMULATED DATA - NOT PHYSICAL RFID MEASUREMENTS,20260924,id_card,aluminum_screen,10.0,8,2,0.005498,False
SIMULATED DATA - NOT PHYSICAL RFID MEASUREMENTS,20260924,id_card,aluminum_screen,10.0,8,3,0.005498,False
SIMULATED DATA - NOT PHYSICAL RFID MEASUREMENTS,20260924,id_card,aluminum_screen,10.0,8,4,0.005498,False
SIMULATED DATA - NOT PHYSICAL RFID MEASUREMENTS,20260924,id_card,aluminum_screen,10.0,8,5,0.005498,False
SIMULATED DATA - NOT PHYSICAL RFID MEASUREMENTS,20260924,id_card,aluminum_screen,10.0,8,6,0.005498,False
SIMULATED DATA - NOT PHYSICAL RFID MEASUREMENTS,20260924,id_card,aluminum_screen,10.0,8,7,0.005498,False
SIMULATED DATA - NOT PHYSICAL RFID MEASUREMENTS,20260924,id_card,aluminum_screen,10.0,8,8,0.005498,False
SIMULATED DATA - NOT PHYSICAL RFID MEASUREMENTS,20260924,id_card,aluminum_screen,10.0,8,9,0.005498,False
SIMULATED DATA - NOT PHYSICAL RFID MEASUREMENTS,20260924,id_card,aluminum_screen,10.0,8,10,0.005498,False
SIMULATED DATA - NOT PHYSICAL RFID MEASUREMENTS,20260924,id_card,aluminum_screen,10.0,9,1,0.000719,False
SIMULATED DATA - NOT PHYSICAL RFID MEASUREMENTS,20260924,id_card,aluminum_screen,10.0,9,2,0.000719,False
SIMULATED DATA - NOT PHYSICAL RFID MEASUREMENTS,20260924,id_card,aluminum_screen,10.0,9,3,0.000719,False
SIMULATED DATA - NOT PHYSICAL RFID MEASUREMENTS,20260924,id_card,aluminum_screen,10.0,9,4,0.000719,False
SIMULATED DATA - NOT PHYSICAL RFID MEASUREMENTS,20260924,id_card,aluminum_screen,10.0,9,5,0.000719,False
SIMULATED DATA - NOT PHYSICAL RFID MEASUREMENTS,20260924,id_card,aluminum_screen,10.0,9,6,0.000719,False
SIMULATED DATA - NOT PHYSICAL RFID MEASUREMENTS,20260924,id_card,aluminum_screen,10.0,9,7,0.000719,False
SIMULATED DATA - NOT PHYSICAL RFID MEASUREMENTS,20260924,id_card,aluminum_screen,10.0,9,8,0.000719,False
SIMULATED DATA - NOT PHYSICAL RFID MEASUREMENTS,20260924,id_card,aluminum_screen,10.0,9,9,0.000719,False
SIMULATED DATA - NOT PHYSICAL RFID MEASUREMENTS,20260924,id_card,aluminum_screen,10.0,9,10,0.000719,False
SIMULATED DATA - NOT PHYSICAL RFID MEASUREMENTS,20260924,id_card,aluminum_screen,10.0,10,1,9.4e-05,False
SIMULATED DATA - NOT PHYSICAL RFID MEASUREMENTS,20260924,id_card,aluminum_screen,10.0,10,2,9.4e-05,False
SIMULATED DATA - NOT PHYSICAL RFID MEASUREMENTS,20260924,id_card,aluminum_screen,10.0,10,3,9.4e-05,False
SIMULATED DATA - NOT PHYSICAL RFID MEASUREMENTS,20260924,id_card,aluminum_screen,10.0,10,4,9.4e-05,False
SIMULATED DATA - NOT PHYSICAL RFID MEASUREMENTS,20260924,id_card,aluminum_screen,10.0,10,5,9.4e-05,False
SIMULATED DATA - NOT PHYSICAL RFID MEASUREMENTS,20260924,id_card,aluminum_screen,10.0,10,6,9.4e-05,False
SIMULATED DATA - NOT PHYSICAL RFID MEASUREMENTS,20260924,id_card,aluminum_screen,10.0,10,7,9.4e-05,False
SIMULATED DATA - NOT PHYSICAL RFID MEASUREMENTS,20260924,id_card,aluminum_screen,10.0,10,8,9.4e-05,False
SIMULATED DATA - NOT PHYSICAL RFID MEASUREMENTS,20260924,id_card,aluminum_screen,10.0,10,9,9.4e-05,False
SIMULATED DATA - NOT PHYSICAL RFID MEASUREMENTS,20260924,id_card,aluminum_screen,10.0,10,10,9.4e-05,False
SIMULATED DATA - NOT PHYSICAL RFID MEASUREMENTS,20260924,id_card,aluminum_screen,10.0,11,1,1.2e-05,False
SIMULATED DATA - NOT PHYSICAL RFID MEASUREMENTS,20260924,id_card,aluminum_screen,10.0,11,2,1.2e-05,False
SIMULATED DATA - NOT PHYSICAL RFID MEASUREMENTS,20260924,id_card,aluminum_screen,10.0,11,3,1.2e-05,False
SIMULATED DATA - NOT PHYSICAL RFID MEASUREMENTS,20260924,id_card,aluminum_screen,10.0,11,4,1.2e-05,False
SIMULATED DATA - NOT PHYSICAL RFID MEASUREMENTS,20260924,id_card,aluminum_screen,10.0,11,5,1.2e-05,False
SIMULATED DATA - NOT PHYSICAL RFID MEASUREMENTS,20260924,id_card,aluminum_screen,10.0,11,6,1.2e-05,False
SIMULATED DATA - NOT PHYSICAL RFID MEASUREMENTS,20260924,id_card,aluminum_screen,10.0,11,7,1.2e-05,False
SIMULATED DATA - NOT PHYSICAL RFID MEASUREMENTS,20260924,id_card,aluminum_screen,10.0,11,8,1.2e-05,False
SIMULATED DATA - NOT PHYSICAL RFID MEASUREMENTS,20260924,id_card,aluminum_screen,10.0,11,9,1.2e-05,False
SIMULATED DATA - NOT PHYSICAL RFID MEASUREMENTS,20260924,id_card,aluminum_screen,10.0,11,10,1.2e-05,False
SIMULATED DATA - NOT PHYSICAL RFID MEASUREMENTS,20260924,id_card,aluminum_screen,10.0,12,1,2e-06,False
SIMULATED DATA - NOT PHYSICAL RFID MEASUREMENTS,20260924,id_card,aluminum_screen,10.0,12,2,2e-06,False
SIMULATED DATA - NOT PHYSICAL RFID MEASUREMENTS,20260924,id_card,aluminum_screen,10.0,12,3,2e-06,False
SIMULATED DATA - NOT PHYSICAL RFID MEASUREMENTS,20260924,id_card,aluminum_screen,10.0,12,4,2e-06,False
SIMULATED DATA - NOT PHYSICAL RFID MEASUREMENTS,20260924,id_card,aluminum_screen,10.0,12,5,2e-06,False
SIMULATED DATA - NOT PHYSICAL RFID MEASUREMENTS,20260924,id_card,aluminum_screen,10.0,12,6,2e-06,False
SIMULATED DATA - NOT PHYSICAL RFID MEASUREMENTS,20260924,id_card,aluminum_screen,10.0,12,7,2e-06,False
SIMULATED DATA - NOT PHYSICAL RFID MEASUREMENTS,20260924,id_card,aluminum_screen,10.0,12,8,2e-06,False
SIMULATED DATA - NOT PHYSICAL RFID MEASUREMENTS,20260924,id_card,aluminum_screen,10.0,12,9,2e-06,False
SIMULATED DATA - NOT PHYSICAL RFID MEASUREMENTS,20260924,id_card,aluminum_screen,10.0,12,10,2e-06,False
SIMULATED DATA - NOT PHYSICAL RFID MEASUREMENTS,20260924,id_card,aluminum_screen,10.0,13,1,0.0,False
SIMULATED DATA - NOT PHYSICAL RFID MEASUREMENTS,20260924,id_card,aluminum_screen,10.0,13,2,0.0,False
SIMULATED DATA - NOT PHYSICAL RFID MEASUREMENTS,20260924,id_card,aluminum_screen,10.0,13,3,0.0,False
SIMULATED DATA - NOT PHYSICAL RFID MEASUREMENTS,20260924,id_card,aluminum_screen,10.0,13,4,0.0,False
SIMULATED DATA - NOT PHYSICAL RFID MEASUREMENTS,20260924,id_card,aluminum_screen,10.0,13,5,0.0,False
SIMULATED DATA - NOT PHYSICAL RFID MEASUREMENTS,20260924,id_card,aluminum_screen,10.0,13,6,0.0,False
SIMULATED DATA - NOT PHYSICAL RFID MEASUREMENTS,20260924,id_card,aluminum_screen,10.0,13,7,0.0,False
SIMULATED DATA - NOT PHYSICAL RFID MEASUREMENTS,20260924,id_card,aluminum_screen,10.0,13,8,0.0,False
SIMULATED DATA - NOT PHYSICAL RFID MEASUREMENTS,20260924,id_card,aluminum_screen,10.0,13,9,0.0,False
SIMULATED DATA - NOT PHYSICAL RFID MEASUREMENTS,20260924,id_card,aluminum_screen,10.0,13,10,0.0,False
SIMULATED DATA - NOT PHYSICAL RFID MEASUREMENTS,20260924,id_card,aluminum_screen,10.0,14,1,0.0,False
SIMULATED DATA - NOT PHYSICAL RFID MEASUREMENTS,20260924,id_card,aluminum_screen,10.0,14,2,0.0,False
SIMULATED DATA - NOT PHYSICAL RFID MEASUREMENTS,20260924,id_card,aluminum_screen,10.0,14,3,0.0,False
SIMULATED DATA - NOT PHYSICAL RFID MEASUREMENTS,20260924,id_card,aluminum_screen,10.0,14,4,0.0,False
SIMULATED DATA - NOT PHYSICAL RFID MEASUREMENTS,20260924,id_card,aluminum_screen,10.0,14,5,0.0,False
SIMULATED DATA - NOT PHYSICAL RFID MEASUREMENTS,20260924,id_card,aluminum_screen,10.0,14,6,0.0,False
SIMULATED DATA - NOT PHYSICAL RFID MEASUREMENTS,20260924,id_card,aluminum_screen,10.0,14,7,0.0,False
SIMULATED DATA - NOT PHYSICAL RFID MEASUREMENTS,20260924,id_card,aluminum_screen,10.0,14,8,0.0,False
SIMULATED DATA - NOT PHYSICAL RFID MEASUREMENTS,20260924,id_card,aluminum_screen,10.0,14,9,0.0,False
SIMULATED DATA - NOT PHYSICAL RFID MEASUREMENTS,20260924,id_card,aluminum_screen,10.0,14,10,0.0,False
SIMULATED DATA - NOT PHYSICAL RFID MEASUREMENTS,20260924,id_card,aluminum_screen,10.0,15,1,0.0,False
SIMULATED DATA - NOT PHYSICAL RFID MEASUREMENTS,20260924,id_card,aluminum_screen,10.0,15,2,0.0,False
SIMULATED DATA - NOT PHYSICAL RFID MEASUREMENTS,20260924,id_card,aluminum_screen,10.0,15,3,0.0,False
SIMULATED DATA - NOT PHYSICAL RFID MEASUREMENTS,20260924,id_card,aluminum_screen,10.0,15,4,0.0,False
SIMULATED DATA - NOT PHYSICAL RFID MEASUREMENTS,20260924,id_card,aluminum_screen,10.0,15,5,0.0,False
SIMULATED DATA - NOT PHYSICAL RFID MEASUREMENTS,20260924,id_card,aluminum_screen,10.0,15,6,0.0,False
SIMULATED DATA - NOT PHYSICAL RFID MEASUREMENTS,20260924,id_card,aluminum_screen,10.0,15,7,0.0,False
SIMULATED DATA - NOT PHYSICAL RFID MEASUREMENTS,20260924,id_card,aluminum_screen,10.0,15,8,0.0,False
SIMULATED DATA - NOT PHYSICAL RFID MEASUREMENTS,20260924,id_card,aluminum_screen,10.0,15,9,0.0,False
SIMULATED DATA - NOT PHYSICAL RFID MEASUREMENTS,20260924,id_card,aluminum_screen,10.0,15,10,0.0,False
SIMULATED DATA - NOT PHYSICAL RFID MEASUREMENTS,20260924,id_card,copper_mesh,12.0,1,1,0.999865,True
SIMULATED DATA - NOT PHYSICAL RFID MEASUREMENTS,20260924,id_card,copper_mesh,12.0,1,2,0.999865,True
SIMULATED DATA - NOT PHYSICAL RFID MEASUREMENTS,20260924,id_card,copper_mesh,12.0,1,3,0.999865,True
SIMULATED DATA - NOT PHYSICAL RFID MEASUREMENTS,20260924,id_card,copper_mesh,12.0,1,4,0.999865,True
SIMULATED DATA - NOT PHYSICAL RFID MEASUREMENTS,20260924,id_card,copper_mesh,12.0,1,5,0.999865,True
SIMULATED DATA - NOT PHYSICAL RFID MEASUREMENTS,20260924,id_card,copper_mesh,12.0,1,6,0.999865,True
SIMULATED DATA - NOT PHYSICAL RFID MEASUREMENTS,20260924,id_card,copper_mesh,12.0,1,7,0.999865,True
SIMULATED DATA - NOT PHYSICAL RFID MEASUREMENTS,20260924,id_card,copper_mesh,12.0,1,8,0.999865,True
SIMULATED DATA - NOT PHYSICAL RFID MEASUREMENTS,20260924,id_card,copper_mesh,12.0,1,9,0.999865,True
SIMULATED DATA - NOT PHYSICAL RFID MEASUREMENTS,20260924,id_card,copper_mesh,12.0,1,10,0.999865,True
SIMULATED DATA - NOT PHYSICAL RFID MEASUREMENTS,20260924,id_card,copper_mesh,12.0,2,1,0.998781,True
SIMULATED DATA - NOT PHYSICAL RFID MEASUREMENTS,20260924,id_card,copper_mesh,12.0,2,2,0.998781,True
SIMULATED DATA - NOT PHYSICAL RFID MEASUREMENTS,20260924,id_card,copper_mesh,12.0,2,3,0.998781,True
SIMULATED DATA - NOT PHYSICAL RFID MEASUREMENTS,20260924,id_card,copper_mesh,12.0,2,4,0.998781,True
SIMULATED DATA - NOT PHYSICAL RFID MEASUREMENTS,20260924,id_card,copper_mesh,12.0,2,5,0.998781,True
SIMULATED DATA - NOT PHYSICAL RFID MEASUREMENTS,20260924,id_card,copper_mesh,12.0,2,6,0.998781,True
SIMULATED DATA - NOT PHYSICAL RFID MEASUREMENTS,20260924,id_card,copper_mesh,12.0,2,7,0.998781,True
SIMULATED DATA - NOT PHYSICAL RFID MEASUREMENTS,20260924,id_card,copper_mesh,12.0,2,8,0.998781,True
SIMULATED DATA - NOT PHYSICAL RFID MEASUREMENTS,20260924,id_card,copper_mesh,12.0,2,9,0.998781,True
SIMULATED DATA - NOT PHYSICAL RFID MEASUREMENTS,20260924,id_card,copper_mesh,12.0,2,10,0.998781,True
SIMULATED DATA - NOT PHYSICAL RFID MEASUREMENTS,20260924,id_card,copper_mesh,12.0,3,1,0.989093,True
SIMULATED DATA - NOT PHYSICAL RFID MEASUREMENTS,20260924,id_card,copper_mesh,12.0,3,2,0.989093,True
SIMULATED DATA - NOT PHYSICAL RFID MEASUREMENTS,20260924,id_card,copper_mesh,12.0,3,3,0.989093,True
SIMULATED DATA - NOT PHYSICAL RFID MEASUREMENTS,20260924,id_card,copper_mesh,12.0,3,4,0.989093,True
SIMULATED DATA - NOT PHYSICAL RFID MEASUREMENTS,20260924,id_card,copper_mesh,12.0,3,5,0.989093,True
SIMULATED DATA - NOT PHYSICAL RFID MEASUREMENTS,20260924,id_card,copper_mesh,12.0,3,6,0.989093,True
SIMULATED DATA - NOT PHYSICAL RFID MEASUREMENTS,20260924,id_card,copper_mesh,12.0,3,7,0.989093,True
SIMULATED DATA - NOT PHYSICAL RFID MEASUREMENTS,20260924,id_card,copper_mesh,12.0,3,8,0.989093,True
SIMULATED DATA - NOT PHYSICAL RFID MEASUREMENTS,20260924,id_card,copper_mesh,12.0,3,9,0.989093,True
SIMULATED DATA - NOT PHYSICAL RFID MEASUREMENTS,20260924,id_card,copper_mesh,12.0,3,10,0.989093,True
SIMULATED DATA - NOT PHYSICAL RFID MEASUREMENTS,20260924,id_card,copper_mesh,12.0,4,1,0.909385,True
SIMULATED DATA - NOT PHYSICAL RFID MEASUREMENTS,20260924,id_card,copper_mesh,12.0,4,2,0.909385,True
SIMULATED DATA - NOT PHYSICAL RFID MEASUREMENTS,20260924,id_card,copper_mesh,12.0,4,3,0.909385,True
SIMULATED DATA - NOT PHYSICAL RFID MEASUREMENTS,20260924,id_card,copper_mesh,12.0,4,4,0.909385,False
SIMULATED DATA - NOT PHYSICAL RFID MEASUREMENTS,20260924,id_card,copper_mesh,12.0,4,5,0.909385,True
SIMULATED DATA - NOT PHYSICAL RFID MEASUREMENTS,20260924,id_card,copper_mesh,12.0,4,6,0.909385,True
SIMULATED DATA - NOT PHYSICAL RFID MEASUREMENTS,20260924,id_card,copper_mesh,12.0,4,7,0.909385,True
SIMULATED DATA - NOT PHYSICAL RFID MEASUREMENTS,20260924,id_card,copper_mesh,12.0,4,8,0.909385,True
SIMULATED DATA - NOT PHYSICAL RFID MEASUREMENTS,20260924,id_card,copper_mesh,12.0,4,9,0.909385,True
SIMULATED DATA - NOT PHYSICAL RFID MEASUREMENTS,20260924,id_card,copper_mesh,12.0,4,10,0.909385,True
SIMULATED DATA - NOT PHYSICAL RFID MEASUREMENTS,20260924,id_card,copper_mesh,12.0,5,1,0.526203,True
SIMULATED DATA - NOT PHYSICAL RFID MEASUREMENTS,20260924,id_card,copper_mesh,12.0,5,2,0.526203,True
SIMULATED DATA - NOT PHYSICAL RFID MEASUREMENTS,20260924,id_card,copper_mesh,12.0,5,3,0.526203,False
SIMULATED DATA - NOT PHYSICAL RFID MEASUREMENTS,20260924,id_card,copper_mesh,12.0,5,4,0.526203,True
SIMULATED DATA - NOT PHYSICAL RFID MEASUREMENTS,20260924,id_card,copper_mesh,12.0,5,5,0.526203,False
SIMULATED DATA - NOT PHYSICAL RFID MEASUREMENTS,20260924,id_card,copper_mesh,12.0,5,6,0.526203,False
SIMULATED DATA - NOT PHYSICAL RFID MEASUREMENTS,20260924,id_card,copper_mesh,12.0,5,7,0.526203,True
SIMULATED DATA - NOT PHYSICAL RFID MEASUREMENTS,20260924,id_card,copper_mesh,12.0,5,8,0.526203,False
SIMULATED DATA - NOT PHYSICAL RFID MEASUREMENTS,20260924,id_card,copper_mesh,12.0,5,9,0.526203,False
SIMULATED DATA - NOT PHYSICAL RFID MEASUREMENTS,20260924,id_card,copper_mesh,12.0,5,10,0.526203,False
SIMULATED DATA - NOT PHYSICAL RFID MEASUREMENTS,20260924,id_card,copper_mesh,12.0,6,1,0.109454,False
SIMULATED DATA - NOT PHYSICAL RFID MEASUREMENTS,20260924,id_card,copper_mesh,12.0,6,2,0.109454,False
SIMULATED DATA - NOT PHYSICAL RFID MEASUREMENTS,20260924,id_card,copper_mesh,12.0,6,3,0.109454,False
SIMULATED DATA - NOT PHYSICAL RFID MEASUREMENTS,20260924,id_card,copper_mesh,12.0,6,4,0.109454,False
SIMULATED DATA - NOT PHYSICAL RFID MEASUREMENTS,20260924,id_card,copper_mesh,12.0,6,5,0.109454,False
SIMULATED DATA - NOT PHYSICAL RFID MEASUREMENTS,20260924,id_card,copper_mesh,12.0,6,6,0.109454,False
SIMULATED DATA - NOT PHYSICAL RFID MEASUREMENTS,20260924,id_card,copper_mesh,12.0,6,7,0.109454,False
SIMULATED DATA - NOT PHYSICAL RFID MEASUREMENTS,20260924,id_card,copper_mesh,12.0,6,8,0.109454,False
SIMULATED DATA - NOT PHYSICAL RFID MEASUREMENTS,20260924,id_card,copper_mesh,12.0,6,9,0.109454,False
SIMULATED DATA - NOT PHYSICAL RFID MEASUREMENTS,20260924,id_card,copper_mesh,12.0,6,10,0.109454,False
SIMULATED DATA - NOT PHYSICAL RFID MEASUREMENTS,20260924,id_card,copper_mesh,12.0,7,1,0.013419,False
SIMULATED DATA - NOT PHYSICAL RFID MEASUREMENTS,20260924,id_card,copper_mesh,12.0,7,2,0.013419,False
SIMULATED DATA - NOT PHYSICAL RFID MEASUREMENTS,20260924,id_card,copper_mesh,12.0,7,3,0.013419,False
SIMULATED DATA - NOT PHYSICAL RFID MEASUREMENTS,20260924,id_card,copper_mesh,12.0,7,4,0.013419,False
SIMULATED DATA - NOT PHYSICAL RFID MEASUREMENTS,20260924,id_card,copper_mesh,12.0,7,5,0.013419,False
SIMULATED DATA - NOT PHYSICAL RFID MEASUREMENTS,20260924,id_card,copper_mesh,12.0,7,6,0.013419,False
SIMULATED DATA - NOT PHYSICAL RFID MEASUREMENTS,20260924,id_card,copper_mesh,12.0,7,7,0.013419,False
SIMULATED DATA - NOT PHYSICAL RFID MEASUREMENTS,20260924,id_card,copper_mesh,12.0,7,8,0.013419,False
SIMULATED DATA - NOT PHYSICAL RFID MEASUREMENTS,20260924,id_card,copper_mesh,12.0,7,9,0.013419,False
SIMULATED DATA - NOT PHYSICAL RFID MEASUREMENTS,20260924,id_card,copper_mesh,12.0,7,10,0.013419,False
SIMULATED DATA - NOT PHYSICAL RFID MEASUREMENTS,20260924,id_card,copper_mesh,12.0,8,1,0.001503,False
SIMULATED DATA - NOT PHYSICAL RFID MEASUREMENTS,20260924,id_card,copper_mesh,12.0,8,2,0.001503,False
SIMULATED DATA - NOT PHYSICAL RFID MEASUREMENTS,20260924,id_card,copper_mesh,12.0,8,3,0.001503,False
SIMULATED DATA - NOT PHYSICAL RFID MEASUREMENTS,20260924,id_card,copper_mesh,12.0,8,4,0.001503,False
SIMULATED DATA - NOT PHYSICAL RFID MEASUREMENTS,20260924,id_card,copper_mesh,12.0,8,5,0.001503,False
SIMULATED DATA - NOT PHYSICAL RFID MEASUREMENTS,20260924,id_card,copper_mesh,12.0,8,6,0.001503,False
SIMULATED DATA - NOT PHYSICAL RFID MEASUREMENTS,20260924,id_card,copper_mesh,12.0,8,7,0.001503,False
SIMULATED DATA - NOT PHYSICAL RFID MEASUREMENTS,20260924,id_card,copper_mesh,12.0,8,8,0.001503,False
SIMULATED DATA - NOT PHYSICAL RFID MEASUREMENTS,20260924,id_card,copper_mesh,12.0,8,9,0.001503,False
SIMULATED DATA - NOT PHYSICAL RFID MEASUREMENTS,20260924,id_card,copper_mesh,12.0,8,10,0.001503,False
SIMULATED DATA - NOT PHYSICAL RFID MEASUREMENTS,20260924,id_card,copper_mesh,12.0,9,1,0.000167,False
SIMULATED DATA - NOT PHYSICAL RFID MEASUREMENTS,20260924,id_card,copper_mesh,12.0,9,2,0.000167,False
SIMULATED DATA - NOT PHYSICAL RFID MEASUREMENTS,20260924,id_card,copper_mesh,12.0,9,3,0.000167,False
SIMULATED DATA - NOT PHYSICAL RFID MEASUREMENTS,20260924,id_card,copper_mesh,12.0,9,4,0.000167,False
SIMULATED DATA - NOT PHYSICAL RFID MEASUREMENTS,20260924,id_card,copper_mesh,12.0,9,5,0.000167,False
SIMULATED DATA - NOT PHYSICAL RFID MEASUREMENTS,20260924,id_card,copper_mesh,12.0,9,6,0.000167,False
SIMULATED DATA - NOT PHYSICAL RFID MEASUREMENTS,20260924,id_card,copper_mesh,12.0,9,7,0.000167,False
SIMULATED DATA - NOT PHYSICAL RFID MEASUREMENTS,20260924,id_card,copper_mesh,12.0,9,8,0.000167,False
SIMULATED DATA - NOT PHYSICAL RFID MEASUREMENTS,20260924,id_card,copper_mesh,12.0,9,9,0.000167,False
SIMULATED DATA - NOT PHYSICAL RFID MEASUREMENTS,20260924,id_card,copper_mesh,12.0,9,10,0.000167,False
SIMULATED DATA - NOT PHYSICAL RFID MEASUREMENTS,20260924,id_card,copper_mesh,12.0,10,1,1.8e-05,False
SIMULATED DATA - NOT PHYSICAL RFID MEASUREMENTS,20260924,id_card,copper_mesh,12.0,10,2,1.8e-05,False
SIMULATED DATA - NOT PHYSICAL RFID MEASUREMENTS,20260924,id_card,copper_mesh,12.0,10,3,1.8e-05,False
SIMULATED DATA - NOT PHYSICAL RFID MEASUREMENTS,20260924,id_card,copper_mesh,12.0,10,4,1.8e-05,False
SIMULATED DATA - NOT PHYSICAL RFID MEASUREMENTS,20260924,id_card,copper_mesh,12.0,10,5,1.8e-05,False
SIMULATED DATA - NOT PHYSICAL RFID MEASUREMENTS,20260924,id_card,copper_mesh,12.0,10,6,1.8e-05,False
SIMULATED DATA - NOT PHYSICAL RFID MEASUREMENTS,20260924,id_card,copper_mesh,12.0,10,7,1.8e-05,False
SIMULATED DATA - NOT PHYSICAL RFID MEASUREMENTS,20260924,id_card,copper_mesh,12.0,10,8,1.8e-05,False
SIMULATED DATA - NOT PHYSICAL RFID MEASUREMENTS,20260924,id_card,copper_mesh,12.0,10,9,1.8e-05,False
SIMULATED DATA - NOT PHYSICAL RFID MEASUREMENTS,20260924,id_card,copper_mesh,12.0,10,10,1.8e-05,False
SIMULATED DATA - NOT PHYSICAL RFID MEASUREMENTS,20260924,id_card,copper_mesh,12.0,11,1,2e-06,False
SIMULATED DATA - NOT PHYSICAL RFID MEASUREMENTS,20260924,id_card,copper_mesh,12.0,11,2,2e-06,False
SIMULATED DATA - NOT PHYSICAL RFID MEASUREMENTS,20260924,id_card,copper_mesh,12.0,11,3,2e-06,False
SIMULATED DATA - NOT PHYSICAL RFID MEASUREMENTS,20260924,id_card,copper_mesh,12.0,11,4,2e-06,False
SIMULATED DATA - NOT PHYSICAL RFID MEASUREMENTS,20260924,id_card,copper_mesh,12.0,11,5,2e-06,False
SIMULATED DATA - NOT PHYSICAL RFID MEASUREMENTS,20260924,id_card,copper_mesh,12.0,11,6,2e-06,False
SIMULATED DATA - NOT PHYSICAL RFID MEASUREMENTS,20260924,id_card,copper_mesh,12.0,11,7,2e-06,False
SIMULATED DATA - NOT PHYSICAL RFID MEASUREMENTS,20260924,id_card,copper_mesh,12.0,11,8,2e-06,False
SIMULATED DATA - NOT PHYSICAL RFID MEASUREMENTS,20260924,id_card,copper_mesh,12.0,11,9,2e-06,False
SIMULATED DATA - NOT PHYSICAL RFID MEASUREMENTS,20260924,id_card,copper_mesh,12.0,11,10,2e-06,False
SIMULATED DATA - NOT PHYSICAL RFID MEASUREMENTS,20260924,id_card,copper_mesh,12.0,12,1,0.0,False
SIMULATED DATA - NOT PHYSICAL RFID MEASUREMENTS,20260924,id_card,copper_mesh,12.0,12,2,0.0,False
SIMULATED DATA - NOT PHYSICAL RFID MEASUREMENTS,20260924,id_card,copper_mesh,12.0,12,3,0.0,False
SIMULATED DATA - NOT PHYSICAL RFID MEASUREMENTS,20260924,id_card,copper_mesh,12.0,12,4,0.0,False
SIMULATED DATA - NOT PHYSICAL RFID MEASUREMENTS,20260924,id_card,copper_mesh,12.0,12,5,0.0,False
SIMULATED DATA - NOT PHYSICAL RFID MEASUREMENTS,20260924,id_card,copper_mesh,12.0,12,6,0.0,False
SIMULATED DATA - NOT PHYSICAL RFID MEASUREMENTS,20260924,id_card,copper_mesh,12.0,12,7,0.0,False
SIMULATED DATA - NOT PHYSICAL RFID MEASUREMENTS,20260924,id_card,copper_mesh,12.0,12,8,0.0,False
SIMULATED DATA - NOT PHYSICAL RFID MEASUREMENTS,20260924,id_card,copper_mesh,12.0,12,9,0.0,False
SIMULATED DATA - NOT PHYSICAL RFID MEASUREMENTS,20260924,id_card,copper_mesh,12.0,12,10,0.0,False
SIMULATED DATA - NOT PHYSICAL RFID MEASUREMENTS,20260924,id_card,copper_mesh,12.0,13,1,0.0,False
SIMULATED DATA - NOT PHYSICAL RFID MEASUREMENTS,20260924,id_card,copper_mesh,12.0,13,2,0.0,False
SIMULATED DATA - NOT PHYSICAL RFID MEASUREMENTS,20260924,id_card,copper_mesh,12.0,13,3,0.0,False
SIMULATED DATA - NOT PHYSICAL RFID MEASUREMENTS,20260924,id_card,copper_mesh,12.0,13,4,0.0,False
SIMULATED DATA - NOT PHYSICAL RFID MEASUREMENTS,20260924,id_card,copper_mesh,12.0,13,5,0.0,False
SIMULATED DATA - NOT PHYSICAL RFID MEASUREMENTS,20260924,id_card,copper_mesh,12.0,13,6,0.0,False
SIMULATED DATA - NOT PHYSICAL RFID MEASUREMENTS,20260924,id_card,copper_mesh,12.0,13,7,0.0,False
SIMULATED DATA - NOT PHYSICAL RFID MEASUREMENTS,20260924,id_card,copper_mesh,12.0,13,8,0.0,False
SIMULATED DATA - NOT PHYSICAL RFID MEASUREMENTS,20260924,id_card,copper_mesh,12.0,13,9,0.0,False
SIMULATED DATA - NOT PHYSICAL RFID MEASUREMENTS,20260924,id_card,copper_mesh,12.0,13,10,0.0,False
SIMULATED DATA - NOT PHYSICAL RFID MEASUREMENTS,20260924,id_card,copper_mesh,12.0,14,1,0.0,False
SIMULATED DATA - NOT PHYSICAL RFID MEASUREMENTS,20260924,id_card,copper_mesh,12.0,14,2,0.0,False
SIMULATED DATA - NOT PHYSICAL RFID MEASUREMENTS,20260924,id_card,copper_mesh,12.0,14,3,0.0,False
SIMULATED DATA - NOT PHYSICAL RFID MEASUREMENTS,20260924,id_card,copper_mesh,12.0,14,4,0.0,False
SIMULATED DATA - NOT PHYSICAL RFID MEASUREMENTS,20260924,id_card,copper_mesh,12.0,14,5,0.0,False
SIMULATED DATA - NOT PHYSICAL RFID MEASUREMENTS,20260924,id_card,copper_mesh,12.0,14,6,0.0,False
SIMULATED DATA - NOT PHYSICAL RFID MEASUREMENTS,20260924,id_card,copper_mesh,12.0,14,7,0.0,False
SIMULATED DATA - NOT PHYSICAL RFID MEASUREMENTS,20260924,id_card,copper_mesh,12.0,14,8,0.0,False
SIMULATED DATA - NOT PHYSICAL RFID MEASUREMENTS,20260924,id_card,copper_mesh,12.0,14,9,0.0,False
SIMULATED DATA - NOT PHYSICAL RFID MEASUREMENTS,20260924,id_card,copper_mesh,12.0,14,10,0.0,False
SIMULATED DATA - NOT PHYSICAL RFID MEASUREMENTS,20260924,id_card,copper_mesh,12.0,15,1,0.0,False
SIMULATED DATA - NOT PHYSICAL RFID MEASUREMENTS,20260924,id_card,copper_mesh,12.0,15,2,0.0,False
SIMULATED DATA - NOT PHYSICAL RFID MEASUREMENTS,20260924,id_card,copper_mesh,12.0,15,3,0.0,False
SIMULATED DATA - NOT PHYSICAL RFID MEASUREMENTS,20260924,id_card,copper_mesh,12.0,15,4,0.0,False
SIMULATED DATA - NOT PHYSICAL RFID MEASUREMENTS,20260924,id_card,copper_mesh,12.0,15,5,0.0,False
SIMULATED DATA - NOT PHYSICAL RFID MEASUREMENTS,20260924,id_card,copper_mesh,12.0,15,6,0.0,False
SIMULATED DATA - NOT PHYSICAL RFID MEASUREMENTS,20260924,id_card,copper_mesh,12.0,15,7,0.0,False
SIMULATED DATA - NOT PHYSICAL RFID MEASUREMENTS,20260924,id_card,copper_mesh,12.0,15,8,0.0,False
SIMULATED DATA - NOT PHYSICAL RFID MEASUREMENTS,20260924,id_card,copper_mesh,12.0,15,9,0.0,False
SIMULATED DATA - NOT PHYSICAL RFID MEASUREMENTS,20260924,id_card,copper_mesh,12.0,15,10,0.0,False
SIMULATED DATA - NOT PHYSICAL RFID MEASUREMENTS,20260924,id_card,steel_sheet,18.0,1,1,0.999761,True
SIMULATED DATA - NOT PHYSICAL RFID MEASUREMENTS,20260924,id_card,steel_sheet,18.0,1,2,0.999761,True
SIMULATED DATA - NOT PHYSICAL RFID MEASUREMENTS,20260924,id_card,steel_sheet,18.0,1,3,0.999761,True
SIMULATED DATA - NOT PHYSICAL RFID MEASUREMENTS,20260924,id_card,steel_sheet,18.0,1,4,0.999761,True
SIMULATED DATA - NOT PHYSICAL RFID MEASUREMENTS,20260924,id_card,steel_sheet,18.0,1,5,0.999761,True
SIMULATED DATA - NOT PHYSICAL RFID MEASUREMENTS,20260924,id_card,steel_sheet,18.0,1,6,0.999761,True
SIMULATED DATA - NOT PHYSICAL RFID MEASUREMENTS,20260924,id_card,steel_sheet,18.0,1,7,0.999761,True
SIMULATED DATA - NOT PHYSICAL RFID MEASUREMENTS,20260924,id_card,steel_sheet,18.0,1,8,0.999761,True
SIMULATED DATA - NOT PHYSICAL RFID MEASUREMENTS,20260924,id_card,steel_sheet,18.0,1,9,0.999761,True
SIMULATED DATA - NOT PHYSICAL RFID MEASUREMENTS,20260924,id_card,steel_sheet,18.0,1,10,0.999761,True
SIMULATED DATA - NOT PHYSICAL RFID MEASUREMENTS,20260924,id_card,steel_sheet,18.0,2,1,0.996199,True
SIMULATED DATA - NOT PHYSICAL RFID MEASUREMENTS,20260924,id_card,steel_sheet,18.0,2,2,0.996199,True
SIMULATED DATA - NOT PHYSICAL RFID MEASUREMENTS,20260924,id_card,steel_sheet,18.0,2,3,0.996199,True
SIMULATED DATA - NOT PHYSICAL RFID MEASUREMENTS,20260924,id_card,steel_sheet,18.0,2,4,0.996199,True
SIMULATED DATA - NOT PHYSICAL RFID MEASUREMENTS,20260924,id_card,steel_sheet,18.0,2,5,0.996199,True
SIMULATED DATA - NOT PHYSICAL RFID MEASUREMENTS,20260924,id_card,steel_sheet,18.0,2,6,0.996199,True
SIMULATED DATA - NOT PHYSICAL RFID MEASUREMENTS,20260924,id_card,steel_sheet,18.0,2,7,0.996199,True
SIMULATED DATA - NOT PHYSICAL RFID MEASUREMENTS,20260924,id_card,steel_sheet,18.0,2,8,0.996199,True
SIMULATED DATA - NOT PHYSICAL RFID MEASUREMENTS,20260924,id_card,steel_sheet,18.0,2,9,0.996199,True
SIMULATED DATA - NOT PHYSICAL RFID MEASUREMENTS,20260924,id_card,steel_sheet,18.0,2,10,0.996199,True
SIMULATED DATA - NOT PHYSICAL RFID MEASUREMENTS,20260924,id_card,steel_sheet,18.0,3,1,0.942542,True
SIMULATED DATA - NOT PHYSICAL RFID MEASUREMENTS,20260924,id_card,steel_sheet,18.0,3,2,0.942542,True
SIMULATED DATA - NOT PHYSICAL RFID MEASUREMENTS,20260924,id_card,steel_sheet,18.0,3,3,0.942542,True
SIMULATED DATA - NOT PHYSICAL RFID MEASUREMENTS,20260924,id_card,steel_sheet,18.0,3,4,0.942542,True
SIMULATED DATA - NOT PHYSICAL RFID MEASUREMENTS,20260924,id_card,steel_sheet,18.0,3,5,0.942542,True
SIMULATED DATA - NOT PHYSICAL RFID MEASUREMENTS,20260924,id_card,steel_sheet,18.0,3,6,0.942542,True
SIMULATED DATA - NOT PHYSICAL RFID MEASUREMENTS,20260924,id_card,steel_sheet,18.0,3,7,0.942542,True
SIMULATED DATA - NOT PHYSICAL RFID MEASUREMENTS,20260924,id_card,steel_sheet,18.0,3,8,0.942542,True
SIMULATED DATA - NOT PHYSICAL RFID MEASUREMENTS,20260924,id_card,steel_sheet,18.0,3,9,0.942542,True
SIMULATED DATA - NOT PHYSICAL RFID MEASUREMENTS,20260924,id_card,steel_sheet,18.0,3,10,0.942542,True
SIMULATED DATA - NOT PHYSICAL RFID MEASUREMENTS,20260924,id_card,steel_sheet,18.0,4,1,0.50658,False
SIMULATED DATA - NOT PHYSICAL RFID MEASUREMENTS,20260924,id_card,steel_sheet,18.0,4,2,0.50658,False
SIMULATED DATA - NOT PHYSICAL RFID MEASUREMENTS,20260924,id_card,steel_sheet,18.0,4,3,0.50658,True
SIMULATED DATA - NOT PHYSICAL RFID MEASUREMENTS,20260924,id_card,steel_sheet,18.0,4,4,0.50658,False
SIMULATED DATA - NOT PHYSICAL RFID MEASUREMENTS,20260924,id_card,steel_sheet,18.0,4,5,0.50658,False
SIMULATED DATA - NOT PHYSICAL RFID MEASUREMENTS,20260924,id_card,steel_sheet,18.0,4,6,0.50658,True
SIMULATED DATA - NOT PHYSICAL RFID MEASUREMENTS,20260924,id_card,steel_sheet,18.0,4,7,0.50658,True
SIMULATED DATA - NOT PHYSICAL RFID MEASUREMENTS,20260924,id_card,steel_sheet,18.0,4,8,0.50658,False
SIMULATED DATA - NOT PHYSICAL RFID MEASUREMENTS,20260924,id_card,steel_sheet,18.0,4,9,0.50658,True
SIMULATED DATA - NOT PHYSICAL RFID MEASUREMENTS,20260924,id_card,steel_sheet,18.0,4,10,0.50658,True
SIMULATED DATA - NOT PHYSICAL RFID MEASUREMENTS,20260924,id_card,steel_sheet,18.0,5,1,0.060377,False
SIMULATED DATA - NOT PHYSICAL RFID MEASUREMENTS,20260924,id_card,steel_sheet,18.0,5,2,0.060377,False
SIMULATED DATA - NOT PHYSICAL RFID MEASUREMENTS,20260924,id_card,steel_sheet,18.0,5,3,0.060377,False
SIMULATED DATA - NOT PHYSICAL RFID MEASUREMENTS,20260924,id_card,steel_sheet,18.0,5,4,0.060377,False
SIMULATED DATA - NOT PHYSICAL RFID MEASUREMENTS,20260924,id_card,steel_sheet,18.0,5,5,0.060377,False
SIMULATED DATA - NOT PHYSICAL RFID MEASUREMENTS,20260924,id_card,steel_sheet,18.0,5,6,0.060377,False
SIMULATED DATA - NOT PHYSICAL RFID MEASUREMENTS,20260924,id_card,steel_sheet,18.0,5,7,0.060377,False
SIMULATED DATA - NOT PHYSICAL RFID MEASUREMENTS,20260924,id_card,steel_sheet,18.0,5,8,0.060377,False
SIMULATED DATA - NOT PHYSICAL RFID MEASUREMENTS,20260924,id_card,steel_sheet,18.0,5,9,0.060377,False
SIMULATED DATA - NOT PHYSICAL RFID MEASUREMENTS,20260924,id_card,steel_sheet,18.0,5,10,0.060377,False
SIMULATED DATA - NOT PHYSICAL RFID MEASUREMENTS,20260924,id_card,steel_sheet,18.0,6,1,0.004005,False
SIMULATED DATA - NOT PHYSICAL RFID MEASUREMENTS,20260924,id_card,steel_sheet,18.0,6,2,0.004005,False
SIMULATED DATA - NOT PHYSICAL RFID MEASUREMENTS,20260924,id_card,steel_sheet,18.0,6,3,0.004005,False
SIMULATED DATA - NOT PHYSICAL RFID MEASUREMENTS,20260924,id_card,steel_sheet,18.0,6,4,0.004005,False
SIMULATED DATA - NOT PHYSICAL RFID MEASUREMENTS,20260924,id_card,steel_sheet,18.0,6,5,0.004005,False
SIMULATED DATA - NOT PHYSICAL RFID MEASUREMENTS,20260924,id_card,steel_sheet,18.0,6,6,0.004005,False
SIMULATED DATA - NOT PHYSICAL RFID MEASUREMENTS,20260924,id_card,steel_sheet,18.0,6,7,0.004005,False
SIMULATED DATA - NOT PHYSICAL RFID MEASUREMENTS,20260924,id_card,steel_sheet,18.0,6,8,0.004005,False
SIMULATED DATA - NOT PHYSICAL RFID MEASUREMENTS,20260924,id_card,steel_sheet,18.0,6,9,0.004005,False
SIMULATED DATA - NOT PHYSICAL RFID MEASUREMENTS,20260924,id_card,steel_sheet,18.0,6,10,0.004005,False
SIMULATED DATA - NOT PHYSICAL RFID MEASUREMENTS,20260924,id_card,steel_sheet,18.0,7,1,0.000252,False
SIMULATED DATA - NOT PHYSICAL RFID MEASUREMENTS,20260924,id_card,steel_sheet,18.0,7,2,0.000252,False
SIMULATED DATA - NOT PHYSICAL RFID MEASUREMENTS,20260924,id_card,steel_sheet,18.0,7,3,0.000252,False
SIMULATED DATA - NOT PHYSICAL RFID MEASUREMENTS,20260924,id_card,steel_sheet,18.0,7,4,0.000252,False
SIMULATED DATA - NOT PHYSICAL RFID MEASUREMENTS,20260924,id_card,steel_sheet,18.0,7,5,0.000252,False
SIMULATED DATA - NOT PHYSICAL RFID MEASUREMENTS,20260924,id_card,steel_sheet,18.0,7,6,0.000252,False
SIMULATED DATA - NOT PHYSICAL RFID MEASUREMENTS,20260924,id_card,steel_sheet,18.0,7,7,0.000252,False
SIMULATED DATA - NOT PHYSICAL RFID MEASUREMENTS,20260924,id_card,steel_sheet,18.0,7,8,0.000252,False
SIMULATED DATA - NOT PHYSICAL RFID MEASUREMENTS,20260924,id_card,steel_sheet,18.0,7,9,0.000252,False
SIMULATED DATA - NOT PHYSICAL RFID MEASUREMENTS,20260924,id_card,steel_sheet,18.0,7,10,0.000252,False
SIMULATED DATA - NOT PHYSICAL RFID MEASUREMENTS,20260924,id_card,steel_sheet,18.0,8,1,1.6e-05,False
SIMULATED DATA - NOT PHYSICAL RFID MEASUREMENTS,20260924,id_card,steel_sheet,18.0,8,2,1.6e-05,False
SIMULATED DATA - NOT PHYSICAL RFID MEASUREMENTS,20260924,id_card,steel_sheet,18.0,8,3,1.6e-05,False
SIMULATED DATA - NOT PHYSICAL RFID MEASUREMENTS,20260924,id_card,steel_sheet,18.0,8,4,1.6e-05,False
SIMULATED DATA - NOT PHYSICAL RFID MEASUREMENTS,20260924,id_card,steel_sheet,18.0,8,5,1.6e-05,False
SIMULATED DATA - NOT PHYSICAL RFID MEASUREMENTS,20260924,id_card,steel_sheet,18.0,8,6,1.6e-05,False
SIMULATED DATA - NOT PHYSICAL RFID MEASUREMENTS,20260924,id_card,steel_sheet,18.0,8,7,1.6e-05,False
SIMULATED DATA - NOT PHYSICAL RFID MEASUREMENTS,20260924,id_card,steel_sheet,18.0,8,8,1.6e-05,False
SIMULATED DATA - NOT PHYSICAL RFID MEASUREMENTS,20260924,id_card,steel_sheet,18.0,8,9,1.6e-05,False
SIMULATED DATA - NOT PHYSICAL RFID MEASUREMENTS,20260924,id_card,steel_sheet,18.0,8,10,1.6e-05,False
SIMULATED DATA - NOT PHYSICAL RFID MEASUREMENTS,20260924,id_card,steel_sheet,18.0,9,1,1e-06,False
SIMULATED DATA - NOT PHYSICAL RFID MEASUREMENTS,20260924,id_card,steel_sheet,18.0,9,2,1e-06,False
SIMULATED DATA - NOT PHYSICAL RFID MEASUREMENTS,20260924,id_card,steel_sheet,18.0,9,3,1e-06,False
SIMULATED DATA - NOT PHYSICAL RFID MEASUREMENTS,20260924,id_card,steel_sheet,18.0,9,4,1e-06,False
SIMULATED DATA - NOT PHYSICAL RFID MEASUREMENTS,20260924,id_card,steel_sheet,18.0,9,5,1e-06,False
SIMULATED DATA - NOT PHYSICAL RFID MEASUREMENTS,20260924,id_card,steel_sheet,18.0,9,6,1e-06,False
SIMULATED DATA - NOT PHYSICAL RFID MEASUREMENTS,20260924,id_card,steel_sheet,18.0,9,7,1e-06,False
SIMULATED DATA - NOT PHYSICAL RFID MEASUREMENTS,20260924,id_card,steel_sheet,18.0,9,8,1e-06,False
SIMULATED DATA - NOT PHYSICAL RFID MEASUREMENTS,20260924,id_card,steel_sheet,18.0,9,9,1e-06,False
SIMULATED DATA - NOT PHYSICAL RFID MEASUREMENTS,20260924,id_card,steel_sheet,18.0,9,10,1e-06,False
SIMULATED DATA - NOT PHYSICAL RFID MEASUREMENTS,20260924,id_card,steel_sheet,18.0,10,1,0.0,False
SIMULATED DATA - NOT PHYSICAL RFID MEASUREMENTS,20260924,id_card,steel_sheet,18.0,10,2,0.0,False
SIMULATED DATA - NOT PHYSICAL RFID MEASUREMENTS,20260924,id_card,steel_sheet,18.0,10,3,0.0,False
SIMULATED DATA - NOT PHYSICAL RFID MEASUREMENTS,20260924,id_card,steel_sheet,18.0,10,4,0.0,False
SIMULATED DATA - NOT PHYSICAL RFID MEASUREMENTS,20260924,id_card,steel_sheet,18.0,10,5,0.0,False
SIMULATED DATA - NOT PHYSICAL RFID MEASUREMENTS,20260924,id_card,steel_sheet,18.0,10,6,0.0,False
SIMULATED DATA - NOT PHYSICAL RFID MEASUREMENTS,20260924,id_card,steel_sheet,18.0,10,7,0.0,False
SIMULATED DATA - NOT PHYSICAL RFID MEASUREMENTS,20260924,id_card,steel_sheet,18.0,10,8,0.0,False
SIMULATED DATA - NOT PHYSICAL RFID MEASUREMENTS,20260924,id_card,steel_sheet,18.0,10,9,0.0,False
SIMULATED DATA - NOT PHYSICAL RFID MEASUREMENTS,20260924,id_card,steel_sheet,18.0,10,10,0.0,False
SIMULATED DATA - NOT PHYSICAL RFID MEASUREMENTS,20260924,id_card,steel_sheet,18.0,11,1,0.0,False
SIMULATED DATA - NOT PHYSICAL RFID MEASUREMENTS,20260924,id_card,steel_sheet,18.0,11,2,0.0,False
SIMULATED DATA - NOT PHYSICAL RFID MEASUREMENTS,20260924,id_card,steel_sheet,18.0,11,3,0.0,False
SIMULATED DATA - NOT PHYSICAL RFID MEASUREMENTS,20260924,id_card,steel_sheet,18.0,11,4,0.0,False
SIMULATED DATA - NOT PHYSICAL RFID MEASUREMENTS,20260924,id_card,steel_sheet,18.0,11,5,0.0,False
SIMULATED DATA - NOT PHYSICAL RFID MEASUREMENTS,20260924,id_card,steel_sheet,18.0,11,6,0.0,False
SIMULATED DATA - NOT PHYSICAL RFID MEASUREMENTS,20260924,id_card,steel_sheet,18.0,11,7,0.0,False
SIMULATED DATA - NOT PHYSICAL RFID MEASUREMENTS,20260924,id_card,steel_sheet,18.0,11,8,0.0,False
SIMULATED DATA - NOT PHYSICAL RFID MEASUREMENTS,20260924,id_card,steel_sheet,18.0,11,9,0.0,False
SIMULATED DATA - NOT PHYSICAL RFID MEASUREMENTS,20260924,id_card,steel_sheet,18.0,11,10,0.0,False
SIMULATED DATA - NOT PHYSICAL RFID MEASUREMENTS,20260924,id_card,steel_sheet,18.0,12,1,0.0,False
SIMULATED DATA - NOT PHYSICAL RFID MEASUREMENTS,20260924,id_card,steel_sheet,18.0,12,2,0.0,False
SIMULATED DATA - NOT PHYSICAL RFID MEASUREMENTS,20260924,id_card,steel_sheet,18.0,12,3,0.0,False
SIMULATED DATA - NOT PHYSICAL RFID MEASUREMENTS,20260924,id_card,steel_sheet,18.0,12,4,0.0,False
SIMULATED DATA - NOT PHYSICAL RFID MEASUREMENTS,20260924,id_card,steel_sheet,18.0,12,5,0.0,False
SIMULATED DATA - NOT PHYSICAL RFID MEASUREMENTS,20260924,id_card,steel_sheet,18.0,12,6,0.0,False
SIMULATED DATA - NOT PHYSICAL RFID MEASUREMENTS,20260924,id_card,steel_sheet,18.0,12,7,0.0,False
SIMULATED DATA - NOT PHYSICAL RFID MEASUREMENTS,20260924,id_card,steel_sheet,18.0,12,8,0.0,False
SIMULATED DATA - NOT PHYSICAL RFID MEASUREMENTS,20260924,id_card,steel_sheet,18.0,12,9,0.0,False
SIMULATED DATA - NOT PHYSICAL RFID MEASUREMENTS,20260924,id_card,steel_sheet,18.0,12,10,0.0,False
SIMULATED DATA - NOT PHYSICAL RFID MEASUREMENTS,20260924,id_card,steel_sheet,18.0,13,1,0.0,False
SIMULATED DATA - NOT PHYSICAL RFID MEASUREMENTS,20260924,id_card,steel_sheet,18.0,13,2,0.0,False
SIMULATED DATA - NOT PHYSICAL RFID MEASUREMENTS,20260924,id_card,steel_sheet,18.0,13,3,0.0,False
SIMULATED DATA - NOT PHYSICAL RFID MEASUREMENTS,20260924,id_card,steel_sheet,18.0,13,4,0.0,False
SIMULATED DATA - NOT PHYSICAL RFID MEASUREMENTS,20260924,id_card,steel_sheet,18.0,13,5,0.0,False
SIMULATED DATA - NOT PHYSICAL RFID MEASUREMENTS,20260924,id_card,steel_sheet,18.0,13,6,0.0,False
SIMULATED DATA - NOT PHYSICAL RFID MEASUREMENTS,20260924,id_card,steel_sheet,18.0,13,7,0.0,False
SIMULATED DATA - NOT PHYSICAL RFID MEASUREMENTS,20260924,id_card,steel_sheet,18.0,13,8,0.0,False
SIMULATED DATA - NOT PHYSICAL RFID MEASUREMENTS,20260924,id_card,steel_sheet,18.0,13,9,0.0,False
SIMULATED DATA - NOT PHYSICAL RFID MEASUREMENTS,20260924,id_card,steel_sheet,18.0,13,10,0.0,False
SIMULATED DATA - NOT PHYSICAL RFID MEASUREMENTS,20260924,id_card,steel_sheet,18.0,14,1,0.0,False
SIMULATED DATA - NOT PHYSICAL RFID MEASUREMENTS,20260924,id_card,steel_sheet,18.0,14,2,0.0,False
SIMULATED DATA - NOT PHYSICAL RFID MEASUREMENTS,20260924,id_card,steel_sheet,18.0,14,3,0.0,False
SIMULATED DATA - NOT PHYSICAL RFID MEASUREMENTS,20260924,id_card,steel_sheet,18.0,14,4,0.0,False
SIMULATED DATA - NOT PHYSICAL RFID MEASUREMENTS,20260924,id_card,steel_sheet,18.0,14,5,0.0,False
SIMULATED DATA - NOT PHYSICAL RFID MEASUREMENTS,20260924,id_card,steel_sheet,18.0,14,6,0.0,False
SIMULATED DATA - NOT PHYSICAL RFID MEASUREMENTS,20260924,id_card,steel_sheet,18.0,14,7,0.0,False
SIMULATED DATA - NOT PHYSICAL RFID MEASUREMENTS,20260924,id_card,steel_sheet,18.0,14,8,0.0,False
SIMULATED DATA - NOT PHYSICAL RFID MEASUREMENTS,20260924,id_card,steel_sheet,18.0,14,9,0.0,False
SIMULATED DATA - NOT PHYSICAL RFID MEASUREMENTS,20260924,id_card,steel_sheet,18.0,14,10,0.0,False
SIMULATED DATA - NOT PHYSICAL RFID MEASUREMENTS,20260924,id_card,steel_sheet,18.0,15,1,0.0,False
SIMULATED DATA - NOT PHYSICAL RFID MEASUREMENTS,20260924,id_card,steel_sheet,18.0,15,2,0.0,False
SIMULATED DATA - NOT PHYSICAL RFID MEASUREMENTS,20260924,id_card,steel_sheet,18.0,15,3,0.0,False
SIMULATED DATA - NOT PHYSICAL RFID MEASUREMENTS,20260924,id_card,steel_sheet,18.0,15,4,0.0,False
SIMULATED DATA - NOT PHYSICAL RFID MEASUREMENTS,20260924,id_card,steel_sheet,18.0,15,5,0.0,False
SIMULATED DATA - NOT PHYSICAL RFID MEASUREMENTS,20260924,id_card,steel_sheet,18.0,15,6,0.0,False
SIMULATED DATA - NOT PHYSICAL RFID MEASUREMENTS,20260924,id_card,steel_sheet,18.0,15,7,0.0,False
SIMULATED DATA - NOT PHYSICAL RFID MEASUREMENTS,20260924,id_card,steel_sheet,18.0,15,8,0.0,False
SIMULATED DATA - NOT PHYSICAL RFID MEASUREMENTS,20260924,id_card,steel_sheet,18.0,15,9,0.0,False
SIMULATED DATA - NOT PHYSICAL RFID MEASUREMENTS,20260924,id_card,steel_sheet,18.0,15,10,0.0,False
SIMULATED DATA - NOT PHYSICAL RFID MEASUREMENTS,20260924,id_card,aluminum_foil,24.0,1,1,0.999511,True
SIMULATED DATA - NOT PHYSICAL RFID MEASUREMENTS,20260924,id_card,aluminum_foil,24.0,1,2,0.999511,True
SIMULATED DATA - NOT PHYSICAL RFID MEASUREMENTS,20260924,id_card,aluminum_foil,24.0,1,3,0.999511,True
SIMULATED DATA - NOT PHYSICAL RFID MEASUREMENTS,20260924,id_card,aluminum_foil,24.0,1,4,0.999511,True
SIMULATED DATA - NOT PHYSICAL RFID MEASUREMENTS,20260924,id_card,aluminum_foil,24.0,1,5,0.999511,True
SIMULATED DATA - NOT PHYSICAL RFID MEASUREMENTS,20260924,id_card,aluminum_foil,24.0,1,6,0.999511,True
SIMULATED DATA - NOT PHYSICAL RFID MEASUREMENTS,20260924,id_card,aluminum_foil,24.0,1,7,0.999511,True
SIMULATED DATA - NOT PHYSICAL RFID MEASUREMENTS,20260924,id_card,aluminum_foil,24.0,1,8,0.999511,True
SIMULATED DATA - NOT PHYSICAL RFID MEASUREMENTS,20260924,id_card,aluminum_foil,24.0,1,9,0.999511,True
SIMULATED DATA - NOT PHYSICAL RFID MEASUREMENTS,20260924,id_card,aluminum_foil,24.0,1,10,0.999511,True
SIMULATED DATA - NOT PHYSICAL RFID MEASUREMENTS,20260924,id_card,aluminum_foil,24.0,2,1,0.984228,True
SIMULATED DATA - NOT PHYSICAL RFID MEASUREMENTS,20260924,id_card,aluminum_foil,24.0,2,2,0.984228,True
SIMULATED DATA - NOT PHYSICAL RFID MEASUREMENTS,20260924,id_card,aluminum_foil,24.0,2,3,0.984228,True
SIMULATED DATA - NOT PHYSICAL RFID MEASUREMENTS,20260924,id_card,aluminum_foil,24.0,2,4,0.984228,True
SIMULATED DATA - NOT PHYSICAL RFID MEASUREMENTS,20260924,id_card,aluminum_foil,24.0,2,5,0.984228,True
SIMULATED DATA - NOT PHYSICAL RFID MEASUREMENTS,20260924,id_card,aluminum_foil,24.0,2,6,0.984228,True
SIMULATED DATA - NOT PHYSICAL RFID MEASUREMENTS,20260924,id_card,aluminum_foil,24.0,2,7,0.984228,True
SIMULATED DATA - NOT PHYSICAL RFID MEASUREMENTS,20260924,id_card,aluminum_foil,24.0,2,8,0.984228,True
SIMULATED DATA - NOT PHYSICAL RFID MEASUREMENTS,20260924,id_card,aluminum_foil,24.0,2,9,0.984228,True
SIMULATED DATA - NOT PHYSICAL RFID MEASUREMENTS,20260924,id_card,aluminum_foil,24.0,2,10,0.984228,True
SIMULATED DATA - NOT PHYSICAL RFID MEASUREMENTS,20260924,id_card,aluminum_foil,24.0,3,1,0.655864,True
SIMULATED DATA - NOT PHYSICAL RFID MEASUREMENTS,20260924,id_card,aluminum_foil,24.0,3,2,0.655864,True
SIMULATED DATA - NOT PHYSICAL RFID MEASUREMENTS,20260924,id_card,aluminum_foil,24.0,3,3,0.655864,True
SIMULATED DATA - NOT PHYSICAL RFID MEASUREMENTS,20260924,id_card,aluminum_foil,24.0,3,4,0.655864,False
SIMULATED DATA - NOT PHYSICAL RFID MEASUREMENTS,20260924,id_card,aluminum_foil,24.0,3,5,0.655864,True
SIMULATED DATA - NOT PHYSICAL RFID MEASUREMENTS,20260924,id_card,aluminum_foil,24.0,3,6,0.655864,True
SIMULATED DATA - NOT PHYSICAL RFID MEASUREMENTS,20260924,id_card,aluminum_foil,24.0,3,7,0.655864,False
SIMULATED DATA - NOT PHYSICAL RFID MEASUREMENTS,20260924,id_card,aluminum_foil,24.0,3,8,0.655864,True
SIMULATED DATA - NOT PHYSICAL RFID MEASUREMENTS,20260924,id_card,aluminum_foil,24.0,3,9,0.655864,True
SIMULATED DATA - NOT PHYSICAL RFID MEASUREMENTS,20260924,id_card,aluminum_foil,24.0,3,10,0.655864,False
SIMULATED DATA - NOT PHYSICAL RFID MEASUREMENTS,20260924,id_card,aluminum_foil,24.0,4,1,0.055002,False
SIMULATED DATA - NOT PHYSICAL RFID MEASUREMENTS,20260924,id_card,aluminum_foil,24.0,4,2,0.055002,False
SIMULATED DATA - NOT PHYSICAL RFID MEASUREMENTS,20260924,id_card,aluminum_foil,24.0,4,3,0.055002,False
SIMULATED DATA - NOT PHYSICAL RFID MEASUREMENTS,20260924,id_card,aluminum_foil,24.0,4,4,0.055002,False
SIMULATED DATA - NOT PHYSICAL RFID MEASUREMENTS,20260924,id_card,aluminum_foil,24.0,4,5,0.055002,False
SIMULATED DATA - NOT PHYSICAL RFID MEASUREMENTS,20260924,id_card,aluminum_foil,24.0,4,6,0.055002,False
SIMULATED DATA - NOT PHYSICAL RFID MEASUREMENTS,20260924,id_card,aluminum_foil,24.0,4,7,0.055002,False
SIMULATED DATA - NOT PHYSICAL RFID MEASUREMENTS,20260924,id_card,aluminum_foil,24.0,4,8,0.055002,False
SIMULATED DATA - NOT PHYSICAL RFID MEASUREMENTS,20260924,id_card,aluminum_foil,24.0,4,9,0.055002,False
SIMULATED DATA - NOT PHYSICAL RFID MEASUREMENTS,20260924,id_card,aluminum_foil,24.0,4,10,0.055002,False
SIMULATED DATA - NOT PHYSICAL RFID MEASUREMENTS,20260924,id_card,aluminum_foil,24.0,5,1,0.001774,False
SIMULATED DATA - NOT PHYSICAL RFID MEASUREMENTS,20260924,id_card,aluminum_foil,24.0,5,2,0.001774,False
SIMULATED DATA - NOT PHYSICAL RFID MEASUREMENTS,20260924,id_card,aluminum_foil,24.0,5,3,0.001774,False
SIMULATED DATA - NOT PHYSICAL RFID MEASUREMENTS,20260924,id_card,aluminum_foil,24.0,5,4,0.001774,False
SIMULATED DATA - NOT PHYSICAL RFID MEASUREMENTS,20260924,id_card,aluminum_foil,24.0,5,5,0.001774,False
SIMULATED DATA - NOT PHYSICAL RFID MEASUREMENTS,20260924,id_card,aluminum_foil,24.0,5,6,0.001774,False
SIMULATED DATA - NOT PHYSICAL RFID MEASUREMENTS,20260924,id_card,aluminum_foil,24.0,5,7,0.001774,False
SIMULATED DATA - NOT PHYSICAL RFID MEASUREMENTS,20260924,id_card,aluminum_foil,24.0,5,8,0.001774,False
SIMULATED DATA - NOT PHYSICAL RFID MEASUREMENTS,20260924,id_card,aluminum_foil,24.0,5,9,0.001774,False
SIMULATED DATA - NOT PHYSICAL RFID MEASUREMENTS,20260924,id_card,aluminum_foil,24.0,5,10,0.001774,False
SIMULATED DATA - NOT PHYSICAL RFID MEASUREMENTS,20260924,id_card,aluminum_foil,24.0,6,1,5.4e-05,False
SIMULATED DATA - NOT PHYSICAL RFID MEASUREMENTS,20260924,id_card,aluminum_foil,24.0,6,2,5.4e-05,False
SIMULATED DATA - NOT PHYSICAL RFID MEASUREMENTS,20260924,id_card,aluminum_foil,24.0,6,3,5.4e-05,False
SIMULATED DATA - NOT PHYSICAL RFID MEASUREMENTS,20260924,id_card,aluminum_foil,24.0,6,4,5.4e-05,False
SIMULATED DATA - NOT PHYSICAL RFID MEASUREMENTS,20260924,id_card,aluminum_foil,24.0,6,5,5.4e-05,False
SIMULATED DATA - NOT PHYSICAL RFID MEASUREMENTS,20260924,id_card,aluminum_foil,24.0,6,6,5.4e-05,False
SIMULATED DATA - NOT PHYSICAL RFID MEASUREMENTS,20260924,id_card,aluminum_foil,24.0,6,7,5.4e-05,False
SIMULATED DATA - NOT PHYSICAL RFID MEASUREMENTS,20260924,id_card,aluminum_foil,24.0,6,8,5.4e-05,False
SIMULATED DATA - NOT PHYSICAL RFID MEASUREMENTS,20260924,id_card,aluminum_foil,24.0,6,9,5.4e-05,False
SIMULATED DATA - NOT PHYSICAL RFID MEASUREMENTS,20260924,id_card,aluminum_foil,24.0,6,10,5.4e-05,False
SIMULATED DATA - NOT PHYSICAL RFID MEASUREMENTS,20260924,id_card,aluminum_foil,24.0,7,1,2e-06,False
SIMULATED DATA - NOT PHYSICAL RFID MEASUREMENTS,20260924,id_card,aluminum_foil,24.0,7,2,2e-06,False
SIMULATED DATA - NOT PHYSICAL RFID MEASUREMENTS,20260924,id_card,aluminum_foil,24.0,7,3,2e-06,False
SIMULATED DATA - NOT PHYSICAL RFID MEASUREMENTS,20260924,id_card,aluminum_foil,24.0,7,4,2e-06,False
SIMULATED DATA - NOT PHYSICAL RFID MEASUREMENTS,20260924,id_card,aluminum_foil,24.0,7,5,2e-06,False
SIMULATED DATA - NOT PHYSICAL RFID MEASUREMENTS,20260924,id_card,aluminum_foil,24.0,7,6,2e-06,False
SIMULATED DATA - NOT PHYSICAL RFID MEASUREMENTS,20260924,id_card,aluminum_foil,24.0,7,7,2e-06,False
SIMULATED DATA - NOT PHYSICAL RFID MEASUREMENTS,20260924,id_card,aluminum_foil,24.0,7,8,2e-06,False
SIMULATED DATA - NOT PHYSICAL RFID MEASUREMENTS,20260924,id_card,aluminum_foil,24.0,7,9,2e-06,False
SIMULATED DATA - NOT PHYSICAL RFID MEASUREMENTS,20260924,id_card,aluminum_foil,24.0,7,10,2e-06,False
SIMULATED DATA - NOT PHYSICAL RFID MEASUREMENTS,20260924,id_card,aluminum_foil,24.0,8,1,0.0,False
SIMULATED DATA - NOT PHYSICAL RFID MEASUREMENTS,20260924,id_card,aluminum_foil,24.0,8,2,0.0,False
SIMULATED DATA - NOT PHYSICAL RFID MEASUREMENTS,20260924,id_card,aluminum_foil,24.0,8,3,0.0,False
SIMULATED DATA - NOT PHYSICAL RFID MEASUREMENTS,20260924,id_card,aluminum_foil,24.0,8,4,0.0,False
SIMULATED DATA - NOT PHYSICAL RFID MEASUREMENTS,20260924,id_card,aluminum_foil,24.0,8,5,0.0,False
SIMULATED DATA - NOT PHYSICAL RFID MEASUREMENTS,20260924,id_card,aluminum_foil,24.0,8,6,0.0,False
SIMULATED DATA - NOT PHYSICAL RFID MEASUREMENTS,20260924,id_card,aluminum_foil,24.0,8,7,0.0,False
SIMULATED DATA - NOT PHYSICAL RFID MEASUREMENTS,20260924,id_card,aluminum_foil,24.0,8,8,0.0,False
SIMULATED DATA - NOT PHYSICAL RFID MEASUREMENTS,20260924,id_card,aluminum_foil,24.0,8,9,0.0,False
SIMULATED DATA - NOT PHYSICAL RFID MEASUREMENTS,20260924,id_card,aluminum_foil,24.0,8,10,0.0,False
SIMULATED DATA - NOT PHYSICAL RFID MEASUREMENTS,20260924,id_card,aluminum_foil,24.0,9,1,0.0,False
SIMULATED DATA - NOT PHYSICAL RFID MEASUREMENTS,20260924,id_card,aluminum_foil,24.0,9,2,0.0,False
SIMULATED DATA - NOT PHYSICAL RFID MEASUREMENTS,20260924,id_card,aluminum_foil,24.0,9,3,0.0,False
SIMULATED DATA - NOT PHYSICAL RFID MEASUREMENTS,20260924,id_card,aluminum_foil,24.0,9,4,0.0,False
SIMULATED DATA - NOT PHYSICAL RFID MEASUREMENTS,20260924,id_card,aluminum_foil,24.0,9,5,0.0,False
SIMULATED DATA - NOT PHYSICAL RFID MEASUREMENTS,20260924,id_card,aluminum_foil,24.0,9,6,0.0,False
SIMULATED DATA - NOT PHYSICAL RFID MEASUREMENTS,20260924,id_card,aluminum_foil,24.0,9,7,0.0,False
SIMULATED DATA - NOT PHYSICAL RFID MEASUREMENTS,20260924,id_card,aluminum_foil,24.0,9,8,0.0,False
SIMULATED DATA - NOT PHYSICAL RFID MEASUREMENTS,20260924,id_card,aluminum_foil,24.0,9,9,0.0,False
SIMULATED DATA - NOT PHYSICAL RFID MEASUREMENTS,20260924,id_card,aluminum_foil,24.0,9,10,0.0,False
SIMULATED DATA - NOT PHYSICAL RFID MEASUREMENTS,20260924,id_card,aluminum_foil,24.0,10,1,0.0,False
SIMULATED DATA - NOT PHYSICAL RFID MEASUREMENTS,20260924,id_card,aluminum_foil,24.0,10,2,0.0,False
SIMULATED DATA - NOT PHYSICAL RFID MEASUREMENTS,20260924,id_card,aluminum_foil,24.0,10,3,0.0,False
SIMULATED DATA - NOT PHYSICAL RFID MEASUREMENTS,20260924,id_card,aluminum_foil,24.0,10,4,0.0,False
SIMULATED DATA - NOT PHYSICAL RFID MEASUREMENTS,20260924,id_card,aluminum_foil,24.0,10,5,0.0,False
SIMULATED DATA - NOT PHYSICAL RFID MEASUREMENTS,20260924,id_card,aluminum_foil,24.0,10,6,0.0,False
SIMULATED DATA - NOT PHYSICAL RFID MEASUREMENTS,20260924,id_card,aluminum_foil,24.0,10,7,0.0,False
SIMULATED DATA - NOT PHYSICAL RFID MEASUREMENTS,20260924,id_card,aluminum_foil,24.0,10,8,0.0,False
SIMULATED DATA - NOT PHYSICAL RFID MEASUREMENTS,20260924,id_card,aluminum_foil,24.0,10,9,0.0,False
SIMULATED DATA - NOT PHYSICAL RFID MEASUREMENTS,20260924,id_card,aluminum_foil,24.0,10,10,0.0,False
SIMULATED DATA - NOT PHYSICAL RFID MEASUREMENTS,20260924,id_card,aluminum_foil,24.0,11,1,0.0,False
SIMULATED DATA - NOT PHYSICAL RFID MEASUREMENTS,20260924,id_card,aluminum_foil,24.0,11,2,0.0,False
SIMULATED DATA - NOT PHYSICAL RFID MEASUREMENTS,20260924,id_card,aluminum_foil,24.0,11,3,0.0,False
SIMULATED DATA - NOT PHYSICAL RFID MEASUREMENTS,20260924,id_card,aluminum_foil,24.0,11,4,0.0,False
SIMULATED DATA - NOT PHYSICAL RFID MEASUREMENTS,20260924,id_card,aluminum_foil,24.0,11,5,0.0,False
SIMULATED DATA - NOT PHYSICAL RFID MEASUREMENTS,20260924,id_card,aluminum_foil,24.0,11,6,0.0,False
SIMULATED DATA - NOT PHYSICAL RFID MEASUREMENTS,20260924,id_card,aluminum_foil,24.0,11,7,0.0,False
SIMULATED DATA - NOT PHYSICAL RFID MEASUREMENTS,20260924,id_card,aluminum_foil,24.0,11,8,0.0,False
SIMULATED DATA - NOT PHYSICAL RFID MEASUREMENTS,20260924,id_card,aluminum_foil,24.0,11,9,0.0,False
SIMULATED DATA - NOT PHYSICAL RFID MEASUREMENTS,20260924,id_card,aluminum_foil,24.0,11,10,0.0,False
SIMULATED DATA - NOT PHYSICAL RFID MEASUREMENTS,20260924,id_card,aluminum_foil,24.0,12,1,0.0,False
SIMULATED DATA - NOT PHYSICAL RFID MEASUREMENTS,20260924,id_card,aluminum_foil,24.0,12,2,0.0,False
SIMULATED DATA - NOT PHYSICAL RFID MEASUREMENTS,20260924,id_card,aluminum_foil,24.0,12,3,0.0,False
SIMULATED DATA - NOT PHYSICAL RFID MEASUREMENTS,20260924,id_card,aluminum_foil,24.0,12,4,0.0,False
SIMULATED DATA - NOT PHYSICAL RFID MEASUREMENTS,20260924,id_card,aluminum_foil,24.0,12,5,0.0,False
SIMULATED DATA - NOT PHYSICAL RFID MEASUREMENTS,20260924,id_card,aluminum_foil,24.0,12,6,0.0,False
SIMULATED DATA - NOT PHYSICAL RFID MEASUREMENTS,20260924,id_card,aluminum_foil,24.0,12,7,0.0,False
SIMULATED DATA - NOT PHYSICAL RFID MEASUREMENTS,20260924,id_card,aluminum_foil,24.0,12,8,0.0,False
SIMULATED DATA - NOT PHYSICAL RFID MEASUREMENTS,20260924,id_card,aluminum_foil,24.0,12,9,0.0,False
SIMULATED DATA - NOT PHYSICAL RFID MEASUREMENTS,20260924,id_card,aluminum_foil,24.0,12,10,0.0,False
SIMULATED DATA - NOT PHYSICAL RFID MEASUREMENTS,20260924,id_card,aluminum_foil,24.0,13,1,0.0,False
SIMULATED DATA - NOT PHYSICAL RFID MEASUREMENTS,20260924,id_card,aluminum_foil,24.0,13,2,0.0,False
SIMULATED DATA - NOT PHYSICAL RFID MEASUREMENTS,20260924,id_card,aluminum_foil,24.0,13,3,0.0,False
SIMULATED DATA - NOT PHYSICAL RFID MEASUREMENTS,20260924,id_card,aluminum_foil,24.0,13,4,0.0,False
SIMULATED DATA - NOT PHYSICAL RFID MEASUREMENTS,20260924,id_card,aluminum_foil,24.0,13,5,0.0,False
SIMULATED DATA - NOT PHYSICAL RFID MEASUREMENTS,20260924,id_card,aluminum_foil,24.0,13,6,0.0,False
SIMULATED DATA - NOT PHYSICAL RFID MEASUREMENTS,20260924,id_card,aluminum_foil,24.0,13,7,0.0,False
SIMULATED DATA - NOT PHYSICAL RFID MEASUREMENTS,20260924,id_card,aluminum_foil,24.0,13,8,0.0,False
SIMULATED DATA - NOT PHYSICAL RFID MEASUREMENTS,20260924,id_card,aluminum_foil,24.0,13,9,0.0,False
SIMULATED DATA - NOT PHYSICAL RFID MEASUREMENTS,20260924,id_card,aluminum_foil,24.0,13,10,0.0,False
SIMULATED DATA - NOT PHYSICAL RFID MEASUREMENTS,20260924,id_card,aluminum_foil,24.0,14,1,0.0,False
SIMULATED DATA - NOT PHYSICAL RFID MEASUREMENTS,20260924,id_card,aluminum_foil,24.0,14,2,0.0,False
SIMULATED DATA - NOT PHYSICAL RFID MEASUREMENTS,20260924,id_card,aluminum_foil,24.0,14,3,0.0,False
SIMULATED DATA - NOT PHYSICAL RFID MEASUREMENTS,20260924,id_card,aluminum_foil,24.0,14,4,0.0,False
SIMULATED DATA - NOT PHYSICAL RFID MEASUREMENTS,20260924,id_card,aluminum_foil,24.0,14,5,0.0,False
SIMULATED DATA - NOT PHYSICAL RFID MEASUREMENTS,20260924,id_card,aluminum_foil,24.0,14,6,0.0,False
SIMULATED DATA - NOT PHYSICAL RFID MEASUREMENTS,20260924,id_card,aluminum_foil,24.0,14,7,0.0,False
SIMULATED DATA - NOT PHYSICAL RFID MEASUREMENTS,20260924,id_card,aluminum_foil,24.0,14,8,0.0,False
SIMULATED DATA - NOT PHYSICAL RFID MEASUREMENTS,20260924,id_card,aluminum_foil,24.0,14,9,0.0,False
SIMULATED DATA - NOT PHYSICAL RFID MEASUREMENTS,20260924,id_card,aluminum_foil,24.0,14,10,0.0,False
SIMULATED DATA - NOT PHYSICAL RFID MEASUREMENTS,20260924,id_card,aluminum_foil,24.0,15,1,0.0,False
SIMULATED DATA - NOT PHYSICAL RFID MEASUREMENTS,20260924,id_card,aluminum_foil,24.0,15,2,0.0,False
SIMULATED DATA - NOT PHYSICAL RFID MEASUREMENTS,20260924,id_card,aluminum_foil,24.0,15,3,0.0,False
SIMULATED DATA - NOT PHYSICAL RFID MEASUREMENTS,20260924,id_card,aluminum_foil,24.0,15,4,0.0,False
SIMULATED DATA - NOT PHYSICAL RFID MEASUREMENTS,20260924,id_card,aluminum_foil,24.0,15,5,0.0,False
SIMULATED DATA - NOT PHYSICAL RFID MEASUREMENTS,20260924,id_card,aluminum_foil,24.0,15,6,0.0,False
SIMULATED DATA - NOT PHYSICAL RFID MEASUREMENTS,20260924,id_card,aluminum_foil,24.0,15,7,0.0,False
SIMULATED DATA - NOT PHYSICAL RFID MEASUREMENTS,20260924,id_card,aluminum_foil,24.0,15,8,0.0,False
SIMULATED DATA - NOT PHYSICAL RFID MEASUREMENTS,20260924,id_card,aluminum_foil,24.0,15,9,0.0,False
SIMULATED DATA - NOT PHYSICAL RFID MEASUREMENTS,20260924,id_card,aluminum_foil,24.0,15,10,0.0,False
SIMULATED DATA - NOT PHYSICAL RFID MEASUREMENTS,20260924,id_card,copper_foil,28.0,1,1,0.997943,True
SIMULATED DATA - NOT PHYSICAL RFID MEASUREMENTS,20260924,id_card,copper_foil,28.0,1,2,0.997943,True
SIMULATED DATA - NOT PHYSICAL RFID MEASUREMENTS,20260924,id_card,copper_foil,28.0,1,3,0.997943,True
SIMULATED DATA - NOT PHYSICAL RFID MEASUREMENTS,20260924,id_card,copper_foil,28.0,1,4,0.997943,True
SIMULATED DATA - NOT PHYSICAL RFID MEASUREMENTS,20260924,id_card,copper_foil,28.0,1,5,0.997943,True
SIMULATED DATA - NOT PHYSICAL RFID MEASUREMENTS,20260924,id_card,copper_foil,28.0,1,6,0.997943,True
SIMULATED DATA - NOT PHYSICAL RFID MEASUREMENTS,20260924,id_card,copper_foil,28.0,1,7,0.997943,True
SIMULATED DATA - NOT PHYSICAL RFID MEASUREMENTS,20260924,id_card,copper_foil,28.0,1,8,0.997943,True
SIMULATED DATA - NOT PHYSICAL RFID MEASUREMENTS,20260924,id_card,copper_foil,28.0,1,9,0.997943,True
SIMULATED DATA - NOT PHYSICAL RFID MEASUREMENTS,20260924,id_card,copper_foil,28.0,1,10,0.997943,True
SIMULATED DATA - NOT PHYSICAL RFID MEASUREMENTS,20260924,id_card,copper_foil,28.0,2,1,0.931693,True
SIMULATED DATA - NOT PHYSICAL RFID MEASUREMENTS,20260924,id_card,copper_foil,28.0,2,2,0.931693,True
SIMULATED DATA - NOT PHYSICAL RFID MEASUREMENTS,20260924,id_card,copper_foil,28.0,2,3,0.931693,True
SIMULATED DATA - NOT PHYSICAL RFID MEASUREMENTS,20260924,id_card,copper_foil,28.0,2,4,0.931693,True
SIMULATED DATA - NOT PHYSICAL RFID MEASUREMENTS,20260924,id_card,copper_foil,28.0,2,5,0.931693,True
SIMULATED DATA - NOT PHYSICAL RFID MEASUREMENTS,20260924,id_card,copper_foil,28.0,2,6,0.931693,True
SIMULATED DATA - NOT PHYSICAL RFID MEASUREMENTS,20260924,id_card,copper_foil,28.0,2,7,0.931693,True
SIMULATED DATA - NOT PHYSICAL RFID MEASUREMENTS,20260924,id_card,copper_foil,28.0,2,8,0.931693,True
SIMULATED DATA - NOT PHYSICAL RFID MEASUREMENTS,20260924,id_card,copper_foil,28.0,2,9,0.931693,True
SIMULATED DATA - NOT PHYSICAL RFID MEASUREMENTS,20260924,id_card,copper_foil,28.0,2,10,0.931693,True
SIMULATED DATA - NOT PHYSICAL RFID MEASUREMENTS,20260924,id_card,copper_foil,28.0,3,1,0.277192,True
SIMULATED DATA - NOT PHYSICAL RFID MEASUREMENTS,20260924,id_card,copper_foil,28.0,3,2,0.277192,False
SIMULATED DATA - NOT PHYSICAL RFID MEASUREMENTS,20260924,id_card,copper_foil,28.0,3,3,0.277192,False
SIMULATED DATA - NOT PHYSICAL RFID MEASUREMENTS,20260924,id_card,copper_foil,28.0,3,4,0.277192,False
SIMULATED DATA - NOT PHYSICAL RFID MEASUREMENTS,20260924,id_card,copper_foil,28.0,3,5,0.277192,True
SIMULATED DATA - NOT PHYSICAL RFID MEASUREMENTS,20260924,id_card,copper_foil,28.0,3,6,0.277192,False
SIMULATED DATA - NOT PHYSICAL RFID MEASUREMENTS,20260924,id_card,copper_foil,28.0,3,7,0.277192,True
SIMULATED DATA - NOT PHYSICAL RFID MEASUREMENTS,20260924,id_card,copper_foil,28.0,3,8,0.277192,False
SIMULATED DATA - NOT PHYSICAL RFID MEASUREMENTS,20260924,id_card,copper_foil,28.0,3,9,0.277192,False
SIMULATED DATA - NOT PHYSICAL RFID MEASUREMENTS,20260924,id_card,copper_foil,28.0,3,10,0.277192,False
SIMULATED DATA - NOT PHYSICAL RFID MEASUREMENTS,20260924,id_card,copper_foil,28.0,4,1,0.010667,False
SIMULATED DATA - NOT PHYSICAL RFID MEASUREMENTS,20260924,id_card,copper_foil,28.0,4,2,0.010667,False
SIMULATED DATA - NOT PHYSICAL RFID MEASUREMENTS,20260924,id_card,copper_foil,28.0,4,3,0.010667,False
SIMULATED DATA - NOT PHYSICAL RFID MEASUREMENTS,20260924,id_card,copper_foil,28.0,4,4,0.010667,False
SIMULATED DATA - NOT PHYSICAL RFID MEASUREMENTS,20260924,id_card,copper_foil,28.0,4,5,0.010667,False
SIMULATED DATA - NOT PHYSICAL RFID MEASUREMENTS,20260924,id_card,copper_foil,28.0,4,6,0.010667,True
SIMULATED DATA - NOT PHYSICAL RFID MEASUREMENTS,20260924,id_card,copper_foil,28.0,4,7,0.010667,False
SIMULATED DATA - NOT PHYSICAL RFID MEASUREMENTS,20260924,id_card,copper_foil,28.0,4,8,0.010667,False
SIMULATED DATA - NOT PHYSICAL RFID MEASUREMENTS,20260924,id_card,copper_foil,28.0,4,9,0.010667,False
SIMULATED DATA - NOT PHYSICAL RFID MEASUREMENTS,20260924,id_card,copper_foil,28.0,4,10,0.010667,False
SIMULATED DATA - NOT PHYSICAL RFID MEASUREMENTS,20260924,id_card,copper_foil,28.0,5,1,0.000303,False
SIMULATED DATA - NOT PHYSICAL RFID MEASUREMENTS,20260924,id_card,copper_foil,28.0,5,2,0.000303,False
SIMULATED DATA - NOT PHYSICAL RFID MEASUREMENTS,20260924,id_card,copper_foil,28.0,5,3,0.000303,False
SIMULATED DATA - NOT PHYSICAL RFID MEASUREMENTS,20260924,id_card,copper_foil,28.0,5,4,0.000303,False
SIMULATED DATA - NOT PHYSICAL RFID MEASUREMENTS,20260924,id_card,copper_foil,28.0,5,5,0.000303,False
SIMULATED DATA - NOT PHYSICAL RFID MEASUREMENTS,20260924,id_card,copper_foil,28.0,5,6,0.000303,False
SIMULATED DATA - NOT PHYSICAL RFID MEASUREMENTS,20260924,id_card,copper_foil,28.0,5,7,0.000303,False
SIMULATED DATA - NOT PHYSICAL RFID MEASUREMENTS,20260924,id_card,copper_foil,28.0,5,8,0.000303,False
SIMULATED DATA - NOT PHYSICAL RFID MEASUREMENTS,20260924,id_card,copper_foil,28.0,5,9,0.000303,False
SIMULATED DATA - NOT PHYSICAL RFID MEASUREMENTS,20260924,id_card,copper_foil,28.0,5,10,0.000303,False
SIMULATED DATA - NOT PHYSICAL RFID MEASUREMENTS,20260924,id_card,copper_foil,28.0,6,1,9e-06,False
SIMULATED DATA - NOT PHYSICAL RFID MEASUREMENTS,20260924,id_card,copper_foil,28.0,6,2,9e-06,False
SIMULATED DATA - NOT PHYSICAL RFID MEASUREMENTS,20260924,id_card,copper_foil,28.0,6,3,9e-06,False
SIMULATED DATA - NOT PHYSICAL RFID MEASUREMENTS,20260924,id_card,copper_foil,28.0,6,4,9e-06,False
SIMULATED DATA - NOT PHYSICAL RFID MEASUREMENTS,20260924,id_card,copper_foil,28.0,6,5,9e-06,False
SIMULATED DATA - NOT PHYSICAL RFID MEASUREMENTS,20260924,id_card,copper_foil,28.0,6,6,9e-06,False
SIMULATED DATA - NOT PHYSICAL RFID MEASUREMENTS,20260924,id_card,copper_foil,28.0,6,7,9e-06,False
SIMULATED DATA - NOT PHYSICAL RFID MEASUREMENTS,20260924,id_card,copper_foil,28.0,6,8,9e-06,False
SIMULATED DATA - NOT PHYSICAL RFID MEASUREMENTS,20260924,id_card,copper_foil,28.0,6,9,9e-06,False
SIMULATED DATA - NOT PHYSICAL RFID MEASUREMENTS,20260924,id_card,copper_foil,28.0,6,10,9e-06,False
SIMULATED DATA - NOT PHYSICAL RFID MEASUREMENTS,20260924,id_card,copper_foil,28.0,7,1,0.0,False
SIMULATED DATA - NOT PHYSICAL RFID MEASUREMENTS,20260924,id_card,copper_foil,28.0,7,2,0.0,False
SIMULATED DATA - NOT PHYSICAL RFID MEASUREMENTS,20260924,id_card,copper_foil,28.0,7,3,0.0,False
SIMULATED DATA - NOT PHYSICAL RFID MEASUREMENTS,20260924,id_card,copper_foil,28.0,7,4,0.0,False
SIMULATED DATA - NOT PHYSICAL RFID MEASUREMENTS,20260924,id_card,copper_foil,28.0,7,5,0.0,False
SIMULATED DATA - NOT PHYSICAL RFID MEASUREMENTS,20260924,id_card,copper_foil,28.0,7,6,0.0,False
SIMULATED DATA - NOT PHYSICAL RFID MEASUREMENTS,20260924,id_card,copper_foil,28.0,7,7,0.0,False
SIMULATED DATA - NOT PHYSICAL RFID MEASUREMENTS,20260924,id_card,copper_foil,28.0,7,8,0.0,False
SIMULATED DATA - NOT PHYSICAL RFID MEASUREMENTS,20260924,id_card,copper_foil,28.0,7,9,0.0,False
SIMULATED DATA - NOT PHYSICAL RFID MEASUREMENTS,20260924,id_card,copper_foil,28.0,7,10,0.0,False
SIMULATED DATA - NOT PHYSICAL RFID MEASUREMENTS,20260924,id_card,copper_foil,28.0,8,1,0.0,False
SIMULATED DATA - NOT PHYSICAL RFID MEASUREMENTS,20260924,id_card,copper_foil,28.0,8,2,0.0,False
SIMULATED DATA - NOT PHYSICAL RFID MEASUREMENTS,20260924,id_card,copper_foil,28.0,8,3,0.0,False
SIMULATED DATA - NOT PHYSICAL RFID MEASUREMENTS,20260924,id_card,copper_foil,28.0,8,4,0.0,False
SIMULATED DATA - NOT PHYSICAL RFID MEASUREMENTS,20260924,id_card,copper_foil,28.0,8,5,0.0,False
SIMULATED DATA - NOT PHYSICAL RFID MEASUREMENTS,20260924,id_card,copper_foil,28.0,8,6,0.0,False
SIMULATED DATA - NOT PHYSICAL RFID MEASUREMENTS,20260924,id_card,copper_foil,28.0,8,7,0.0,False
SIMULATED DATA - NOT PHYSICAL RFID MEASUREMENTS,20260924,id_card,copper_foil,28.0,8,8,0.0,False
SIMULATED DATA - NOT PHYSICAL RFID MEASUREMENTS,20260924,id_card,copper_foil,28.0,8,9,0.0,False
SIMULATED DATA - NOT PHYSICAL RFID MEASUREMENTS,20260924,id_card,copper_foil,28.0,8,10,0.0,False
SIMULATED DATA - NOT PHYSICAL RFID MEASUREMENTS,20260924,id_card,copper_foil,28.0,9,1,0.0,False
SIMULATED DATA - NOT PHYSICAL RFID MEASUREMENTS,20260924,id_card,copper_foil,28.0,9,2,0.0,False
SIMULATED DATA - NOT PHYSICAL RFID MEASUREMENTS,20260924,id_card,copper_foil,28.0,9,3,0.0,False
SIMULATED DATA - NOT PHYSICAL RFID MEASUREMENTS,20260924,id_card,copper_foil,28.0,9,4,0.0,False
SIMULATED DATA - NOT PHYSICAL RFID MEASUREMENTS,20260924,id_card,copper_foil,28.0,9,5,0.0,False
SIMULATED DATA - NOT PHYSICAL RFID MEASUREMENTS,20260924,id_card,copper_foil,28.0,9,6,0.0,False
SIMULATED DATA - NOT PHYSICAL RFID MEASUREMENTS,20260924,id_card,copper_foil,28.0,9,7,0.0,False
SIMULATED DATA - NOT PHYSICAL RFID MEASUREMENTS,20260924,id_card,copper_foil,28.0,9,8,0.0,False
SIMULATED DATA - NOT PHYSICAL RFID MEASUREMENTS,20260924,id_card,copper_foil,28.0,9,9,0.0,False
SIMULATED DATA - NOT PHYSICAL RFID MEASUREMENTS,20260924,id_card,copper_foil,28.0,9,10,0.0,False
SIMULATED DATA - NOT PHYSICAL RFID MEASUREMENTS,20260924,id_card,copper_foil,28.0,10,1,0.0,False
SIMULATED DATA - NOT PHYSICAL RFID MEASUREMENTS,20260924,id_card,copper_foil,28.0,10,2,0.0,False
SIMULATED DATA - NOT PHYSICAL RFID MEASUREMENTS,20260924,id_card,copper_foil,28.0,10,3,0.0,False
SIMULATED DATA - NOT PHYSICAL RFID MEASUREMENTS,20260924,id_card,copper_foil,28.0,10,4,0.0,False
SIMULATED DATA - NOT PHYSICAL RFID MEASUREMENTS,20260924,id_card,copper_foil,28.0,10,5,0.0,False
SIMULATED DATA - NOT PHYSICAL RFID MEASUREMENTS,20260924,id_card,copper_foil,28.0,10,6,0.0,False
SIMULATED DATA - NOT PHYSICAL RFID MEASUREMENTS,20260924,id_card,copper_foil,28.0,10,7,0.0,False
SIMULATED DATA - NOT PHYSICAL RFID MEASUREMENTS,20260924,id_card,copper_foil,28.0,10,8,0.0,False
SIMULATED DATA - NOT PHYSICAL RFID MEASUREMENTS,20260924,id_card,copper_foil,28.0,10,9,0.0,False
SIMULATED DATA - NOT PHYSICAL RFID MEASUREMENTS,20260924,id_card,copper_foil,28.0,10,10,0.0,False
SIMULATED DATA - NOT PHYSICAL RFID MEASUREMENTS,20260924,id_card,copper_foil,28.0,11,1,0.0,False
SIMULATED DATA - NOT PHYSICAL RFID MEASUREMENTS,20260924,id_card,copper_foil,28.0,11,2,0.0,False
SIMULATED DATA - NOT PHYSICAL RFID MEASUREMENTS,20260924,id_card,copper_foil,28.0,11,3,0.0,False
SIMULATED DATA - NOT PHYSICAL RFID MEASUREMENTS,20260924,id_card,copper_foil,28.0,11,4,0.0,False
SIMULATED DATA - NOT PHYSICAL RFID MEASUREMENTS,20260924,id_card,copper_foil,28.0,11,5,0.0,False
SIMULATED DATA - NOT PHYSICAL RFID MEASUREMENTS,20260924,id_card,copper_foil,28.0,11,6,0.0,False
SIMULATED DATA - NOT PHYSICAL RFID MEASUREMENTS,20260924,id_card,copper_foil,28.0,11,7,0.0,False
SIMULATED DATA - NOT PHYSICAL RFID MEASUREMENTS,20260924,id_card,copper_foil,28.0,11,8,0.0,False
SIMULATED DATA - NOT PHYSICAL RFID MEASUREMENTS,20260924,id_card,copper_foil,28.0,11,9,0.0,False
SIMULATED DATA - NOT PHYSICAL RFID MEASUREMENTS,20260924,id_card,copper_foil,28.0,11,10,0.0,False
SIMULATED DATA - NOT PHYSICAL RFID MEASUREMENTS,20260924,id_card,copper_foil,28.0,12,1,0.0,False
SIMULATED DATA - NOT PHYSICAL RFID MEASUREMENTS,20260924,id_card,copper_foil,28.0,12,2,0.0,False
SIMULATED DATA - NOT PHYSICAL RFID MEASUREMENTS,20260924,id_card,copper_foil,28.0,12,3,0.0,False
SIMULATED DATA - NOT PHYSICAL RFID MEASUREMENTS,20260924,id_card,copper_foil,28.0,12,4,0.0,False
SIMULATED DATA - NOT PHYSICAL RFID MEASUREMENTS,20260924,id_card,copper_foil,28.0,12,5,0.0,False
SIMULATED DATA - NOT PHYSICAL RFID MEASUREMENTS,20260924,id_card,copper_foil,28.0,12,6,0.0,False
SIMULATED DATA - NOT PHYSICAL RFID MEASUREMENTS,20260924,id_card,copper_foil,28.0,12,7,0.0,False
SIMULATED DATA - NOT PHYSICAL RFID MEASUREMENTS,20260924,id_card,copper_foil,28.0,12,8,0.0,False
SIMULATED DATA - NOT PHYSICAL RFID MEASUREMENTS,20260924,id_card,copper_foil,28.0,12,9,0.0,False
SIMULATED DATA - NOT PHYSICAL RFID MEASUREMENTS,20260924,id_card,copper_foil,28.0,12,10,0.0,False
SIMULATED DATA - NOT PHYSICAL RFID MEASUREMENTS,20260924,id_card,copper_foil,28.0,13,1,0.0,False
SIMULATED DATA - NOT PHYSICAL RFID MEASUREMENTS,20260924,id_card,copper_foil,28.0,13,2,0.0,False
SIMULATED DATA - NOT PHYSICAL RFID MEASUREMENTS,20260924,id_card,copper_foil,28.0,13,3,0.0,False
SIMULATED DATA - NOT PHYSICAL RFID MEASUREMENTS,20260924,id_card,copper_foil,28.0,13,4,0.0,False
SIMULATED DATA - NOT PHYSICAL RFID MEASUREMENTS,20260924,id_card,copper_foil,28.0,13,5,0.0,False
SIMULATED DATA - NOT PHYSICAL RFID MEASUREMENTS,20260924,id_card,copper_foil,28.0,13,6,0.0,False
SIMULATED DATA - NOT PHYSICAL RFID MEASUREMENTS,20260924,id_card,copper_foil,28.0,13,7,0.0,False
SIMULATED DATA - NOT PHYSICAL RFID MEASUREMENTS,20260924,id_card,copper_foil,28.0,13,8,0.0,False
SIMULATED DATA - NOT PHYSICAL RFID MEASUREMENTS,20260924,id_card,copper_foil,28.0,13,9,0.0,False
SIMULATED DATA - NOT PHYSICAL RFID MEASUREMENTS,20260924,id_card,copper_foil,28.0,13,10,0.0,False
SIMULATED DATA - NOT PHYSICAL RFID MEASUREMENTS,20260924,id_card,copper_foil,28.0,14,1,0.0,False
SIMULATED DATA - NOT PHYSICAL RFID MEASUREMENTS,20260924,id_card,copper_foil,28.0,14,2,0.0,False
SIMULATED DATA - NOT PHYSICAL RFID MEASUREMENTS,20260924,id_card,copper_foil,28.0,14,3,0.0,False
SIMULATED DATA - NOT PHYSICAL RFID MEASUREMENTS,20260924,id_card,copper_foil,28.0,14,4,0.0,False
SIMULATED DATA - NOT PHYSICAL RFID MEASUREMENTS,20260924,id_card,copper_foil,28.0,14,5,0.0,False
SIMULATED DATA - NOT PHYSICAL RFID MEASUREMENTS,20260924,id_card,copper_foil,28.0,14,6,0.0,False
SIMULATED DATA - NOT PHYSICAL RFID MEASUREMENTS,20260924,id_card,copper_foil,28.0,14,7,0.0,False
SIMULATED DATA - NOT PHYSICAL RFID MEASUREMENTS,20260924,id_card,copper_foil,28.0,14,8,0.0,False
SIMULATED DATA - NOT PHYSICAL RFID MEASUREMENTS,20260924,id_card,copper_foil,28.0,14,9,0.0,False
SIMULATED DATA - NOT PHYSICAL RFID MEASUREMENTS,20260924,id_card,copper_foil,28.0,14,10,0.0,False
SIMULATED DATA - NOT PHYSICAL RFID MEASUREMENTS,20260924,id_card,copper_foil,28.0,15,1,0.0,False
SIMULATED DATA - NOT PHYSICAL RFID MEASUREMENTS,20260924,id_card,copper_foil,28.0,15,2,0.0,False
SIMULATED DATA - NOT PHYSICAL RFID MEASUREMENTS,20260924,id_card,copper_foil,28.0,15,3,0.0,False
SIMULATED DATA - NOT PHYSICAL RFID MEASUREMENTS,20260924,id_card,copper_foil,28.0,15,4,0.0,False
SIMULATED DATA - NOT PHYSICAL RFID MEASUREMENTS,20260924,id_card,copper_foil,28.0,15,5,0.0,False
SIMULATED DATA - NOT PHYSICAL RFID MEASUREMENTS,20260924,id_card,copper_foil,28.0,15,6,0.0,False
SIMULATED DATA - NOT PHYSICAL RFID MEASUREMENTS,20260924,id_card,copper_foil,28.0,15,7,0.0,False
SIMULATED DATA - NOT PHYSICAL RFID MEASUREMENTS,20260924,id_card,copper_foil,28.0,15,8,0.0,False
SIMULATED DATA - NOT PHYSICAL RFID MEASUREMENTS,20260924,id_card,copper_foil,28.0,15,9,0.0,False
SIMULATED DATA - NOT PHYSICAL RFID MEASUREMENTS,20260924,id_card,copper_foil,28.0,15,10,0.0,False
SIMULATED DATA - NOT PHYSICAL RFID MEASUREMENTS,20260924,id_card,commercial_rfid_sleeve,32.0,1,1,0.991806,True
SIMULATED DATA - NOT PHYSICAL RFID MEASUREMENTS,20260924,id_card,commercial_rfid_sleeve,32.0,1,2,0.991806,True
SIMULATED DATA - NOT PHYSICAL RFID MEASUREMENTS,20260924,id_card,commercial_rfid_sleeve,32.0,1,3,0.991806,False
SIMULATED DATA - NOT PHYSICAL RFID MEASUREMENTS,20260924,id_card,commercial_rfid_sleeve,32.0,1,4,0.991806,True
SIMULATED DATA - NOT PHYSICAL RFID MEASUREMENTS,20260924,id_card,commercial_rfid_sleeve,32.0,1,5,0.991806,True
SIMULATED DATA - NOT PHYSICAL RFID MEASUREMENTS,20260924,id_card,commercial_rfid_sleeve,32.0,1,6,0.991806,True
SIMULATED DATA - NOT PHYSICAL RFID MEASUREMENTS,20260924,id_card,commercial_rfid_sleeve,32.0,1,7,0.991806,True
SIMULATED DATA - NOT PHYSICAL RFID MEASUREMENTS,20260924,id_card,commercial_rfid_sleeve,32.0,1,8,0.991806,True
SIMULATED DATA - NOT PHYSICAL RFID MEASUREMENTS,20260924,id_card,commercial_rfid_sleeve,32.0,1,9,0.991806,True
SIMULATED DATA - NOT PHYSICAL RFID MEASUREMENTS,20260924,id_card,commercial_rfid_sleeve,32.0,1,10,0.991806,True
SIMULATED DATA - NOT PHYSICAL RFID MEASUREMENTS,20260924,id_card,commercial_rfid_sleeve,32.0,2,1,0.772889,False
SIMULATED DATA - NOT PHYSICAL RFID MEASUREMENTS,20260924,id_card,commercial_rfid_sleeve,32.0,2,2,0.772889,True
SIMULATED DATA - NOT PHYSICAL RFID MEASUREMENTS,20260924,id_card,commercial_rfid_sleeve,32.0,2,3,0.772889,True
SIMULATED DATA - NOT PHYSICAL RFID MEASUREMENTS,20260924,id_card,commercial_rfid_sleeve,32.0,2,4,0.772889,True
SIMULATED DATA - NOT PHYSICAL RFID MEASUREMENTS,20260924,id_card,commercial_rfid_sleeve,32.0,2,5,0.772889,True
SIMULATED DATA - NOT PHYSICAL RFID MEASUREMENTS,20260924,id_card,commercial_rfid_sleeve,32.0,2,6,0.772889,True
SIMULATED DATA - NOT PHYSICAL RFID MEASUREMENTS,20260924,id_card,commercial_rfid_sleeve,32.0,2,7,0.772889,True
SIMULATED DATA - NOT PHYSICAL RFID MEASUREMENTS,20260924,id_card,commercial_rfid_sleeve,32.0,2,8,0.772889,True
SIMULATED DATA - NOT PHYSICAL RFID MEASUREMENTS,20260924,id_card,commercial_rfid_sleeve,32.0,2,9,0.772889,True
SIMULATED DATA - NOT PHYSICAL RFID MEASUREMENTS,20260924,id_card,commercial_rfid_sleeve,32.0,2,10,0.772889,True
SIMULATED DATA - NOT PHYSICAL RFID MEASUREMENTS,20260924,id_card,commercial_rfid_sleeve,32.0,3,1,0.087326,False
SIMULATED DATA - NOT PHYSICAL RFID MEASUREMENTS,20260924,id_card,commercial_rfid_sleeve,32.0,3,2,0.087326,False
SIMULATED DATA - NOT PHYSICAL RFID MEASUREMENTS,20260924,id_card,commercial_rfid_sleeve,32.0,3,3,0.087326,True
SIMULATED DATA - NOT PHYSICAL RFID MEASUREMENTS,20260924,id_card,commercial_rfid_sleeve,32.0,3,4,0.087326,False
SIMULATED DATA - NOT PHYSICAL RFID MEASUREMENTS,20260924,id_card,commercial_rfid_sleeve,32.0,3,5,0.087326,False
SIMULATED DATA - NOT PHYSICAL RFID MEASUREMENTS,20260924,id_card,commercial_rfid_sleeve,32.0,3,6,0.087326,False
SIMULATED DATA - NOT PHYSICAL RFID MEASUREMENTS,20260924,id_card,commercial_rfid_sleeve,32.0,3,7,0.087326,True
SIMULATED DATA - NOT PHYSICAL RFID MEASUREMENTS,20260924,id_card,commercial_rfid_sleeve,32.0,3,8,0.087326,False
SIMULATED DATA - NOT PHYSICAL RFID MEASUREMENTS,20260924,id_card,commercial_rfid_sleeve,32.0,3,9,0.087326,False
SIMULATED DATA - NOT PHYSICAL RFID MEASUREMENTS,20260924,id_card,commercial_rfid_sleeve,32.0,3,10,0.087326,False
SIMULATED DATA - NOT PHYSICAL RFID MEASUREMENTS,20260924,id_card,commercial_rfid_sleeve,32.0,4,1,0.002683,False
SIMULATED DATA - NOT PHYSICAL RFID MEASUREMENTS,20260924,id_card,commercial_rfid_sleeve,32.0,4,2,0.002683,False
SIMULATED DATA - NOT PHYSICAL RFID MEASUREMENTS,20260924,id_card,commercial_rfid_sleeve,32.0,4,3,0.002683,False
SIMULATED DATA - NOT PHYSICAL RFID MEASUREMENTS,20260924,id_card,commercial_rfid_sleeve,32.0,4,4,0.002683,False
SIMULATED DATA - NOT PHYSICAL RFID MEASUREMENTS,20260924,id_card,commercial_rfid_sleeve,32.0,4,5,0.002683,False
SIMULATED DATA - NOT PHYSICAL RFID MEASUREMENTS,20260924,id_card,commercial_rfid_sleeve,32.0,4,6,0.002683,False
SIMULATED DATA - NOT PHYSICAL RFID MEASUREMENTS,20260924,id_card,commercial_rfid_sleeve,32.0,4,7,0.002683,False
SIMULATED DATA - NOT PHYSICAL RFID MEASUREMENTS,20260924,id_card,commercial_rfid_sleeve,32.0,4,8,0.002683,False
SIMULATED DATA - NOT PHYSICAL RFID MEASUREMENTS,20260924,id_card,commercial_rfid_sleeve,32.0,4,9,0.002683,False
SIMULATED DATA - NOT PHYSICAL RFID MEASUREMENTS,20260924,id_card,commercial_rfid_sleeve,32.0,4,10,0.002683,False
SIMULATED DATA - NOT PHYSICAL RFID MEASUREMENTS,20260924,id_card,commercial_rfid_sleeve,32.0,5,1,7.6e-05,False
SIMULATED DATA - NOT PHYSICAL RFID MEASUREMENTS,20260924,id_card,commercial_rfid_sleeve,32.0,5,2,7.6e-05,False
SIMULATED DATA - NOT PHYSICAL RFID MEASUREMENTS,20260924,id_card,commercial_rfid_sleeve,32.0,5,3,7.6e-05,False
SIMULATED DATA - NOT PHYSICAL RFID MEASUREMENTS,20260924,id_card,commercial_rfid_sleeve,32.0,5,4,7.6e-05,False
SIMULATED DATA - NOT PHYSICAL RFID MEASUREMENTS,20260924,id_card,commercial_rfid_sleeve,32.0,5,5,7.6e-05,False
SIMULATED DATA - NOT PHYSICAL RFID MEASUREMENTS,20260924,id_card,commercial_rfid_sleeve,32.0,5,6,7.6e-05,False
SIMULATED DATA - NOT PHYSICAL RFID MEASUREMENTS,20260924,id_card,commercial_rfid_sleeve,32.0,5,7,7.6e-05,False
SIMULATED DATA - NOT PHYSICAL RFID MEASUREMENTS,20260924,id_card,commercial_rfid_sleeve,32.0,5,8,7.6e-05,False
SIMULATED DATA - NOT PHYSICAL RFID MEASUREMENTS,20260924,id_card,commercial_rfid_sleeve,32.0,5,9,7.6e-05,False
SIMULATED DATA - NOT PHYSICAL RFID MEASUREMENTS,20260924,id_card,commercial_rfid_sleeve,32.0,5,10,7.6e-05,False
SIMULATED DATA - NOT PHYSICAL RFID MEASUREMENTS,20260924,id_card,commercial_rfid_sleeve,32.0,6,1,2e-06,False
SIMULATED DATA - NOT PHYSICAL RFID MEASUREMENTS,20260924,id_card,commercial_rfid_sleeve,32.0,6,2,2e-06,False
SIMULATED DATA - NOT PHYSICAL RFID MEASUREMENTS,20260924,id_card,commercial_rfid_sleeve,32.0,6,3,2e-06,False
SIMULATED DATA - NOT PHYSICAL RFID MEASUREMENTS,20260924,id_card,commercial_rfid_sleeve,32.0,6,4,2e-06,False
SIMULATED DATA - NOT PHYSICAL RFID MEASUREMENTS,20260924,id_card,commercial_rfid_sleeve,32.0,6,5,2e-06,False
SIMULATED DATA - NOT PHYSICAL RFID MEASUREMENTS,20260924,id_card,commercial_rfid_sleeve,32.0,6,6,2e-06,False
SIMULATED DATA - NOT PHYSICAL RFID MEASUREMENTS,20260924,id_card,commercial_rfid_sleeve,32.0,6,7,2e-06,False
SIMULATED DATA - NOT PHYSICAL RFID MEASUREMENTS,20260924,id_card,commercial_rfid_sleeve,32.0,6,8,2e-06,False
SIMULATED DATA - NOT PHYSICAL RFID MEASUREMENTS,20260924,id_card,commercial_rfid_sleeve,32.0,6,9,2e-06,False
SIMULATED DATA - NOT PHYSICAL RFID MEASUREMENTS,20260924,id_card,commercial_rfid_sleeve,32.0,6,10,2e-06,False
SIMULATED DATA - NOT PHYSICAL RFID MEASUREMENTS,20260924,id_card,commercial_rfid_sleeve,32.0,7,1,0.0,False
SIMULATED DATA - NOT PHYSICAL RFID MEASUREMENTS,20260924,id_card,commercial_rfid_sleeve,32.0,7,2,0.0,False
SIMULATED DATA - NOT PHYSICAL RFID MEASUREMENTS,20260924,id_card,commercial_rfid_sleeve,32.0,7,3,0.0,False
SIMULATED DATA - NOT PHYSICAL RFID MEASUREMENTS,20260924,id_card,commercial_rfid_sleeve,32.0,7,4,0.0,False
SIMULATED DATA - NOT PHYSICAL RFID MEASUREMENTS,20260924,id_card,commercial_rfid_sleeve,32.0,7,5,0.0,False
SIMULATED DATA - NOT PHYSICAL RFID MEASUREMENTS,20260924,id_card,commercial_rfid_sleeve,32.0,7,6,0.0,False
SIMULATED DATA - NOT PHYSICAL RFID MEASUREMENTS,20260924,id_card,commercial_rfid_sleeve,32.0,7,7,0.0,False
SIMULATED DATA - NOT PHYSICAL RFID MEASUREMENTS,20260924,id_card,commercial_rfid_sleeve,32.0,7,8,0.0,False
SIMULATED DATA - NOT PHYSICAL RFID MEASUREMENTS,20260924,id_card,commercial_rfid_sleeve,32.0,7,9,0.0,False
SIMULATED DATA - NOT PHYSICAL RFID MEASUREMENTS,20260924,id_card,commercial_rfid_sleeve,32.0,7,10,0.0,False
SIMULATED DATA - NOT PHYSICAL RFID MEASUREMENTS,20260924,id_card,commercial_rfid_sleeve,32.0,8,1,0.0,False
SIMULATED DATA - NOT PHYSICAL RFID MEASUREMENTS,20260924,id_card,commercial_rfid_sleeve,32.0,8,2,0.0,False
SIMULATED DATA - NOT PHYSICAL RFID MEASUREMENTS,20260924,id_card,commercial_rfid_sleeve,32.0,8,3,0.0,False
SIMULATED DATA - NOT PHYSICAL RFID MEASUREMENTS,20260924,id_card,commercial_rfid_sleeve,32.0,8,4,0.0,False
SIMULATED DATA - NOT PHYSICAL RFID MEASUREMENTS,20260924,id_card,commercial_rfid_sleeve,32.0,8,5,0.0,False
SIMULATED DATA - NOT PHYSICAL RFID MEASUREMENTS,20260924,id_card,commercial_rfid_sleeve,32.0,8,6,0.0,False
SIMULATED DATA - NOT PHYSICAL RFID MEASUREMENTS,20260924,id_card,commercial_rfid_sleeve,32.0,8,7,0.0,False
SIMULATED DATA - NOT PHYSICAL RFID MEASUREMENTS,20260924,id_card,commercial_rfid_sleeve,32.0,8,8,0.0,False
SIMULATED DATA - NOT PHYSICAL RFID MEASUREMENTS,20260924,id_card,commercial_rfid_sleeve,32.0,8,9,0.0,False
SIMULATED DATA - NOT PHYSICAL RFID MEASUREMENTS,20260924,id_card,commercial_rfid_sleeve,32.0,8,10,0.0,False
SIMULATED DATA - NOT PHYSICAL RFID MEASUREMENTS,20260924,id_card,commercial_rfid_sleeve,32.0,9,1,0.0,False
SIMULATED DATA - NOT PHYSICAL RFID MEASUREMENTS,20260924,id_card,commercial_rfid_sleeve,32.0,9,2,0.0,False
SIMULATED DATA - NOT PHYSICAL RFID MEASUREMENTS,20260924,id_card,commercial_rfid_sleeve,32.0,9,3,0.0,False
SIMULATED DATA - NOT PHYSICAL RFID MEASUREMENTS,20260924,id_card,commercial_rfid_sleeve,32.0,9,4,0.0,False
SIMULATED DATA - NOT PHYSICAL RFID MEASUREMENTS,20260924,id_card,commercial_rfid_sleeve,32.0,9,5,0.0,False
SIMULATED DATA - NOT PHYSICAL RFID MEASUREMENTS,20260924,id_card,commercial_rfid_sleeve,32.0,9,6,0.0,False
SIMULATED DATA - NOT PHYSICAL RFID MEASUREMENTS,20260924,id_card,commercial_rfid_sleeve,32.0,9,7,0.0,False
SIMULATED DATA - NOT PHYSICAL RFID MEASUREMENTS,20260924,id_card,commercial_rfid_sleeve,32.0,9,8,0.0,False
SIMULATED DATA - NOT PHYSICAL RFID MEASUREMENTS,20260924,id_card,commercial_rfid_sleeve,32.0,9,9,0.0,False
SIMULATED DATA - NOT PHYSICAL RFID MEASUREMENTS,20260924,id_card,commercial_rfid_sleeve,32.0,9,10,0.0,False
SIMULATED DATA - NOT PHYSICAL RFID MEASUREMENTS,20260924,id_card,commercial_rfid_sleeve,32.0,10,1,0.0,False
SIMULATED DATA - NOT PHYSICAL RFID MEASUREMENTS,20260924,id_card,commercial_rfid_sleeve,32.0,10,2,0.0,False
SIMULATED DATA - NOT PHYSICAL RFID MEASUREMENTS,20260924,id_card,commercial_rfid_sleeve,32.0,10,3,0.0,False
SIMULATED DATA - NOT PHYSICAL RFID MEASUREMENTS,20260924,id_card,commercial_rfid_sleeve,32.0,10,4,0.0,False
SIMULATED DATA - NOT PHYSICAL RFID MEASUREMENTS,20260924,id_card,commercial_rfid_sleeve,32.0,10,5,0.0,False
SIMULATED DATA - NOT PHYSICAL RFID MEASUREMENTS,20260924,id_card,commercial_rfid_sleeve,32.0,10,6,0.0,False
SIMULATED DATA - NOT PHYSICAL RFID MEASUREMENTS,20260924,id_card,commercial_rfid_sleeve,32.0,10,7,0.0,False
SIMULATED DATA - NOT PHYSICAL RFID MEASUREMENTS,20260924,id_card,commercial_rfid_sleeve,32.0,10,8,0.0,False
SIMULATED DATA - NOT PHYSICAL RFID MEASUREMENTS,20260924,id_card,commercial_rfid_sleeve,32.0,10,9,0.0,False
SIMULATED DATA - NOT PHYSICAL RFID MEASUREMENTS,20260924,id_card,commercial_rfid_sleeve,32.0,10,10,0.0,False
SIMULATED DATA - NOT PHYSICAL RFID MEASUREMENTS,20260924,id_card,commercial_rfid_sleeve,32.0,11,1,0.0,False
SIMULATED DATA - NOT PHYSICAL RFID MEASUREMENTS,20260924,id_card,commercial_rfid_sleeve,32.0,11,2,0.0,False
SIMULATED DATA - NOT PHYSICAL RFID MEASUREMENTS,20260924,id_card,commercial_rfid_sleeve,32.0,11,3,0.0,False
SIMULATED DATA - NOT PHYSICAL RFID MEASUREMENTS,20260924,id_card,commercial_rfid_sleeve,32.0,11,4,0.0,False
SIMULATED DATA - NOT PHYSICAL RFID MEASUREMENTS,20260924,id_card,commercial_rfid_sleeve,32.0,11,5,0.0,False
SIMULATED DATA - NOT PHYSICAL RFID MEASUREMENTS,20260924,id_card,commercial_rfid_sleeve,32.0,11,6,0.0,False
SIMULATED DATA - NOT PHYSICAL RFID MEASUREMENTS,20260924,id_card,commercial_rfid_sleeve,32.0,11,7,0.0,False
SIMULATED DATA - NOT PHYSICAL RFID MEASUREMENTS,20260924,id_card,commercial_rfid_sleeve,32.0,11,8,0.0,False
SIMULATED DATA - NOT PHYSICAL RFID MEASUREMENTS,20260924,id_card,commercial_rfid_sleeve,32.0,11,9,0.0,False
SIMULATED DATA - NOT PHYSICAL RFID MEASUREMENTS,20260924,id_card,commercial_rfid_sleeve,32.0,11,10,0.0,False
SIMULATED DATA - NOT PHYSICAL RFID MEASUREMENTS,20260924,id_card,commercial_rfid_sleeve,32.0,12,1,0.0,False
SIMULATED DATA - NOT PHYSICAL RFID MEASUREMENTS,20260924,id_card,commercial_rfid_sleeve,32.0,12,2,0.0,False
SIMULATED DATA - NOT PHYSICAL RFID MEASUREMENTS,20260924,id_card,commercial_rfid_sleeve,32.0,12,3,0.0,False
SIMULATED DATA - NOT PHYSICAL RFID MEASUREMENTS,20260924,id_card,commercial_rfid_sleeve,32.0,12,4,0.0,False
SIMULATED DATA - NOT PHYSICAL RFID MEASUREMENTS,20260924,id_card,commercial_rfid_sleeve,32.0,12,5,0.0,False
SIMULATED DATA - NOT PHYSICAL RFID MEASUREMENTS,20260924,id_card,commercial_rfid_sleeve,32.0,12,6,0.0,False
SIMULATED DATA - NOT PHYSICAL RFID MEASUREMENTS,20260924,id_card,commercial_rfid_sleeve,32.0,12,7,0.0,False
SIMULATED DATA - NOT PHYSICAL RFID MEASUREMENTS,20260924,id_card,commercial_rfid_sleeve,32.0,12,8,0.0,False
SIMULATED DATA - NOT PHYSICAL RFID MEASUREMENTS,20260924,id_card,commercial_rfid_sleeve,32.0,12,9,0.0,False
SIMULATED DATA - NOT PHYSICAL RFID MEASUREMENTS,20260924,id_card,commercial_rfid_sleeve,32.0,12,10,0.0,False
SIMULATED DATA - NOT PHYSICAL RFID MEASUREMENTS,20260924,id_card,commercial_rfid_sleeve,32.0,13,1,0.0,False
SIMULATED DATA - NOT PHYSICAL RFID MEASUREMENTS,20260924,id_card,commercial_rfid_sleeve,32.0,13,2,0.0,False
SIMULATED DATA - NOT PHYSICAL RFID MEASUREMENTS,20260924,id_card,commercial_rfid_sleeve,32.0,13,3,0.0,False
SIMULATED DATA - NOT PHYSICAL RFID MEASUREMENTS,20260924,id_card,commercial_rfid_sleeve,32.0,13,4,0.0,False
SIMULATED DATA - NOT PHYSICAL RFID MEASUREMENTS,20260924,id_card,commercial_rfid_sleeve,32.0,13,5,0.0,False
SIMULATED DATA - NOT PHYSICAL RFID MEASUREMENTS,20260924,id_card,commercial_rfid_sleeve,32.0,13,6,0.0,False
SIMULATED DATA - NOT PHYSICAL RFID MEASUREMENTS,20260924,id_card,commercial_rfid_sleeve,32.0,13,7,0.0,False
SIMULATED DATA - NOT PHYSICAL RFID MEASUREMENTS,20260924,id_card,commercial_rfid_sleeve,32.0,13,8,0.0,False
SIMULATED DATA - NOT PHYSICAL RFID MEASUREMENTS,20260924,id_card,commercial_rfid_sleeve,32.0,13,9,0.0,False
SIMULATED DATA - NOT PHYSICAL RFID MEASUREMENTS,20260924,id_card,commercial_rfid_sleeve,32.0,13,10,0.0,False
SIMULATED DATA - NOT PHYSICAL RFID MEASUREMENTS,20260924,id_card,commercial_rfid_sleeve,32.0,14,1,0.0,False
SIMULATED DATA - NOT PHYSICAL RFID MEASUREMENTS,20260924,id_card,commercial_rfid_sleeve,32.0,14,2,0.0,False
SIMULATED DATA - NOT PHYSICAL RFID MEASUREMENTS,20260924,id_card,commercial_rfid_sleeve,32.0,14,3,0.0,False
SIMULATED DATA - NOT PHYSICAL RFID MEASUREMENTS,20260924,id_card,commercial_rfid_sleeve,32.0,14,4,0.0,False
SIMULATED DATA - NOT PHYSICAL RFID MEASUREMENTS,20260924,id_card,commercial_rfid_sleeve,32.0,14,5,0.0,False
SIMULATED DATA - NOT PHYSICAL RFID MEASUREMENTS,20260924,id_card,commercial_rfid_sleeve,32.0,14,6,0.0,False
SIMULATED DATA - NOT PHYSICAL RFID MEASUREMENTS,20260924,id_card,commercial_rfid_sleeve,32.0,14,7,0.0,False
SIMULATED DATA - NOT PHYSICAL RFID MEASUREMENTS,20260924,id_card,commercial_rfid_sleeve,32.0,14,8,0.0,False
SIMULATED DATA - NOT PHYSICAL RFID MEASUREMENTS,20260924,id_card,commercial_rfid_sleeve,32.0,14,9,0.0,False
SIMULATED DATA - NOT PHYSICAL RFID MEASUREMENTS,20260924,id_card,commercial_rfid_sleeve,32.0,14,10,0.0,False
SIMULATED DATA - NOT PHYSICAL RFID MEASUREMENTS,20260924,id_card,commercial_rfid_sleeve,32.0,15,1,0.0,False
SIMULATED DATA - NOT PHYSICAL RFID MEASUREMENTS,20260924,id_card,commercial_rfid_sleeve,32.0,15,2,0.0,False
SIMULATED DATA - NOT PHYSICAL RFID MEASUREMENTS,20260924,id_card,commercial_rfid_sleeve,32.0,15,3,0.0,False
SIMULATED DATA - NOT PHYSICAL RFID MEASUREMENTS,20260924,id_card,commercial_rfid_sleeve,32.0,15,4,0.0,False
SIMULATED DATA - NOT PHYSICAL RFID MEASUREMENTS,20260924,id_card,commercial_rfid_sleeve,32.0,15,5,0.0,False
SIMULATED DATA - NOT PHYSICAL RFID MEASUREMENTS,20260924,id_card,commercial_rfid_sleeve,32.0,15,6,0.0,False
SIMULATED DATA - NOT PHYSICAL RFID MEASUREMENTS,20260924,id_card,commercial_rfid_sleeve,32.0,15,7,0.0,False
SIMULATED DATA - NOT PHYSICAL RFID MEASUREMENTS,20260924,id_card,commercial_rfid_sleeve,32.0,15,8,0.0,False
SIMULATED DATA - NOT PHYSICAL RFID MEASUREMENTS,20260924,id_card,commercial_rfid_sleeve,32.0,15,9,0.0,False
SIMULATED DATA - NOT PHYSICAL RFID MEASUREMENTS,20260924,id_card,commercial_rfid_sleeve,32.0,15,10,0.0,False
SIMULATED DATA - NOT PHYSICAL RFID MEASUREMENTS,20260924,large_card,no_shield_control,0.0,1,1,0.999959,True
SIMULATED DATA - NOT PHYSICAL RFID MEASUREMENTS,20260924,large_card,no_shield_control,0.0,1,2,0.999959,True
SIMULATED DATA - NOT PHYSICAL RFID MEASUREMENTS,20260924,large_card,no_shield_control,0.0,1,3,0.999959,True
SIMULATED DATA - NOT PHYSICAL RFID MEASUREMENTS,20260924,large_card,no_shield_control,0.0,1,4,0.999959,True
SIMULATED DATA - NOT PHYSICAL RFID MEASUREMENTS,20260924,large_card,no_shield_control,0.0,1,5,0.999959,True
SIMULATED DATA - NOT PHYSICAL RFID MEASUREMENTS,20260924,large_card,no_shield_control,0.0,1,6,0.999959,True
SIMULATED DATA - NOT PHYSICAL RFID MEASUREMENTS,20260924,large_card,no_shield_control,0.0,1,7,0.999959,True
SIMULATED DATA - NOT PHYSICAL RFID MEASUREMENTS,20260924,large_card,no_shield_control,0.0,1,8,0.999959,True
SIMULATED DATA - NOT PHYSICAL RFID MEASUREMENTS,20260924,large_card,no_shield_control,0.0,1,9,0.999959,True
SIMULATED DATA - NOT PHYSICAL RFID MEASUREMENTS,20260924,large_card,no_shield_control,0.0,1,10,0.999959,True
SIMULATED DATA - NOT PHYSICAL RFID MEASUREMENTS,20260924,large_card,no_shield_control,0.0,2,1,0.999887,True
SIMULATED DATA - NOT PHYSICAL RFID MEASUREMENTS,20260924,large_card,no_shield_control,0.0,2,2,0.999887,True
SIMULATED DATA - NOT PHYSICAL RFID MEASUREMENTS,20260924,large_card,no_shield_control,0.0,2,3,0.999887,True
SIMULATED DATA - NOT PHYSICAL RFID MEASUREMENTS,20260924,large_card,no_shield_control,0.0,2,4,0.999887,True
SIMULATED DATA - NOT PHYSICAL RFID MEASUREMENTS,20260924,large_card,no_shield_control,0.0,2,5,0.999887,True
SIMULATED DATA - NOT PHYSICAL RFID MEASUREMENTS,20260924,large_card,no_shield_control,0.0,2,6,0.999887,True
SIMULATED DATA - NOT PHYSICAL RFID MEASUREMENTS,20260924,large_card,no_shield_control,0.0,2,7,0.999887,True
SIMULATED DATA - NOT PHYSICAL RFID MEASUREMENTS,20260924,large_card,no_shield_control,0.0,2,8,0.999887,True
SIMULATED DATA - NOT PHYSICAL RFID MEASUREMENTS,20260924,large_card,no_shield_control,0.0,2,9,0.999887,True
SIMULATED DATA - NOT PHYSICAL RFID MEASUREMENTS,20260924,large_card,no_shield_control,0.0,2,10,0.999887,True
SIMULATED DATA - NOT PHYSICAL RFID MEASUREMENTS,20260924,large_card,no_shield_control,0.0,3,1,0.999691,True
SIMULATED DATA - NOT PHYSICAL RFID MEASUREMENTS,20260924,large_card,no_shield_control,0.0,3,2,0.999691,True
SIMULATED DATA - NOT PHYSICAL RFID MEASUREMENTS,20260924,large_card,no_shield_control,0.0,3,3,0.999691,True
SIMULATED DATA - NOT PHYSICAL RFID MEASUREMENTS,20260924,large_card,no_shield_control,0.0,3,4,0.999691,True
SIMULATED DATA - NOT PHYSICAL RFID MEASUREMENTS,20260924,large_card,no_shield_control,0.0,3,5,0.999691,True
SIMULATED DATA - NOT PHYSICAL RFID MEASUREMENTS,20260924,large_card,no_shield_control,0.0,3,6,0.999691,True
SIMULATED DATA - NOT PHYSICAL RFID MEASUREMENTS,20260924,large_card,no_shield_control,0.0,3,7,0.999691,True
SIMULATED DATA - NOT PHYSICAL RFID MEASUREMENTS,20260924,large_card,no_shield_control,0.0,3,8,0.999691,True
SIMULATED DATA - NOT PHYSICAL RFID MEASUREMENTS,20260924,large_card,no_shield_control,0.0,3,9,0.999691,True
SIMULATED DATA - NOT PHYSICAL RFID MEASUREMENTS,20260924,large_card,no_shield_control,0.0,3,10,0.999691,True
SIMULATED DATA - NOT PHYSICAL RFID MEASUREMENTS,20260924,large_card,no_shield_control,0.0,4,1,0.999151,True
SIMULATED DATA - NOT PHYSICAL RFID MEASUREMENTS,20260924,large_card,no_shield_control,0.0,4,2,0.999151,True
SIMULATED DATA - NOT PHYSICAL RFID MEASUREMENTS,20260924,large_card,no_shield_control,0.0,4,3,0.999151,True
SIMULATED DATA - NOT PHYSICAL RFID MEASUREMENTS,20260924,large_card,no_shield_control,0.0,4,4,0.999151,True
SIMULATED DATA - NOT PHYSICAL RFID MEASUREMENTS,20260924,large_card,no_shield_control,0.0,4,5,0.999151,True
SIMULATED DATA - NOT PHYSICAL RFID MEASUREMENTS,20260924,large_card,no_shield_control,0.0,4,6,0.999151,True
SIMULATED DATA - NOT PHYSICAL RFID MEASUREMENTS,20260924,large_card,no_shield_control,0.0,4,7,0.999151,True
SIMULATED DATA - NOT PHYSICAL RFID MEASUREMENTS,20260924,large_card,no_shield_control,0.0,4,8,0.999151,True
SIMULATED DATA - NOT PHYSICAL RFID MEASUREMENTS,20260924,large_card,no_shield_control,0.0,4,9,0.999151,True
SIMULATED DATA - NOT PHYSICAL RFID MEASUREMENTS,20260924,large_card,no_shield_control,0.0,4,10,0.999151,True
SIMULATED DATA - NOT PHYSICAL RFID MEASUREMENTS,20260924,large_card,no_shield_control,0.0,5,1,0.997672,True
SIMULATED DATA - NOT PHYSICAL RFID MEASUREMENTS,20260924,large_card,no_shield_control,0.0,5,2,0.997672,True
SIMULATED DATA - NOT PHYSICAL RFID MEASUREMENTS,20260924,large_card,no_shield_control,0.0,5,3,0.997672,False
SIMULATED DATA - NOT PHYSICAL RFID MEASUREMENTS,20260924,large_card,no_shield_control,0.0,5,4,0.997672,True
SIMULATED DATA - NOT PHYSICAL RFID MEASUREMENTS,20260924,large_card,no_shield_control,0.0,5,5,0.997672,True
SIMULATED DATA - NOT PHYSICAL RFID MEASUREMENTS,20260924,large_card,no_shield_control,0.0,5,6,0.997672,True
SIMULATED DATA - NOT PHYSICAL RFID MEASUREMENTS,20260924,large_card,no_shield_control,0.0,5,7,0.997672,True
SIMULATED DATA - NOT PHYSICAL RFID MEASUREMENTS,20260924,large_card,no_shield_control,0.0,5,8,0.997672,True
SIMULATED DATA - NOT PHYSICAL RFID MEASUREMENTS,20260924,large_card,no_shield_control,0.0,5,9,0.997672,True
SIMULATED DATA - NOT PHYSICAL RFID MEASUREMENTS,20260924,large_card,no_shield_control,0.0,5,10,0.997672,True
SIMULATED DATA - NOT PHYSICAL RFID MEASUREMENTS,20260924,large_card,no_shield_control,0.0,6,1,0.993635,True
SIMULATED DATA - NOT PHYSICAL RFID MEASUREMENTS,20260924,large_card,no_shield_control,0.0,6,2,0.993635,True
SIMULATED DATA - NOT PHYSICAL RFID MEASUREMENTS,20260924,large_card,no_shield_control,0.0,6,3,0.993635,True
SIMULATED DATA - NOT PHYSICAL RFID MEASUREMENTS,20260924,large_card,no_shield_control,0.0,6,4,0.993635,True
SIMULATED DATA - NOT PHYSICAL RFID MEASUREMENTS,20260924,large_card,no_shield_control,0.0,6,5,0.993635,True
SIMULATED DATA - NOT PHYSICAL RFID MEASUREMENTS,20260924,large_card,no_shield_control,0.0,6,6,0.993635,True
SIMULATED DATA - NOT PHYSICAL RFID MEASUREMENTS,20260924,large_card,no_shield_control,0.0,6,7,0.993635,True
SIMULATED DATA - NOT PHYSICAL RFID MEASUREMENTS,20260924,large_card,no_shield_control,0.0,6,8,0.993635,True
SIMULATED DATA - NOT PHYSICAL RFID MEASUREMENTS,20260924,large_card,no_shield_control,0.0,6,9,0.993635,True
SIMULATED DATA - NOT PHYSICAL RFID MEASUREMENTS,20260924,large_card,no_shield_control,0.0,6,10,0.993635,True
SIMULATED DATA - NOT PHYSICAL RFID MEASUREMENTS,20260924,large_card,no_shield_control,0.0,7,1,0.982714,True
SIMULATED DATA - NOT PHYSICAL RFID MEASUREMENTS,20260924,large_card,no_shield_control,0.0,7,2,0.982714,True
SIMULATED DATA - NOT PHYSICAL RFID MEASUREMENTS,20260924,large_card,no_shield_control,0.0,7,3,0.982714,True
SIMULATED DATA - NOT PHYSICAL RFID MEASUREMENTS,20260924,large_card,no_shield_control,0.0,7,4,0.982714,True
SIMULATED DATA - NOT PHYSICAL RFID MEASUREMENTS,20260924,large_card,no_shield_control,0.0,7,5,0.982714,True
SIMULATED DATA - NOT PHYSICAL RFID MEASUREMENTS,20260924,large_card,no_shield_control,0.0,7,6,0.982714,True
SIMULATED DATA - NOT PHYSICAL RFID MEASUREMENTS,20260924,large_card,no_shield_control,0.0,7,7,0.982714,True
SIMULATED DATA - NOT PHYSICAL RFID MEASUREMENTS,20260924,large_card,no_shield_control,0.0,7,8,0.982714,True
SIMULATED DATA - NOT PHYSICAL RFID MEASUREMENTS,20260924,large_card,no_shield_control,0.0,7,9,0.982714,True
SIMULATED DATA - NOT PHYSICAL RFID MEASUREMENTS,20260924,large_card,no_shield_control,0.0,7,10,0.982714,True
SIMULATED DATA - NOT PHYSICAL RFID MEASUREMENTS,20260924,large_card,no_shield_control,0.0,8,1,0.953924,True
SIMULATED DATA - NOT PHYSICAL RFID MEASUREMENTS,20260924,large_card,no_shield_control,0.0,8,2,0.953924,True
SIMULATED DATA - NOT PHYSICAL RFID MEASUREMENTS,20260924,large_card,no_shield_control,0.0,8,3,0.953924,True
SIMULATED DATA - NOT PHYSICAL RFID MEASUREMENTS,20260924,large_card,no_shield_control,0.0,8,4,0.953924,True
SIMULATED DATA - NOT PHYSICAL RFID MEASUREMENTS,20260924,large_card,no_shield_control,0.0,8,5,0.953924,True
SIMULATED DATA - NOT PHYSICAL RFID MEASUREMENTS,20260924,large_card,no_shield_control,0.0,8,6,0.953924,True
SIMULATED DATA - NOT PHYSICAL RFID MEASUREMENTS,20260924,large_card,no_shield_control,0.0,8,7,0.953924,True
SIMULATED DATA - NOT PHYSICAL RFID MEASUREMENTS,20260924,large_card,no_shield_control,0.0,8,8,0.953924,True
SIMULATED DATA - NOT PHYSICAL RFID MEASUREMENTS,20260924,large_card,no_shield_control,0.0,8,9,0.953924,True
SIMULATED DATA - NOT PHYSICAL RFID MEASUREMENTS,20260924,large_card,no_shield_control,0.0,8,10,0.953924,True
SIMULATED DATA - NOT PHYSICAL RFID MEASUREMENTS,20260924,large_card,no_shield_control,0.0,9,1,0.882902,True
SIMULATED DATA - NOT PHYSICAL RFID MEASUREMENTS,20260924,large_card,no_shield_control,0.0,9,2,0.882902,True
SIMULATED DATA - NOT PHYSICAL RFID MEASUREMENTS,20260924,large_card,no_shield_control,0.0,9,3,0.882902,True
SIMULATED DATA - NOT PHYSICAL RFID MEASUREMENTS,20260924,large_card,no_shield_control,0.0,9,4,0.882902,True
SIMULATED DATA - NOT PHYSICAL RFID MEASUREMENTS,20260924,large_card,no_shield_control,0.0,9,5,0.882902,True
SIMULATED DATA - NOT PHYSICAL RFID MEASUREMENTS,20260924,large_card,no_shield_control,0.0,9,6,0.882902,True
SIMULATED DATA - NOT PHYSICAL RFID MEASUREMENTS,20260924,large_card,no_shield_control,0.0,9,7,0.882902,True
SIMULATED DATA - NOT PHYSICAL RFID MEASUREMENTS,20260924,large_card,no_shield_control,0.0,9,8,0.882902,True
SIMULATED DATA - NOT PHYSICAL RFID MEASUREMENTS,20260924,large_card,no_shield_control,0.0,9,9,0.882902,True
SIMULATED DATA - NOT PHYSICAL RFID MEASUREMENTS,20260924,large_card,no_shield_control,0.0,9,10,0.882902,True
SIMULATED DATA - NOT PHYSICAL RFID MEASUREMENTS,20260924,large_card,no_shield_control,0.0,10,1,0.73304,True
SIMULATED DATA - NOT PHYSICAL RFID MEASUREMENTS,20260924,large_card,no_shield_control,0.0,10,2,0.73304,True
SIMULATED DATA - NOT PHYSICAL RFID MEASUREMENTS,20260924,large_card,no_shield_control,0.0,10,3,0.73304,False
SIMULATED DATA - NOT PHYSICAL RFID MEASUREMENTS,20260924,large_card,no_shield_control,0.0,10,4,0.73304,True
SIMULATED DATA - NOT PHYSICAL RFID MEASUREMENTS,20260924,large_card,no_shield_control,0.0,10,5,0.73304,False
SIMULATED DATA - NOT PHYSICAL RFID MEASUREMENTS,20260924,large_card,no_shield_control,0.0,10,6,0.73304,True
SIMULATED DATA - NOT PHYSICAL RFID MEASUREMENTS,20260924,large_card,no_shield_control,0.0,10,7,0.73304,False
SIMULATED DATA - NOT PHYSICAL RFID MEASUREMENTS,20260924,large_card,no_shield_control,0.0,10,8,0.73304,True
SIMULATED DATA - NOT PHYSICAL RFID MEASUREMENTS,20260924,large_card,no_shield_control,0.0,10,9,0.73304,True
SIMULATED DATA - NOT PHYSICAL RFID MEASUREMENTS,20260924,large_card,no_shield_control,0.0,10,10,0.73304,True
SIMULATED DATA - NOT PHYSICAL RFID MEASUREMENTS,20260924,large_card,no_shield_control,0.0,11,1,0.5,False
SIMULATED DATA - NOT PHYSICAL RFID MEASUREMENTS,20260924,large_card,no_shield_control,0.0,11,2,0.5,False
SIMULATED DATA - NOT PHYSICAL RFID MEASUREMENTS,20260924,large_card,no_shield_control,0.0,11,3,0.5,True
SIMULATED DATA - NOT PHYSICAL RFID MEASUREMENTS,20260924,large_card,no_shield_control,0.0,11,4,0.5,True
SIMULATED DATA - NOT PHYSICAL RFID MEASUREMENTS,20260924,large_card,no_shield_control,0.0,11,5,0.5,False
SIMULATED DATA - NOT PHYSICAL RFID MEASUREMENTS,20260924,large_card,no_shield_control,0.0,11,6,0.5,False
SIMULATED DATA - NOT PHYSICAL RFID MEASUREMENTS,20260924,large_card,no_shield_control,0.0,11,7,0.5,False
SIMULATED DATA - NOT PHYSICAL RFID MEASUREMENTS,20260924,large_card,no_shield_control,0.0,11,8,0.5,True
SIMULATED DATA - NOT PHYSICAL RFID MEASUREMENTS,20260924,large_card,no_shield_control,0.0,11,9,0.5,True
SIMULATED DATA - NOT PHYSICAL RFID MEASUREMENTS,20260924,large_card,no_shield_control,0.0,11,10,0.5,True
SIMULATED DATA - NOT PHYSICAL RFID MEASUREMENTS,20260924,large_card,no_shield_control,0.0,12,1,0.26696,False
SIMULATED DATA - NOT PHYSICAL RFID MEASUREMENTS,20260924,large_card,no_shield_control,0.0,12,2,0.26696,True
SIMULATED DATA - NOT PHYSICAL RFID MEASUREMENTS,20260924,large_card,no_shield_control,0.0,12,3,0.26696,False
SIMULATED DATA - NOT PHYSICAL RFID MEASUREMENTS,20260924,large_card,no_shield_control,0.0,12,4,0.26696,True
SIMULATED DATA - NOT PHYSICAL RFID MEASUREMENTS,20260924,large_card,no_shield_control,0.0,12,5,0.26696,False
SIMULATED DATA - NOT PHYSICAL RFID MEASUREMENTS,20260924,large_card,no_shield_control,0.0,12,6,0.26696,False
SIMULATED DATA - NOT PHYSICAL RFID MEASUREMENTS,20260924,large_card,no_shield_control,0.0,12,7,0.26696,False
SIMULATED DATA - NOT PHYSICAL RFID MEASUREMENTS,20260924,large_card,no_shield_control,0.0,12,8,0.26696,True
SIMULATED DATA - NOT PHYSICAL RFID MEASUREMENTS,20260924,large_card,no_shield_control,0.0,12,9,0.26696,False
SIMULATED DATA - NOT PHYSICAL RFID MEASUREMENTS,20260924,large_card,no_shield_control,0.0,12,10,0.26696,False
SIMULATED DATA - NOT PHYSICAL RFID MEASUREMENTS,20260924,large_card,no_shield_control,0.0,13,1,0.117098,False
SIMULATED DATA - NOT PHYSICAL RFID MEASUREMENTS,20260924,large_card,no_shield_control,0.0,13,2,0.117098,False
SIMULATED DATA - NOT PHYSICAL RFID MEASUREMENTS,20260924,large_card,no_shield_control,0.0,13,3,0.117098,False
SIMULATED DATA - NOT PHYSICAL RFID MEASUREMENTS,20260924,large_card,no_shield_control,0.0,13,4,0.117098,False
SIMULATED DATA - NOT PHYSICAL RFID MEASUREMENTS,20260924,large_card,no_shield_control,0.0,13,5,0.117098,True
SIMULATED DATA - NOT PHYSICAL RFID MEASUREMENTS,20260924,large_card,no_shield_control,0.0,13,6,0.117098,False
SIMULATED DATA - NOT PHYSICAL RFID MEASUREMENTS,20260924,large_card,no_shield_control,0.0,13,7,0.117098,True
SIMULATED DATA - NOT PHYSICAL RFID MEASUREMENTS,20260924,large_card,no_shield_control,0.0,13,8,0.117098,False
SIMULATED DATA - NOT PHYSICAL RFID MEASUREMENTS,20260924,large_card,no_shield_control,0.0,13,9,0.117098,False
SIMULATED DATA - NOT PHYSICAL RFID MEASUREMENTS,20260924,large_card,no_shield_control,0.0,13,10,0.117098,False
SIMULATED DATA - NOT PHYSICAL RFID MEASUREMENTS,20260924,large_card,no_shield_control,0.0,14,1,0.046076,False
SIMULATED DATA - NOT PHYSICAL RFID MEASUREMENTS,20260924,large_card,no_shield_control,0.0,14,2,0.046076,False
SIMULATED DATA - NOT PHYSICAL RFID MEASUREMENTS,20260924,large_card,no_shield_control,0.0,14,3,0.046076,False
SIMULATED DATA - NOT PHYSICAL RFID MEASUREMENTS,20260924,large_card,no_shield_control,0.0,14,4,0.046076,False
SIMULATED DATA - NOT PHYSICAL RFID MEASUREMENTS,20260924,large_card,no_shield_control,0.0,14,5,0.046076,False
SIMULATED DATA - NOT PHYSICAL RFID MEASUREMENTS,20260924,large_card,no_shield_control,0.0,14,6,0.046076,False
SIMULATED DATA - NOT PHYSICAL RFID MEASUREMENTS,20260924,large_card,no_shield_control,0.0,14,7,0.046076,False
SIMULATED DATA - NOT PHYSICAL RFID MEASUREMENTS,20260924,large_card,no_shield_control,0.0,14,8,0.046076,False
SIMULATED DATA - NOT PHYSICAL RFID MEASUREMENTS,20260924,large_card,no_shield_control,0.0,14,9,0.046076,False
SIMULATED DATA - NOT PHYSICAL RFID MEASUREMENTS,20260924,large_card,no_shield_control,0.0,14,10,0.046076,False
SIMULATED DATA - NOT PHYSICAL RFID MEASUREMENTS,20260924,large_card,no_shield_control,0.0,15,1,0.017286,False
SIMULATED DATA - NOT PHYSICAL RFID MEASUREMENTS,20260924,large_card,no_shield_control,0.0,15,2,0.017286,False
SIMULATED DATA - NOT PHYSICAL RFID MEASUREMENTS,20260924,large_card,no_shield_control,0.0,15,3,0.017286,False
SIMULATED DATA - NOT PHYSICAL RFID MEASUREMENTS,20260924,large_card,no_shield_control,0.0,15,4,0.017286,False
SIMULATED DATA - NOT PHYSICAL RFID MEASUREMENTS,20260924,large_card,no_shield_control,0.0,15,5,0.017286,False
SIMULATED DATA - NOT PHYSICAL RFID MEASUREMENTS,20260924,large_card,no_shield_control,0.0,15,6,0.017286,False
SIMULATED DATA - NOT PHYSICAL RFID MEASUREMENTS,20260924,large_card,no_shield_control,0.0,15,7,0.017286,True
SIMULATED DATA - NOT PHYSICAL RFID MEASUREMENTS,20260924,large_card,no_shield_control,0.0,15,8,0.017286,False
SIMULATED DATA - NOT PHYSICAL RFID MEASUREMENTS,20260924,large_card,no_shield_control,0.0,15,9,0.017286,False
SIMULATED DATA - NOT PHYSICAL RFID MEASUREMENTS,20260924,large_card,no_shield_control,0.0,15,10,0.017286,False
SIMULATED DATA - NOT PHYSICAL RFID MEASUREMENTS,20260924,large_card,paper,0.2,1,1,0.999959,True
SIMULATED DATA - NOT PHYSICAL RFID MEASUREMENTS,20260924,large_card,paper,0.2,1,2,0.999959,True
SIMULATED DATA - NOT PHYSICAL RFID MEASUREMENTS,20260924,large_card,paper,0.2,1,3,0.999959,True
SIMULATED DATA - NOT PHYSICAL RFID MEASUREMENTS,20260924,large_card,paper,0.2,1,4,0.999959,True
SIMULATED DATA - NOT PHYSICAL RFID MEASUREMENTS,20260924,large_card,paper,0.2,1,5,0.999959,True
SIMULATED DATA - NOT PHYSICAL RFID MEASUREMENTS,20260924,large_card,paper,0.2,1,6,0.999959,True
SIMULATED DATA - NOT PHYSICAL RFID MEASUREMENTS,20260924,large_card,paper,0.2,1,7,0.999959,True
SIMULATED DATA - NOT PHYSICAL RFID MEASUREMENTS,20260924,large_card,paper,0.2,1,8,0.999959,True
SIMULATED DATA - NOT PHYSICAL RFID MEASUREMENTS,20260924,large_card,paper,0.2,1,9,0.999959,True
SIMULATED DATA - NOT PHYSICAL RFID MEASUREMENTS,20260924,large_card,paper,0.2,1,10,0.999959,True
SIMULATED DATA - NOT PHYSICAL RFID MEASUREMENTS,20260924,large_card,paper,0.2,2,1,0.999886,True
SIMULATED DATA - NOT PHYSICAL RFID MEASUREMENTS,20260924,large_card,paper,0.2,2,2,0.999886,True
SIMULATED DATA - NOT PHYSICAL RFID MEASUREMENTS,20260924,large_card,paper,0.2,2,3,0.999886,True
SIMULATED DATA - NOT PHYSICAL RFID MEASUREMENTS,20260924,large_card,paper,0.2,2,4,0.999886,True
SIMULATED DATA - NOT PHYSICAL RFID MEASUREMENTS,20260924,large_card,paper,0.2,2,5,0.999886,True
SIMULATED DATA - NOT PHYSICAL RFID MEASUREMENTS,20260924,large_card,paper,0.2,2,6,0.999886,True
SIMULATED DATA - NOT PHYSICAL RFID MEASUREMENTS,20260924,large_card,paper,0.2,2,7,0.999886,True
SIMULATED DATA - NOT PHYSICAL RFID MEASUREMENTS,20260924,large_card,paper,0.2,2,8,0.999886,True
SIMULATED DATA - NOT PHYSICAL RFID MEASUREMENTS,20260924,large_card,paper,0.2,2,9,0.999886,True
SIMULATED DATA - NOT PHYSICAL RFID MEASUREMENTS,20260924,large_card,paper,0.2,2,10,0.999886,True
SIMULATED DATA - NOT PHYSICAL RFID MEASUREMENTS,20260924,large_card,paper,0.2,3,1,0.999683,True
SIMULATED DATA - NOT PHYSICAL RFID MEASUREMENTS,20260924,large_card,paper,0.2,3,2,0.999683,True
SIMULATED DATA - NOT PHYSICAL RFID MEASUREMENTS,20260924,large_card,paper,0.2,3,3,0.999683,True
SIMULATED DATA - NOT PHYSICAL RFID MEASUREMENTS,20260924,large_card,paper,0.2,3,4,0.999683,True
SIMULATED DATA - NOT PHYSICAL RFID MEASUREMENTS,20260924,large_card,paper,0.2,3,5,0.999683,True
SIMULATED DATA - NOT PHYSICAL RFID MEASUREMENTS,20260924,large_card,paper,0.2,3,6,0.999683,True
SIMULATED DATA - NOT PHYSICAL RFID MEASUREMENTS,20260924,large_card,paper,0.2,3,7,0.999683,True
SIMULATED DATA - NOT PHYSICAL RFID MEASUREMENTS,20260924,large_card,paper,0.2,3,8,0.999683,True
SIMULATED DATA - NOT PHYSICAL RFID MEASUREMENTS,20260924,large_card,paper,0.2,3,9,0.999683,True
SIMULATED DATA - NOT PHYSICAL RFID MEASUREMENTS,20260924,large_card,paper,0.2,3,10,0.999683,True
SIMULATED DATA - NOT PHYSICAL RFID MEASUREMENTS,20260924,large_card,paper,0.2,4,1,0.999124,True
SIMULATED DATA - NOT PHYSICAL RFID MEASUREMENTS,20260924,large_card,paper,0.2,4,2,0.999124,True
SIMULATED DATA - NOT PHYSICAL RFID MEASUREMENTS,20260924,large_card,paper,0.2,4,3,0.999124,True
SIMULATED DATA - NOT PHYSICAL RFID MEASUREMENTS,20260924,large_card,paper,0.2,4,4,0.999124,True
SIMULATED DATA - NOT PHYSICAL RFID MEASUREMENTS,20260924,large_card,paper,0.2,4,5,0.999124,True
SIMULATED DATA - NOT PHYSICAL RFID MEASUREMENTS,20260924,large_card,paper,0.2,4,6,0.999124,True
SIMULATED DATA - NOT PHYSICAL RFID MEASUREMENTS,20260924,large_card,paper,0.2,4,7,0.999124,True
SIMULATED DATA - NOT PHYSICAL RFID MEASUREMENTS,20260924,large_card,paper,0.2,4,8,0.999124,True
SIMULATED DATA - NOT PHYSICAL RFID MEASUREMENTS,20260924,large_card,paper,0.2,4,9,0.999124,True
SIMULATED DATA - NOT PHYSICAL RFID MEASUREMENTS,20260924,large_card,paper,0.2,4,10,0.999124,True
SIMULATED DATA - NOT PHYSICAL RFID MEASUREMENTS,20260924,large_card,paper,0.2,5,1,0.99758,True
SIMULATED DATA - NOT PHYSICAL RFID MEASUREMENTS,20260924,large_card,paper,0.2,5,2,0.99758,True
SIMULATED DATA - NOT PHYSICAL RFID MEASUREMENTS,20260924,large_card,paper,0.2,5,3,0.99758,True
SIMULATED DATA - NOT PHYSICAL RFID MEASUREMENTS,20260924,large_card,paper,0.2,5,4,0.99758,True
SIMULATED DATA - NOT PHYSICAL RFID MEASUREMENTS,20260924,large_card,paper,0.2,5,5,0.99758,True
SIMULATED DATA - NOT PHYSICAL RFID MEASUREMENTS,20260924,large_card,paper,0.2,5,6,0.99758,True
SIMULATED DATA - NOT PHYSICAL RFID MEASUREMENTS,20260924,large_card,paper,0.2,5,7,0.99758,True
SIMULATED DATA - NOT PHYSICAL RFID MEASUREMENTS,20260924,large_card,paper,0.2,5,8,0.99758,True
SIMULATED DATA - NOT PHYSICAL RFID MEASUREMENTS,20260924,large_card,paper,0.2,5,9,0.99758,True
SIMULATED DATA - NOT PHYSICAL RFID MEASUREMENTS,20260924,large_card,paper,0.2,5,10,0.99758,True
SIMULATED DATA - NOT PHYSICAL RFID MEASUREMENTS,20260924,large_card,paper,0.2,6,1,0.993332,True
SIMULATED DATA - NOT PHYSICAL RFID MEASUREMENTS,20260924,large_card,paper,0.2,6,2,0.993332,True
SIMULATED DATA - NOT PHYSICAL RFID MEASUREMENTS,20260924,large_card,paper,0.2,6,3,0.993332,True
SIMULATED DATA - NOT PHYSICAL RFID MEASUREMENTS,20260924,large_card,paper,0.2,6,4,0.993332,True
SIMULATED DATA - NOT PHYSICAL RFID MEASUREMENTS,20260924,large_card,paper,0.2,6,5,0.993332,True
SIMULATED DATA - NOT PHYSICAL RFID MEASUREMENTS,20260924,large_card,paper,0.2,6,6,0.993332,True
SIMULATED DATA - NOT PHYSICAL RFID MEASUREMENTS,20260924,large_card,paper,0.2,6,7,0.993332,True
SIMULATED DATA - NOT PHYSICAL RFID MEASUREMENTS,20260924,large_card,paper,0.2,6,8,0.993332,True
SIMULATED DATA - NOT PHYSICAL RFID MEASUREMENTS,20260924,large_card,paper,0.2,6,9,0.993332,True
SIMULATED DATA - NOT PHYSICAL RFID MEASUREMENTS,20260924,large_card,paper,0.2,6,10,0.993332,True
SIMULATED DATA - NOT PHYSICAL RFID MEASUREMENTS,20260924,large_card,paper,0.2,7,1,0.981764,True
SIMULATED DATA - NOT PHYSICAL RFID MEASUREMENTS,20260924,large_card,paper,0.2,7,2,0.981764,True
SIMULATED DATA - NOT PHYSICAL RFID MEASUREMENTS,20260924,large_card,paper,0.2,7,3,0.981764,True
SIMULATED DATA - NOT PHYSICAL RFID MEASUREMENTS,20260924,large_card,paper,0.2,7,4,0.981764,True
SIMULATED DATA - NOT PHYSICAL RFID MEASUREMENTS,20260924,large_card,paper,0.2,7,5,0.981764,False
SIMULATED DATA - NOT PHYSICAL RFID MEASUREMENTS,20260924,large_card,paper,0.2,7,6,0.981764,True
SIMULATED DATA - NOT PHYSICAL RFID MEASUREMENTS,20260924,large_card,paper,0.2,7,7,0.981764,True
SIMULATED DATA - NOT PHYSICAL RFID MEASUREMENTS,20260924,large_card,paper,0.2,7,8,0.981764,True
SIMULATED DATA - NOT PHYSICAL RFID MEASUREMENTS,20260924,large_card,paper,0.2,7,9,0.981764,True
SIMULATED DATA - NOT PHYSICAL RFID MEASUREMENTS,20260924,large_card,paper,0.2,7,10,0.981764,True
SIMULATED DATA - NOT PHYSICAL RFID MEASUREMENTS,20260924,large_card,paper,0.2,8,1,0.951109,True
SIMULATED DATA - NOT PHYSICAL RFID MEASUREMENTS,20260924,large_card,paper,0.2,8,2,0.951109,True
SIMULATED DATA - NOT PHYSICAL RFID MEASUREMENTS,20260924,large_card,paper,0.2,8,3,0.951109,True
SIMULATED DATA - NOT PHYSICAL RFID MEASUREMENTS,20260924,large_card,paper,0.2,8,4,0.951109,True
SIMULATED DATA - NOT PHYSICAL RFID MEASUREMENTS,20260924,large_card,paper,0.2,8,5,0.951109,True
SIMULATED DATA - NOT PHYSICAL RFID MEASUREMENTS,20260924,large_card,paper,0.2,8,6,0.951109,True
SIMULATED DATA - NOT PHYSICAL RFID MEASUREMENTS,20260924,large_card,paper,0.2,8,7,0.951109,True
SIMULATED DATA - NOT PHYSICAL RFID MEASUREMENTS,20260924,large_card,paper,0.2,8,8,0.951109,True
SIMULATED DATA - NOT PHYSICAL RFID MEASUREMENTS,20260924,large_card,paper,0.2,8,9,0.951109,True
SIMULATED DATA - NOT PHYSICAL RFID MEASUREMENTS,20260924,large_card,paper,0.2,8,10,0.951109,False
SIMULATED DATA - NOT PHYSICAL RFID MEASUREMENTS,20260924,large_card,paper,0.2,9,1,0.875464,True
SIMULATED DATA - NOT PHYSICAL RFID MEASUREMENTS,20260924,large_card,paper,0.2,9,2,0.875464,True
SIMULATED DATA - NOT PHYSICAL RFID MEASUREMENTS,20260924,large_card,paper,0.2,9,3,0.875464,True
SIMULATED DATA - NOT PHYSICAL RFID MEASUREMENTS,20260924,large_card,paper,0.2,9,4,0.875464,True
SIMULATED DATA - NOT PHYSICAL RFID MEASUREMENTS,20260924,large_card,paper,0.2,9,5,0.875464,True
SIMULATED DATA - NOT PHYSICAL RFID MEASUREMENTS,20260924,large_card,paper,0.2,9,6,0.875464,True
SIMULATED DATA - NOT PHYSICAL RFID MEASUREMENTS,20260924,large_card,paper,0.2,9,7,0.875464,True
SIMULATED DATA - NOT PHYSICAL RFID MEASUREMENTS,20260924,large_card,paper,0.2,9,8,0.875464,True
SIMULATED DATA - NOT PHYSICAL RFID MEASUREMENTS,20260924,large_card,paper,0.2,9,9,0.875464,True
SIMULATED DATA - NOT PHYSICAL RFID MEASUREMENTS,20260924,large_card,paper,0.2,9,10,0.875464,True
SIMULATED DATA - NOT PHYSICAL RFID MEASUREMENTS,20260924,large_card,paper,0.2,10,1,0.717537,False
SIMULATED DATA - NOT PHYSICAL RFID MEASUREMENTS,20260924,large_card,paper,0.2,10,2,0.717537,False
SIMULATED DATA - NOT PHYSICAL RFID MEASUREMENTS,20260924,large_card,paper,0.2,10,3,0.717537,True
SIMULATED DATA - NOT PHYSICAL RFID MEASUREMENTS,20260924,large_card,paper,0.2,10,4,0.717537,True
SIMULATED DATA - NOT PHYSICAL RFID MEASUREMENTS,20260924,large_card,paper,0.2,10,5,0.717537,False
SIMULATED DATA - NOT PHYSICAL RFID MEASUREMENTS,20260924,large_card,paper,0.2,10,6,0.717537,False
SIMULATED DATA - NOT PHYSICAL RFID MEASUREMENTS,20260924,large_card,paper,0.2,10,7,0.717537,False
SIMULATED DATA - NOT PHYSICAL RFID MEASUREMENTS,20260924,large_card,paper,0.2,10,8,0.717537,False
SIMULATED DATA - NOT PHYSICAL RFID MEASUREMENTS,20260924,large_card,paper,0.2,10,9,0.717537,True
SIMULATED DATA - NOT PHYSICAL RFID MEASUREMENTS,20260924,large_card,paper,0.2,10,10,0.717537,True
SIMULATED DATA - NOT PHYSICAL RFID MEASUREMENTS,20260924,large_card,paper,0.2,11,1,0.478611,True
SIMULATED DATA - NOT PHYSICAL RFID MEASUREMENTS,20260924,large_card,paper,0.2,11,2,0.478611,True
SIMULATED DATA - NOT PHYSICAL RFID MEASUREMENTS,20260924,large_card,paper,0.2,11,3,0.478611,True
SIMULATED DATA - NOT PHYSICAL RFID MEASUREMENTS,20260924,large_card,paper,0.2,11,4,0.478611,True
SIMULATED DATA - NOT PHYSICAL RFID MEASUREMENTS,20260924,large_card,paper,0.2,11,5,0.478611,True
SIMULATED DATA - NOT PHYSICAL RFID MEASUREMENTS,20260924,large_card,paper,0.2,11,6,0.478611,False
SIMULATED DATA - NOT PHYSICAL RFID MEASUREMENTS,20260924,large_card,paper,0.2,11,7,0.478611,True
SIMULATED DATA - NOT PHYSICAL RFID MEASUREMENTS,20260924,large_card,paper,0.2,11,8,0.478611,True
SIMULATED DATA - NOT PHYSICAL RFID MEASUREMENTS,20260924,large_card,paper,0.2,11,9,0.478611,False
SIMULATED DATA - NOT PHYSICAL RFID MEASUREMENTS,20260924,large_card,paper,0.2,11,10,0.478611,True
SIMULATED DATA - NOT PHYSICAL RFID MEASUREMENTS,20260924,large_card,paper,0.2,12,1,0.249086,False
SIMULATED DATA - NOT PHYSICAL RFID MEASUREMENTS,20260924,large_card,paper,0.2,12,2,0.249086,False
SIMULATED DATA - NOT PHYSICAL RFID MEASUREMENTS,20260924,large_card,paper,0.2,12,3,0.249086,False
SIMULATED DATA - NOT PHYSICAL RFID MEASUREMENTS,20260924,large_card,paper,0.2,12,4,0.249086,False
SIMULATED DATA - NOT PHYSICAL RFID MEASUREMENTS,20260924,large_card,paper,0.2,12,5,0.249086,True
SIMULATED DATA - NOT PHYSICAL RFID MEASUREMENTS,20260924,large_card,paper,0.2,12,6,0.249086,False
SIMULATED DATA - NOT PHYSICAL RFID MEASUREMENTS,20260924,large_card,paper,0.2,12,7,0.249086,False
SIMULATED DATA - NOT PHYSICAL RFID MEASUREMENTS,20260924,large_card,paper,0.2,12,8,0.249086,False
SIMULATED DATA - NOT PHYSICAL RFID MEASUREMENTS,20260924,large_card,paper,0.2,12,9,0.249086,False
SIMULATED DATA - NOT PHYSICAL RFID MEASUREMENTS,20260924,large_card,paper,0.2,12,10,0.249086,False
SIMULATED DATA - NOT PHYSICAL RFID MEASUREMENTS,20260924,large_card,paper,0.2,13,1,0.107036,False
SIMULATED DATA - NOT PHYSICAL RFID MEASUREMENTS,20260924,large_card,paper,0.2,13,2,0.107036,False
SIMULATED DATA - NOT PHYSICAL RFID MEASUREMENTS,20260924,large_card,paper,0.2,13,3,0.107036,False
SIMULATED DATA - NOT PHYSICAL RFID MEASUREMENTS,20260924,large_card,paper,0.2,13,4,0.107036,False
SIMULATED DATA - NOT PHYSICAL RFID MEASUREMENTS,20260924,large_card,paper,0.2,13,5,0.107036,True
SIMULATED DATA - NOT PHYSICAL RFID MEASUREMENTS,20260924,large_card,paper,0.2,13,6,0.107036,False
SIMULATED DATA - NOT PHYSICAL RFID MEASUREMENTS,20260924,large_card,paper,0.2,13,7,0.107036,False
SIMULATED DATA - NOT PHYSICAL RFID MEASUREMENTS,20260924,large_card,paper,0.2,13,8,0.107036,False
SIMULATED DATA - NOT PHYSICAL RFID MEASUREMENTS,20260924,large_card,paper,0.2,13,9,0.107036,False
SIMULATED DATA - NOT PHYSICAL RFID MEASUREMENTS,20260924,large_card,paper,0.2,13,10,0.107036,False
SIMULATED DATA - NOT PHYSICAL RFID MEASUREMENTS,20260924,large_card,paper,0.2,14,1,0.041517,False
SIMULATED DATA - NOT PHYSICAL RFID MEASUREMENTS,20260924,large_card,paper,0.2,14,2,0.041517,False
SIMULATED DATA - NOT PHYSICAL RFID MEASUREMENTS,20260924,large_card,paper,0.2,14,3,0.041517,False
SIMULATED DATA - NOT PHYSICAL RFID MEASUREMENTS,20260924,large_card,paper,0.2,14,4,0.041517,False
SIMULATED DATA - NOT PHYSICAL RFID MEASUREMENTS,20260924,large_card,paper,0.2,14,5,0.041517,False
SIMULATED DATA - NOT PHYSICAL RFID MEASUREMENTS,20260924,large_card,paper,0.2,14,6,0.041517,False
SIMULATED DATA - NOT PHYSICAL RFID MEASUREMENTS,20260924,large_card,paper,0.2,14,7,0.041517,False
SIMULATED DATA - NOT PHYSICAL RFID MEASUREMENTS,20260924,large_card,paper,0.2,14,8,0.041517,False
SIMULATED DATA - NOT PHYSICAL RFID MEASUREMENTS,20260924,large_card,paper,0.2,14,9,0.041517,False
SIMULATED DATA - NOT PHYSICAL RFID MEASUREMENTS,20260924,large_card,paper,0.2,14,10,0.041517,False
SIMULATED DATA - NOT PHYSICAL RFID MEASUREMENTS,20260924,large_card,paper,0.2,15,1,0.015411,False
SIMULATED DATA - NOT PHYSICAL RFID MEASUREMENTS,20260924,large_card,paper,0.2,15,2,0.015411,False
SIMULATED DATA - NOT PHYSICAL RFID MEASUREMENTS,20260924,large_card,paper,0.2,15,3,0.015411,False
SIMULATED DATA - NOT PHYSICAL RFID MEASUREMENTS,20260924,large_card,paper,0.2,15,4,0.015411,False
SIMULATED DATA - NOT PHYSICAL RFID MEASUREMENTS,20260924,large_card,paper,0.2,15,5,0.015411,False
SIMULATED DATA - NOT PHYSICAL RFID MEASUREMENTS,20260924,large_card,paper,0.2,15,6,0.015411,False
SIMULATED DATA - NOT PHYSICAL RFID MEASUREMENTS,20260924,large_card,paper,0.2,15,7,0.015411,False
SIMULATED DATA - NOT PHYSICAL RFID MEASUREMENTS,20260924,large_card,paper,0.2,15,8,0.015411,False
SIMULATED DATA - NOT PHYSICAL RFID MEASUREMENTS,20260924,large_card,paper,0.2,15,9,0.015411,False
SIMULATED DATA - NOT PHYSICAL RFID MEASUREMENTS,20260924,large_card,paper,0.2,15,10,0.015411,False
SIMULATED DATA - NOT PHYSICAL RFID MEASUREMENTS,20260924,large_card,aluminum_screen,10.0,1,1,0.999934,True
SIMULATED DATA - NOT PHYSICAL RFID MEASUREMENTS,20260924,large_card,aluminum_screen,10.0,1,2,0.999934,True
SIMULATED DATA - NOT PHYSICAL RFID MEASUREMENTS,20260924,large_card,aluminum_screen,10.0,1,3,0.999934,True
SIMULATED DATA - NOT PHYSICAL RFID MEASUREMENTS,20260924,large_card,aluminum_screen,10.0,1,4,0.999934,True
SIMULATED DATA - NOT PHYSICAL RFID MEASUREMENTS,20260924,large_card,aluminum_screen,10.0,1,5,0.999934,True
SIMULATED DATA - NOT PHYSICAL RFID MEASUREMENTS,20260924,large_card,aluminum_screen,10.0,1,6,0.999934,True
SIMULATED DATA - NOT PHYSICAL RFID MEASUREMENTS,20260924,large_card,aluminum_screen,10.0,1,7,0.999934,True
SIMULATED DATA - NOT PHYSICAL RFID MEASUREMENTS,20260924,large_card,aluminum_screen,10.0,1,8,0.999934,True
SIMULATED DATA - NOT PHYSICAL RFID MEASUREMENTS,20260924,large_card,aluminum_screen,10.0,1,9,0.999934,True
SIMULATED DATA - NOT PHYSICAL RFID MEASUREMENTS,20260924,large_card,aluminum_screen,10.0,1,10,0.999934,True
SIMULATED DATA - NOT PHYSICAL RFID MEASUREMENTS,20260924,large_card,aluminum_screen,10.0,2,1,0.99971,True
SIMULATED DATA - NOT PHYSICAL RFID MEASUREMENTS,20260924,large_card,aluminum_screen,10.0,2,2,0.99971,True
SIMULATED DATA - NOT PHYSICAL RFID MEASUREMENTS,20260924,large_card,aluminum_screen,10.0,2,3,0.99971,True
SIMULATED DATA - NOT PHYSICAL RFID MEASUREMENTS,20260924,large_card,aluminum_screen,10.0,2,4,0.99971,True
SIMULATED DATA - NOT PHYSICAL RFID MEASUREMENTS,20260924,large_card,aluminum_screen,10.0,2,5,0.99971,True
SIMULATED DATA - NOT PHYSICAL RFID MEASUREMENTS,20260924,large_card,aluminum_screen,10.0,2,6,0.99971,True
SIMULATED DATA - NOT PHYSICAL RFID MEASUREMENTS,20260924,large_card,aluminum_screen,10.0,2,7,0.99971,True
SIMULATED DATA - NOT PHYSICAL RFID MEASUREMENTS,20260924,large_card,aluminum_screen,10.0,2,8,0.99971,True
SIMULATED DATA - NOT PHYSICAL RFID MEASUREMENTS,20260924,large_card,aluminum_screen,10.0,2,9,0.99971,True
SIMULATED DATA - NOT PHYSICAL RFID MEASUREMENTS,20260924,large_card,aluminum_screen,10.0,2,10,0.99971,True
SIMULATED DATA - NOT PHYSICAL RFID MEASUREMENTS,20260924,large_card,aluminum_screen,10.0,3,1,0.998725,True
SIMULATED DATA - NOT PHYSICAL RFID MEASUREMENTS,20260924,large_card,aluminum_screen,10.0,3,2,0.998725,True
SIMULATED DATA - NOT PHYSICAL RFID MEASUREMENTS,20260924,large_card,aluminum_screen,10.0,3,3,0.998725,True
SIMULATED DATA - NOT PHYSICAL RFID MEASUREMENTS,20260924,large_card,aluminum_screen,10.0,3,4,0.998725,True
SIMULATED DATA - NOT PHYSICAL RFID MEASUREMENTS,20260924,large_card,aluminum_screen,10.0,3,5,0.998725,True
SIMULATED DATA - NOT PHYSICAL RFID MEASUREMENTS,20260924,large_card,aluminum_screen,10.0,3,6,0.998725,True
SIMULATED DATA - NOT PHYSICAL RFID MEASUREMENTS,20260924,large_card,aluminum_screen,10.0,3,7,0.998725,True
SIMULATED DATA - NOT PHYSICAL RFID MEASUREMENTS,20260924,large_card,aluminum_screen,10.0,3,8,0.998725,True
SIMULATED DATA - NOT PHYSICAL RFID MEASUREMENTS,20260924,large_card,aluminum_screen,10.0,3,9,0.998725,True
SIMULATED DATA - NOT PHYSICAL RFID MEASUREMENTS,20260924,large_card,aluminum_screen,10.0,3,10,0.998725,True
SIMULATED DATA - NOT PHYSICAL RFID MEASUREMENTS,20260924,large_card,aluminum_screen,10.0,4,1,0.994407,True
SIMULATED DATA - NOT PHYSICAL RFID MEASUREMENTS,20260924,large_card,aluminum_screen,10.0,4,2,0.994407,True
SIMULATED DATA - NOT PHYSICAL RFID MEASUREMENTS,20260924,large_card,aluminum_screen,10.0,4,3,0.994407,True
SIMULATED DATA - NOT PHYSICAL RFID MEASUREMENTS,20260924,large_card,aluminum_screen,10.0,4,4,0.994407,True
SIMULATED DATA - NOT PHYSICAL RFID MEASUREMENTS,20260924,large_card,aluminum_screen,10.0,4,5,0.994407,True
SIMULATED DATA - NOT PHYSICAL RFID MEASUREMENTS,20260924,large_card,aluminum_screen,10.0,4,6,0.994407,True
SIMULATED DATA - NOT PHYSICAL RFID MEASUREMENTS,20260924,large_card,aluminum_screen,10.0,4,7,0.994407,True
SIMULATED DATA - NOT PHYSICAL RFID MEASUREMENTS,20260924,large_card,aluminum_screen,10.0,4,8,0.994407,True
SIMULATED DATA - NOT PHYSICAL RFID MEASUREMENTS,20260924,large_card,aluminum_screen,10.0,4,9,0.994407,True
SIMULATED DATA - NOT PHYSICAL RFID MEASUREMENTS,20260924,large_card,aluminum_screen,10.0,4,10,0.994407,True
SIMULATED DATA - NOT PHYSICAL RFID MEASUREMENTS,20260924,large_card,aluminum_screen,10.0,5,1,0.975825,True
SIMULATED DATA - NOT PHYSICAL RFID MEASUREMENTS,20260924,large_card,aluminum_screen,10.0,5,2,0.975825,True
SIMULATED DATA - NOT PHYSICAL RFID MEASUREMENTS,20260924,large_card,aluminum_screen,10.0,5,3,0.975825,True
SIMULATED DATA - NOT PHYSICAL RFID MEASUREMENTS,20260924,large_card,aluminum_screen,10.0,5,4,0.975825,True
SIMULATED DATA - NOT PHYSICAL RFID MEASUREMENTS,20260924,large_card,aluminum_screen,10.0,5,5,0.975825,True
SIMULATED DATA - NOT PHYSICAL RFID MEASUREMENTS,20260924,large_card,aluminum_screen,10.0,5,6,0.975825,True
SIMULATED DATA - NOT PHYSICAL RFID MEASUREMENTS,20260924,large_card,aluminum_screen,10.0,5,7,0.975825,True
SIMULATED DATA - NOT PHYSICAL RFID MEASUREMENTS,20260924,large_card,aluminum_screen,10.0,5,8,0.975825,True
SIMULATED DATA - NOT PHYSICAL RFID MEASUREMENTS,20260924,large_card,aluminum_screen,10.0,5,9,0.975825,True
SIMULATED DATA - NOT PHYSICAL RFID MEASUREMENTS,20260924,large_card,aluminum_screen,10.0,5,10,0.975825,True
SIMULATED DATA - NOT PHYSICAL RFID MEASUREMENTS,20260924,large_card,aluminum_screen,10.0,6,1,0.90162,False
SIMULATED DATA - NOT PHYSICAL RFID MEASUREMENTS,20260924,large_card,aluminum_screen,10.0,6,2,0.90162,True
SIMULATED DATA - NOT PHYSICAL RFID MEASUREMENTS,20260924,large_card,aluminum_screen,10.0,6,3,0.90162,True
SIMULATED DATA - NOT PHYSICAL RFID MEASUREMENTS,20260924,large_card,aluminum_screen,10.0,6,4,0.90162,True
SIMULATED DATA - NOT PHYSICAL RFID MEASUREMENTS,20260924,large_card,aluminum_screen,10.0,6,5,0.90162,True
SIMULATED DATA - NOT PHYSICAL RFID MEASUREMENTS,20260924,large_card,aluminum_screen,10.0,6,6,0.90162,True
SIMULATED DATA - NOT PHYSICAL RFID MEASUREMENTS,20260924,large_card,aluminum_screen,10.0,6,7,0.90162,True
SIMULATED DATA - NOT PHYSICAL RFID MEASUREMENTS,20260924,large_card,aluminum_screen,10.0,6,8,0.90162,True
SIMULATED DATA - NOT PHYSICAL RFID MEASUREMENTS,20260924,large_card,aluminum_screen,10.0,6,9,0.90162,False
SIMULATED DATA - NOT PHYSICAL RFID MEASUREMENTS,20260924,large_card,aluminum_screen,10.0,6,10,0.90162,True
SIMULATED DATA - NOT PHYSICAL RFID MEASUREMENTS,20260924,large_card,aluminum_screen,10.0,7,1,0.675405,True
SIMULATED DATA - NOT PHYSICAL RFID MEASUREMENTS,20260924,large_card,aluminum_screen,10.0,7,2,0.675405,False
SIMULATED DATA - NOT PHYSICAL RFID MEASUREMENTS,20260924,large_card,aluminum_screen,10.0,7,3,0.675405,True
SIMULATED DATA - NOT PHYSICAL RFID MEASUREMENTS,20260924,large_card,aluminum_screen,10.0,7,4,0.675405,True
SIMULATED DATA - NOT PHYSICAL RFID MEASUREMENTS,20260924,large_card,aluminum_screen,10.0,7,5,0.675405,True
SIMULATED DATA - NOT PHYSICAL RFID MEASUREMENTS,20260924,large_card,aluminum_screen,10.0,7,6,0.675405,False
SIMULATED DATA - NOT PHYSICAL RFID MEASUREMENTS,20260924,large_card,aluminum_screen,10.0,7,7,0.675405,True
SIMULATED DATA - NOT PHYSICAL RFID MEASUREMENTS,20260924,large_card,aluminum_screen,10.0,7,8,0.675405,True
SIMULATED DATA - NOT PHYSICAL RFID MEASUREMENTS,20260924,large_card,aluminum_screen,10.0,7,9,0.675405,False
SIMULATED DATA - NOT PHYSICAL RFID MEASUREMENTS,20260924,large_card,aluminum_screen,10.0,7,10,0.675405,True
SIMULATED DATA - NOT PHYSICAL RFID MEASUREMENTS,20260924,large_card,aluminum_screen,10.0,8,1,0.320845,True
SIMULATED DATA - NOT PHYSICAL RFID MEASUREMENTS,20260924,large_card,aluminum_screen,10.0,8,2,0.320845,True
SIMULATED DATA - NOT PHYSICAL RFID MEASUREMENTS,20260924,large_card,aluminum_screen,10.0,8,3,0.320845,True
SIMULATED DATA - NOT PHYSICAL RFID MEASUREMENTS,20260924,large_card,aluminum_screen,10.0,8,4,0.320845,False
SIMULATED DATA - NOT PHYSICAL RFID MEASUREMENTS,20260924,large_card,aluminum_screen,10.0,8,5,0.320845,False
SIMULATED DATA - NOT PHYSICAL RFID MEASUREMENTS,20260924,large_card,aluminum_screen,10.0,8,6,0.320845,False
SIMULATED DATA - NOT PHYSICAL RFID MEASUREMENTS,20260924,large_card,aluminum_screen,10.0,8,7,0.320845,False
SIMULATED DATA - NOT PHYSICAL RFID MEASUREMENTS,20260924,large_card,aluminum_screen,10.0,8,8,0.320845,False
SIMULATED DATA - NOT PHYSICAL RFID MEASUREMENTS,20260924,large_card,aluminum_screen,10.0,8,9,0.320845,False
SIMULATED DATA - NOT PHYSICAL RFID MEASUREMENTS,20260924,large_card,aluminum_screen,10.0,8,10,0.320845,False
SIMULATED DATA - NOT PHYSICAL RFID MEASUREMENTS,20260924,large_card,aluminum_screen,10.0,9,1,0.096868,False
SIMULATED DATA - NOT PHYSICAL RFID MEASUREMENTS,20260924,large_card,aluminum_screen,10.0,9,2,0.096868,False
SIMULATED DATA - NOT PHYSICAL RFID MEASUREMENTS,20260924,large_card,aluminum_screen,10.0,9,3,0.096868,False
SIMULATED DATA - NOT PHYSICAL RFID MEASUREMENTS,20260924,large_card,aluminum_screen,10.0,9,4,0.096868,False
SIMULATED DATA - NOT PHYSICAL RFID MEASUREMENTS,20260924,large_card,aluminum_screen,10.0,9,5,0.096868,False
SIMULATED DATA - NOT PHYSICAL RFID MEASUREMENTS,20260924,large_card,aluminum_screen,10.0,9,6,0.096868,False
SIMULATED DATA - NOT PHYSICAL RFID MEASUREMENTS,20260924,large_card,aluminum_screen,10.0,9,7,0.096868,False
SIMULATED DATA - NOT PHYSICAL RFID MEASUREMENTS,20260924,large_card,aluminum_screen,10.0,9,8,0.096868,False
SIMULATED DATA - NOT PHYSICAL RFID MEASUREMENTS,20260924,large_card,aluminum_screen,10.0,9,9,0.096868,False
SIMULATED DATA - NOT PHYSICAL RFID MEASUREMENTS,20260924,large_card,aluminum_screen,10.0,9,10,0.096868,False
SIMULATED DATA - NOT PHYSICAL RFID MEASUREMENTS,20260924,large_card,aluminum_screen,10.0,10,1,0.023773,False
SIMULATED DATA - NOT PHYSICAL RFID MEASUREMENTS,20260924,large_card,aluminum_screen,10.0,10,2,0.023773,False
SIMULATED DATA - NOT PHYSICAL RFID MEASUREMENTS,20260924,large_card,aluminum_screen,10.0,10,3,0.023773,False
SIMULATED DATA - NOT PHYSICAL RFID MEASUREMENTS,20260924,large_card,aluminum_screen,10.0,10,4,0.023773,False
SIMULATED DATA - NOT PHYSICAL RFID MEASUREMENTS,20260924,large_card,aluminum_screen,10.0,10,5,0.023773,False
SIMULATED DATA - NOT PHYSICAL RFID MEASUREMENTS,20260924,large_card,aluminum_screen,10.0,10,6,0.023773,False
SIMULATED DATA - NOT PHYSICAL RFID MEASUREMENTS,20260924,large_card,aluminum_screen,10.0,10,7,0.023773,False
SIMULATED DATA - NOT PHYSICAL RFID MEASUREMENTS,20260924,large_card,aluminum_screen,10.0,10,8,0.023773,False
SIMULATED DATA - NOT PHYSICAL RFID MEASUREMENTS,20260924,large_card,aluminum_screen,10.0,10,9,0.023773,False
SIMULATED DATA - NOT PHYSICAL RFID MEASUREMENTS,20260924,large_card,aluminum_screen,10.0,10,10,0.023773,False
SIMULATED DATA - NOT PHYSICAL RFID MEASUREMENTS,20260924,large_card,aluminum_screen,10.0,11,1,0.005498,False
SIMULATED DATA - NOT PHYSICAL RFID MEASUREMENTS,20260924,large_card,aluminum_screen,10.0,11,2,0.005498,False
SIMULATED DATA - NOT PHYSICAL RFID MEASUREMENTS,20260924,large_card,aluminum_screen,10.0,11,3,0.005498,False
SIMULATED DATA - NOT PHYSICAL RFID MEASUREMENTS,20260924,large_card,aluminum_screen,10.0,11,4,0.005498,False
SIMULATED DATA - NOT PHYSICAL RFID MEASUREMENTS,20260924,large_card,aluminum_screen,10.0,11,5,0.005498,False
SIMULATED DATA - NOT PHYSICAL RFID MEASUREMENTS,20260924,large_card,aluminum_screen,10.0,11,6,0.005498,False
SIMULATED DATA - NOT PHYSICAL RFID MEASUREMENTS,20260924,large_card,aluminum_screen,10.0,11,7,0.005498,False
SIMULATED DATA - NOT PHYSICAL RFID MEASUREMENTS,20260924,large_card,aluminum_screen,10.0,11,8,0.005498,False
SIMULATED DATA - NOT PHYSICAL RFID MEASUREMENTS,20260924,large_card,aluminum_screen,10.0,11,9,0.005498,False
SIMULATED DATA - NOT PHYSICAL RFID MEASUREMENTS,20260924,large_card,aluminum_screen,10.0,11,10,0.005498,False
SIMULATED DATA - NOT PHYSICAL RFID MEASUREMENTS,20260924,large_card,aluminum_screen,10.0,12,1,0.001254,False
SIMULATED DATA - NOT PHYSICAL RFID MEASUREMENTS,20260924,large_card,aluminum_screen,10.0,12,2,0.001254,False
SIMULATED DATA - NOT PHYSICAL RFID MEASUREMENTS,20260924,large_card,aluminum_screen,10.0,12,3,0.001254,False
SIMULATED DATA - NOT PHYSICAL RFID MEASUREMENTS,20260924,large_card,aluminum_screen,10.0,12,4,0.001254,False
SIMULATED DATA - NOT PHYSICAL RFID MEASUREMENTS,20260924,large_card,aluminum_screen,10.0,12,5,0.001254,False
SIMULATED DATA - NOT PHYSICAL RFID MEASUREMENTS,20260924,large_card,aluminum_screen,10.0,12,6,0.001254,False
SIMULATED DATA - NOT PHYSICAL RFID MEASUREMENTS,20260924,large_card,aluminum_screen,10.0,12,7,0.001254,False
SIMULATED DATA - NOT PHYSICAL RFID MEASUREMENTS,20260924,large_card,aluminum_screen,10.0,12,8,0.001254,False
SIMULATED DATA - NOT PHYSICAL RFID MEASUREMENTS,20260924,large_card,aluminum_screen,10.0,12,9,0.001254,False
SIMULATED DATA - NOT PHYSICAL RFID MEASUREMENTS,20260924,large_card,aluminum_screen,10.0,12,10,0.001254,False
SIMULATED DATA - NOT PHYSICAL RFID MEASUREMENTS,20260924,large_card,aluminum_screen,10.0,13,1,0.000285,False
SIMULATED DATA - NOT PHYSICAL RFID MEASUREMENTS,20260924,large_card,aluminum_screen,10.0,13,2,0.000285,False
SIMULATED DATA - NOT PHYSICAL RFID MEASUREMENTS,20260924,large_card,aluminum_screen,10.0,13,3,0.000285,False
SIMULATED DATA - NOT PHYSICAL RFID MEASUREMENTS,20260924,large_card,aluminum_screen,10.0,13,4,0.000285,False
SIMULATED DATA - NOT PHYSICAL RFID MEASUREMENTS,20260924,large_card,aluminum_screen,10.0,13,5,0.000285,False
SIMULATED DATA - NOT PHYSICAL RFID MEASUREMENTS,20260924,large_card,aluminum_screen,10.0,13,6,0.000285,False
SIMULATED DATA - NOT PHYSICAL RFID MEASUREMENTS,20260924,large_card,aluminum_screen,10.0,13,7,0.000285,False
SIMULATED DATA - NOT PHYSICAL RFID MEASUREMENTS,20260924,large_card,aluminum_screen,10.0,13,8,0.000285,False
SIMULATED DATA - NOT PHYSICAL RFID MEASUREMENTS,20260924,large_card,aluminum_screen,10.0,13,9,0.000285,False
SIMULATED DATA - NOT PHYSICAL RFID MEASUREMENTS,20260924,large_card,aluminum_screen,10.0,13,10,0.000285,False
SIMULATED DATA - NOT PHYSICAL RFID MEASUREMENTS,20260924,large_card,aluminum_screen,10.0,14,1,6.5e-05,False
SIMULATED DATA - NOT PHYSICAL RFID MEASUREMENTS,20260924,large_card,aluminum_screen,10.0,14,2,6.5e-05,False
SIMULATED DATA - NOT PHYSICAL RFID MEASUREMENTS,20260924,large_card,aluminum_screen,10.0,14,3,6.5e-05,False
SIMULATED DATA - NOT PHYSICAL RFID MEASUREMENTS,20260924,large_card,aluminum_screen,10.0,14,4,6.5e-05,False
SIMULATED DATA - NOT PHYSICAL RFID MEASUREMENTS,20260924,large_card,aluminum_screen,10.0,14,5,6.5e-05,False
SIMULATED DATA - NOT PHYSICAL RFID MEASUREMENTS,20260924,large_card,aluminum_screen,10.0,14,6,6.5e-05,False
SIMULATED DATA - NOT PHYSICAL RFID MEASUREMENTS,20260924,large_card,aluminum_screen,10.0,14,7,6.5e-05,False
SIMULATED DATA - NOT PHYSICAL RFID MEASUREMENTS,20260924,large_card,aluminum_screen,10.0,14,8,6.5e-05,False
SIMULATED DATA - NOT PHYSICAL RFID MEASUREMENTS,20260924,large_card,aluminum_screen,10.0,14,9,6.5e-05,False
SIMULATED DATA - NOT PHYSICAL RFID MEASUREMENTS,20260924,large_card,aluminum_screen,10.0,14,10,6.5e-05,False
SIMULATED DATA - NOT PHYSICAL RFID MEASUREMENTS,20260924,large_card,aluminum_screen,10.0,15,1,1.5e-05,False
SIMULATED DATA - NOT PHYSICAL RFID MEASUREMENTS,20260924,large_card,aluminum_screen,10.0,15,2,1.5e-05,False
SIMULATED DATA - NOT PHYSICAL RFID MEASUREMENTS,20260924,large_card,aluminum_screen,10.0,15,3,1.5e-05,False
SIMULATED DATA - NOT PHYSICAL RFID MEASUREMENTS,20260924,large_card,aluminum_screen,10.0,15,4,1.5e-05,False
SIMULATED DATA - NOT PHYSICAL RFID MEASUREMENTS,20260924,large_card,aluminum_screen,10.0,15,5,1.5e-05,False
SIMULATED DATA - NOT PHYSICAL RFID MEASUREMENTS,20260924,large_card,aluminum_screen,10.0,15,6,1.5e-05,False
SIMULATED DATA - NOT PHYSICAL RFID MEASUREMENTS,20260924,large_card,aluminum_screen,10.0,15,7,1.5e-05,False
SIMULATED DATA - NOT PHYSICAL RFID MEASUREMENTS,20260924,large_card,aluminum_screen,10.0,15,8,1.5e-05,False
SIMULATED DATA - NOT PHYSICAL RFID MEASUREMENTS,20260924,large_card,aluminum_screen,10.0,15,9,1.5e-05,False
SIMULATED DATA - NOT PHYSICAL RFID MEASUREMENTS,20260924,large_card,aluminum_screen,10.0,15,10,1.5e-05,False
SIMULATED DATA - NOT PHYSICAL RFID MEASUREMENTS,20260924,large_card,copper_mesh,12.0,1,1,0.999926,True
SIMULATED DATA - NOT PHYSICAL RFID MEASUREMENTS,20260924,large_card,copper_mesh,12.0,1,2,0.999926,True
SIMULATED DATA - NOT PHYSICAL RFID MEASUREMENTS,20260924,large_card,copper_mesh,12.0,1,3,0.999926,True
SIMULATED DATA - NOT PHYSICAL RFID MEASUREMENTS,20260924,large_card,copper_mesh,12.0,1,4,0.999926,True
SIMULATED DATA - NOT PHYSICAL RFID MEASUREMENTS,20260924,large_card,copper_mesh,12.0,1,5,0.999926,True
SIMULATED DATA - NOT PHYSICAL RFID MEASUREMENTS,20260924,large_card,copper_mesh,12.0,1,6,0.999926,True
SIMULATED DATA - NOT PHYSICAL RFID MEASUREMENTS,20260924,large_card,copper_mesh,12.0,1,7,0.999926,True
SIMULATED DATA - NOT PHYSICAL RFID MEASUREMENTS,20260924,large_card,copper_mesh,12.0,1,8,0.999926,True
SIMULATED DATA - NOT PHYSICAL RFID MEASUREMENTS,20260924,large_card,copper_mesh,12.0,1,9,0.999926,True
SIMULATED DATA - NOT PHYSICAL RFID MEASUREMENTS,20260924,large_card,copper_mesh,12.0,1,10,0.999926,True
SIMULATED DATA - NOT PHYSICAL RFID MEASUREMENTS,20260924,large_card,copper_mesh,12.0,2,1,0.999633,True
SIMULATED DATA - NOT PHYSICAL RFID MEASUREMENTS,20260924,large_card,copper_mesh,12.0,2,2,0.999633,True
SIMULATED DATA - NOT PHYSICAL RFID MEASUREMENTS,20260924,large_card,copper_mesh,12.0,2,3,0.999633,True
SIMULATED DATA - NOT PHYSICAL RFID MEASUREMENTS,20260924,large_card,copper_mesh,12.0,2,4,0.999633,True
SIMULATED DATA - NOT PHYSICAL RFID MEASUREMENTS,20260924,large_card,copper_mesh,12.0,2,5,0.999633,True
SIMULATED DATA - NOT PHYSICAL RFID MEASUREMENTS,20260924,large_card,copper_mesh,12.0,2,6,0.999633,True
SIMULATED DATA - NOT PHYSICAL RFID MEASUREMENTS,20260924,large_card,copper_mesh,12.0,2,7,0.999633,True
SIMULATED DATA - NOT PHYSICAL RFID MEASUREMENTS,20260924,large_card,copper_mesh,12.0,2,8,0.999633,True
SIMULATED DATA - NOT PHYSICAL RFID MEASUREMENTS,20260924,large_card,copper_mesh,12.0,2,9,0.999633,True
SIMULATED DATA - NOT PHYSICAL RFID MEASUREMENTS,20260924,large_card,copper_mesh,12.0,2,10,0.999633,True
SIMULATED DATA - NOT PHYSICAL RFID MEASUREMENTS,20260924,large_card,copper_mesh,12.0,3,1,0.998182,True
SIMULATED DATA - NOT PHYSICAL RFID MEASUREMENTS,20260924,large_card,copper_mesh,12.0,3,2,0.998182,True
SIMULATED DATA - NOT PHYSICAL RFID MEASUREMENTS,20260924,large_card,copper_mesh,12.0,3,3,0.998182,True
SIMULATED DATA - NOT PHYSICAL RFID MEASUREMENTS,20260924,large_card,copper_mesh,12.0,3,4,0.998182,True
SIMULATED DATA - NOT PHYSICAL RFID MEASUREMENTS,20260924,large_card,copper_mesh,12.0,3,5,0.998182,True
SIMULATED DATA - NOT PHYSICAL RFID MEASUREMENTS,20260924,large_card,copper_mesh,12.0,3,6,0.998182,True
SIMULATED DATA - NOT PHYSICAL RFID MEASUREMENTS,20260924,large_card,copper_mesh,12.0,3,7,0.998182,True
SIMULATED DATA - NOT PHYSICAL RFID MEASUREMENTS,20260924,large_card,copper_mesh,12.0,3,8,0.998182,True
SIMULATED DATA - NOT PHYSICAL RFID MEASUREMENTS,20260924,large_card,copper_mesh,12.0,3,9,0.998182,True
SIMULATED DATA - NOT PHYSICAL RFID MEASUREMENTS,20260924,large_card,copper_mesh,12.0,3,10,0.998182,True
SIMULATED DATA - NOT PHYSICAL RFID MEASUREMENTS,20260924,large_card,copper_mesh,12.0,4,1,0.991053,True
SIMULATED DATA - NOT PHYSICAL RFID MEASUREMENTS,20260924,large_card,copper_mesh,12.0,4,2,0.991053,True
SIMULATED DATA - NOT PHYSICAL RFID MEASUREMENTS,20260924,large_card,copper_mesh,12.0,4,3,0.991053,True
SIMULATED DATA - NOT PHYSICAL RFID MEASUREMENTS,20260924,large_card,copper_mesh,12.0,4,4,0.991053,True
SIMULATED DATA - NOT PHYSICAL RFID MEASUREMENTS,20260924,large_card,copper_mesh,12.0,4,5,0.991053,True
SIMULATED DATA - NOT PHYSICAL RFID MEASUREMENTS,20260924,large_card,copper_mesh,12.0,4,6,0.991053,True
SIMULATED DATA - NOT PHYSICAL RFID MEASUREMENTS,20260924,large_card,copper_mesh,12.0,4,7,0.991053,True
SIMULATED DATA - NOT PHYSICAL RFID MEASUREMENTS,20260924,large_card,copper_mesh,12.0,4,8,0.991053,True
SIMULATED DATA - NOT PHYSICAL RFID MEASUREMENTS,20260924,large_card,copper_mesh,12.0,4,9,0.991053,True
SIMULATED DATA - NOT PHYSICAL RFID MEASUREMENTS,20260924,large_card,copper_mesh,12.0,4,10,0.991053,True
SIMULATED DATA - NOT PHYSICAL RFID MEASUREMENTS,20260924,large_card,copper_mesh,12.0,5,1,0.957164,True
SIMULATED DATA - NOT PHYSICAL RFID MEASUREMENTS,20260924,large_card,copper_mesh,12.0,5,2,0.957164,False
SIMULATED DATA - NOT PHYSICAL RFID MEASUREMENTS,20260924,large_card,copper_mesh,12.0,5,3,0.957164,True
SIMULATED DATA - NOT PHYSICAL RFID MEASUREMENTS,20260924,large_card,copper_mesh,12.0,5,4,0.957164,False
SIMULATED DATA - NOT PHYSICAL RFID MEASUREMENTS,20260924,large_card,copper_mesh,12.0,5,5,0.957164,True
SIMULATED DATA - NOT PHYSICAL RFID MEASUREMENTS,20260924,large_card,copper_mesh,12.0,5,6,0.957164,True
SIMULATED DATA - NOT PHYSICAL RFID MEASUREMENTS,20260924,large_card,copper_mesh,12.0,5,7,0.957164,True
SIMULATED DATA - NOT PHYSICAL RFID MEASUREMENTS,20260924,large_card,copper_mesh,12.0,5,8,0.957164,True
SIMULATED DATA - NOT PHYSICAL RFID MEASUREMENTS,20260924,large_card,copper_mesh,12.0,5,9,0.957164,True
SIMULATED DATA - NOT PHYSICAL RFID MEASUREMENTS,20260924,large_card,copper_mesh,12.0,5,10,0.957164,False
SIMULATED DATA - NOT PHYSICAL RFID MEASUREMENTS,20260924,large_card,copper_mesh,12.0,6,1,0.818423,True
SIMULATED DATA - NOT PHYSICAL RFID MEASUREMENTS,20260924,large_card,copper_mesh,12.0,6,2,0.818423,False
SIMULATED DATA - NOT PHYSICAL RFID MEASUREMENTS,20260924,large_card,copper_mesh,12.0,6,3,0.818423,True
SIMULATED DATA - NOT PHYSICAL RFID MEASUREMENTS,20260924,large_card,copper_mesh,12.0,6,4,0.818423,False
SIMULATED DATA - NOT PHYSICAL RFID MEASUREMENTS,20260924,large_card,copper_mesh,12.0,6,5,0.818423,True
SIMULATED DATA - NOT PHYSICAL RFID MEASUREMENTS,20260924,large_card,copper_mesh,12.0,6,6,0.818423,True
SIMULATED DATA - NOT PHYSICAL RFID MEASUREMENTS,20260924,large_card,copper_mesh,12.0,6,7,0.818423,True
SIMULATED DATA - NOT PHYSICAL RFID MEASUREMENTS,20260924,large_card,copper_mesh,12.0,6,8,0.818423,False
SIMULATED DATA - NOT PHYSICAL RFID MEASUREMENTS,20260924,large_card,copper_mesh,12.0,6,9,0.818423,True
SIMULATED DATA - NOT PHYSICAL RFID MEASUREMENTS,20260924,large_card,copper_mesh,12.0,6,10,0.818423,True
SIMULATED DATA - NOT PHYSICAL RFID MEASUREMENTS,20260924,large_card,copper_mesh,12.0,7,1,0.476217,True
SIMULATED DATA - NOT PHYSICAL RFID MEASUREMENTS,20260924,large_card,copper_mesh,12.0,7,2,0.476217,True
SIMULATED DATA - NOT PHYSICAL RFID MEASUREMENTS,20260924,large_card,copper_mesh,12.0,7,3,0.476217,True
SIMULATED DATA - NOT PHYSICAL RFID MEASUREMENTS,20260924,large_card,copper_mesh,12.0,7,4,0.476217,False
SIMULATED DATA - NOT PHYSICAL RFID MEASUREMENTS,20260924,large_card,copper_mesh,12.0,7,5,0.476217,True
SIMULATED DATA - NOT PHYSICAL RFID MEASUREMENTS,20260924,large_card,copper_mesh,12.0,7,6,0.476217,True
SIMULATED DATA - NOT PHYSICAL RFID MEASUREMENTS,20260924,large_card,copper_mesh,12.0,7,7,0.476217,True
SIMULATED DATA - NOT PHYSICAL RFID MEASUREMENTS,20260924,large_card,copper_mesh,12.0,7,8,0.476217,True
SIMULATED DATA - NOT PHYSICAL RFID MEASUREMENTS,20260924,large_card,copper_mesh,12.0,7,9,0.476217,False
SIMULATED DATA - NOT PHYSICAL RFID MEASUREMENTS,20260924,large_card,copper_mesh,12.0,7,10,0.476217,False
SIMULATED DATA - NOT PHYSICAL RFID MEASUREMENTS,20260924,large_card,copper_mesh,12.0,8,1,0.154974,False
SIMULATED DATA - NOT PHYSICAL RFID MEASUREMENTS,20260924,large_card,copper_mesh,12.0,8,2,0.154974,False
SIMULATED DATA - NOT PHYSICAL RFID MEASUREMENTS,20260924,large_card,copper_mesh,12.0,8,3,0.154974,True
SIMULATED DATA - NOT PHYSICAL RFID MEASUREMENTS,20260924,large_card,copper_mesh,12.0,8,4,0.154974,False
SIMULATED DATA - NOT PHYSICAL RFID MEASUREMENTS,20260924,large_card,copper_mesh,12.0,8,5,0.154974,False
SIMULATED DATA - NOT PHYSICAL RFID MEASUREMENTS,20260924,large_card,copper_mesh,12.0,8,6,0.154974,False
SIMULATED DATA - NOT PHYSICAL RFID MEASUREMENTS,20260924,large_card,copper_mesh,12.0,8,7,0.154974,False
SIMULATED DATA - NOT PHYSICAL RFID MEASUREMENTS,20260924,large_card,copper_mesh,12.0,8,8,0.154974,True
SIMULATED DATA - NOT PHYSICAL RFID MEASUREMENTS,20260924,large_card,copper_mesh,12.0,8,9,0.154974,False
SIMULATED DATA - NOT PHYSICAL RFID MEASUREMENTS,20260924,large_card,copper_mesh,12.0,8,10,0.154974,False
SIMULATED DATA - NOT PHYSICAL RFID MEASUREMENTS,20260924,large_card,copper_mesh,12.0,9,1,0.035674,False
SIMULATED DATA - NOT PHYSICAL RFID MEASUREMENTS,20260924,large_card,copper_mesh,12.0,9,2,0.035674,False
SIMULATED DATA - NOT PHYSICAL RFID MEASUREMENTS,20260924,large_card,copper_mesh,12.0,9,3,0.035674,False
SIMULATED DATA - NOT PHYSICAL RFID MEASUREMENTS,20260924,large_card,copper_mesh,12.0,9,4,0.035674,True
SIMULATED DATA - NOT PHYSICAL RFID MEASUREMENTS,20260924,large_card,copper_mesh,12.0,9,5,0.035674,False
SIMULATED DATA - NOT PHYSICAL RFID MEASUREMENTS,20260924,large_card,copper_mesh,12.0,9,6,0.035674,False
SIMULATED DATA - NOT PHYSICAL RFID MEASUREMENTS,20260924,large_card,copper_mesh,12.0,9,7,0.035674,False
SIMULATED DATA - NOT PHYSICAL RFID MEASUREMENTS,20260924,large_card,copper_mesh,12.0,9,8,0.035674,False
SIMULATED DATA - NOT PHYSICAL RFID MEASUREMENTS,20260924,large_card,copper_mesh,12.0,9,9,0.035674,False
SIMULATED DATA - NOT PHYSICAL RFID MEASUREMENTS,20260924,large_card,copper_mesh,12.0,9,10,0.035674,False
SIMULATED DATA - NOT PHYSICAL RFID MEASUREMENTS,20260924,large_card,copper_mesh,12.0,10,1,0.007407,False
SIMULATED DATA - NOT PHYSICAL RFID MEASUREMENTS,20260924,large_card,copper_mesh,12.0,10,2,0.007407,False
SIMULATED DATA - NOT PHYSICAL RFID MEASUREMENTS,20260924,large_card,copper_mesh,12.0,10,3,0.007407,False
SIMULATED DATA - NOT PHYSICAL RFID MEASUREMENTS,20260924,large_card,copper_mesh,12.0,10,4,0.007407,False
SIMULATED DATA - NOT PHYSICAL RFID MEASUREMENTS,20260924,large_card,copper_mesh,12.0,10,5,0.007407,False
SIMULATED DATA - NOT PHYSICAL RFID MEASUREMENTS,20260924,large_card,copper_mesh,12.0,10,6,0.007407,False
SIMULATED DATA - NOT PHYSICAL RFID MEASUREMENTS,20260924,large_card,copper_mesh,12.0,10,7,0.007407,False
SIMULATED DATA - NOT PHYSICAL RFID MEASUREMENTS,20260924,large_card,copper_mesh,12.0,10,8,0.007407,False
SIMULATED DATA - NOT PHYSICAL RFID MEASUREMENTS,20260924,large_card,copper_mesh,12.0,10,9,0.007407,False
SIMULATED DATA - NOT PHYSICAL RFID MEASUREMENTS,20260924,large_card,copper_mesh,12.0,10,10,0.007407,False
SIMULATED DATA - NOT PHYSICAL RFID MEASUREMENTS,20260924,large_card,copper_mesh,12.0,11,1,0.001503,False
SIMULATED DATA - NOT PHYSICAL RFID MEASUREMENTS,20260924,large_card,copper_mesh,12.0,11,2,0.001503,False
SIMULATED DATA - NOT PHYSICAL RFID MEASUREMENTS,20260924,large_card,copper_mesh,12.0,11,3,0.001503,False
SIMULATED DATA - NOT PHYSICAL RFID MEASUREMENTS,20260924,large_card,copper_mesh,12.0,11,4,0.001503,False
SIMULATED DATA - NOT PHYSICAL RFID MEASUREMENTS,20260924,large_card,copper_mesh,12.0,11,5,0.001503,False
SIMULATED DATA - NOT PHYSICAL RFID MEASUREMENTS,20260924,large_card,copper_mesh,12.0,11,6,0.001503,False
SIMULATED DATA - NOT PHYSICAL RFID MEASUREMENTS,20260924,large_card,copper_mesh,12.0,11,7,0.001503,False
SIMULATED DATA - NOT PHYSICAL RFID MEASUREMENTS,20260924,large_card,copper_mesh,12.0,11,8,0.001503,False
SIMULATED DATA - NOT PHYSICAL RFID MEASUREMENTS,20260924,large_card,copper_mesh,12.0,11,9,0.001503,False
SIMULATED DATA - NOT PHYSICAL RFID MEASUREMENTS,20260924,large_card,copper_mesh,12.0,11,10,0.001503,False
SIMULATED DATA - NOT PHYSICAL RFID MEASUREMENTS,20260924,large_card,copper_mesh,12.0,12,1,0.000304,False
SIMULATED DATA - NOT PHYSICAL RFID MEASUREMENTS,20260924,large_card,copper_mesh,12.0,12,2,0.000304,False
SIMULATED DATA - NOT PHYSICAL RFID MEASUREMENTS,20260924,large_card,copper_mesh,12.0,12,3,0.000304,False
SIMULATED DATA - NOT PHYSICAL RFID MEASUREMENTS,20260924,large_card,copper_mesh,12.0,12,4,0.000304,False
SIMULATED DATA - NOT PHYSICAL RFID MEASUREMENTS,20260924,large_card,copper_mesh,12.0,12,5,0.000304,False
SIMULATED DATA - NOT PHYSICAL RFID MEASUREMENTS,20260924,large_card,copper_mesh,12.0,12,6,0.000304,False
SIMULATED DATA - NOT PHYSICAL RFID MEASUREMENTS,20260924,large_card,copper_mesh,12.0,12,7,0.000304,False
SIMULATED DATA - NOT PHYSICAL RFID MEASUREMENTS,20260924,large_card,copper_mesh,12.0,12,8,0.000304,False
SIMULATED DATA - NOT PHYSICAL RFID MEASUREMENTS,20260924,large_card,copper_mesh,12.0,12,9,0.000304,False
SIMULATED DATA - NOT PHYSICAL RFID MEASUREMENTS,20260924,large_card,copper_mesh,12.0,12,10,0.000304,False
SIMULATED DATA - NOT PHYSICAL RFID MEASUREMENTS,20260924,large_card,copper_mesh,12.0,13,1,6.1e-05,False
SIMULATED DATA - NOT PHYSICAL RFID MEASUREMENTS,20260924,large_card,copper_mesh,12.0,13,2,6.1e-05,False
SIMULATED DATA - NOT PHYSICAL RFID MEASUREMENTS,20260924,large_card,copper_mesh,12.0,13,3,6.1e-05,False
SIMULATED DATA - NOT PHYSICAL RFID MEASUREMENTS,20260924,large_card,copper_mesh,12.0,13,4,6.1e-05,False
SIMULATED DATA - NOT PHYSICAL RFID MEASUREMENTS,20260924,large_card,copper_mesh,12.0,13,5,6.1e-05,False
SIMULATED DATA - NOT PHYSICAL RFID MEASUREMENTS,20260924,large_card,copper_mesh,12.0,13,6,6.1e-05,False
SIMULATED DATA - NOT PHYSICAL RFID MEASUREMENTS,20260924,large_card,copper_mesh,12.0,13,7,6.1e-05,False
SIMULATED DATA - NOT PHYSICAL RFID MEASUREMENTS,20260924,large_card,copper_mesh,12.0,13,8,6.1e-05,False
SIMULATED DATA - NOT PHYSICAL RFID MEASUREMENTS,20260924,large_card,copper_mesh,12.0,13,9,6.1e-05,False
SIMULATED DATA - NOT PHYSICAL RFID MEASUREMENTS,20260924,large_card,copper_mesh,12.0,13,10,6.1e-05,False
SIMULATED DATA - NOT PHYSICAL RFID MEASUREMENTS,20260924,large_card,copper_mesh,12.0,14,1,1.2e-05,False
SIMULATED DATA - NOT PHYSICAL RFID MEASUREMENTS,20260924,large_card,copper_mesh,12.0,14,2,1.2e-05,False
SIMULATED DATA - NOT PHYSICAL RFID MEASUREMENTS,20260924,large_card,copper_mesh,12.0,14,3,1.2e-05,False
SIMULATED DATA - NOT PHYSICAL RFID MEASUREMENTS,20260924,large_card,copper_mesh,12.0,14,4,1.2e-05,False
SIMULATED DATA - NOT PHYSICAL RFID MEASUREMENTS,20260924,large_card,copper_mesh,12.0,14,5,1.2e-05,False
SIMULATED DATA - NOT PHYSICAL RFID MEASUREMENTS,20260924,large_card,copper_mesh,12.0,14,6,1.2e-05,False
SIMULATED DATA - NOT PHYSICAL RFID MEASUREMENTS,20260924,large_card,copper_mesh,12.0,14,7,1.2e-05,False
SIMULATED DATA - NOT PHYSICAL RFID MEASUREMENTS,20260924,large_card,copper_mesh,12.0,14,8,1.2e-05,False
SIMULATED DATA - NOT PHYSICAL RFID MEASUREMENTS,20260924,large_card,copper_mesh,12.0,14,9,1.2e-05,False
SIMULATED DATA - NOT PHYSICAL RFID MEASUREMENTS,20260924,large_card,copper_mesh,12.0,14,10,1.2e-05,False
SIMULATED DATA - NOT PHYSICAL RFID MEASUREMENTS,20260924,large_card,copper_mesh,12.0,15,1,2e-06,False
SIMULATED DATA - NOT PHYSICAL RFID MEASUREMENTS,20260924,large_card,copper_mesh,12.0,15,2,2e-06,False
SIMULATED DATA - NOT PHYSICAL RFID MEASUREMENTS,20260924,large_card,copper_mesh,12.0,15,3,2e-06,False
SIMULATED DATA - NOT PHYSICAL RFID MEASUREMENTS,20260924,large_card,copper_mesh,12.0,15,4,2e-06,False
SIMULATED DATA - NOT PHYSICAL RFID MEASUREMENTS,20260924,large_card,copper_mesh,12.0,15,5,2e-06,False
SIMULATED DATA - NOT PHYSICAL RFID MEASUREMENTS,20260924,large_card,copper_mesh,12.0,15,6,2e-06,False
SIMULATED DATA - NOT PHYSICAL RFID MEASUREMENTS,20260924,large_card,copper_mesh,12.0,15,7,2e-06,False
SIMULATED DATA - NOT PHYSICAL RFID MEASUREMENTS,20260924,large_card,copper_mesh,12.0,15,8,2e-06,False
SIMULATED DATA - NOT PHYSICAL RFID MEASUREMENTS,20260924,large_card,copper_mesh,12.0,15,9,2e-06,False
SIMULATED DATA - NOT PHYSICAL RFID MEASUREMENTS,20260924,large_card,copper_mesh,12.0,15,10,2e-06,False
SIMULATED DATA - NOT PHYSICAL RFID MEASUREMENTS,20260924,large_card,steel_sheet,18.0,1,1,0.999888,True
SIMULATED DATA - NOT PHYSICAL RFID MEASUREMENTS,20260924,large_card,steel_sheet,18.0,1,2,0.999888,True
SIMULATED DATA - NOT PHYSICAL RFID MEASUREMENTS,20260924,large_card,steel_sheet,18.0,1,3,0.999888,True
SIMULATED DATA - NOT PHYSICAL RFID MEASUREMENTS,20260924,large_card,steel_sheet,18.0,1,4,0.999888,True
SIMULATED DATA - NOT PHYSICAL RFID MEASUREMENTS,20260924,large_card,steel_sheet,18.0,1,5,0.999888,True
SIMULATED DATA - NOT PHYSICAL RFID MEASUREMENTS,20260924,large_card,steel_sheet,18.0,1,6,0.999888,True
SIMULATED DATA - NOT PHYSICAL RFID MEASUREMENTS,20260924,large_card,steel_sheet,18.0,1,7,0.999888,True
SIMULATED DATA - NOT PHYSICAL RFID MEASUREMENTS,20260924,large_card,steel_sheet,18.0,1,8,0.999888,True
SIMULATED DATA - NOT PHYSICAL RFID MEASUREMENTS,20260924,large_card,steel_sheet,18.0,1,9,0.999888,True
SIMULATED DATA - NOT PHYSICAL RFID MEASUREMENTS,20260924,large_card,steel_sheet,18.0,1,10,0.999888,True
SIMULATED DATA - NOT PHYSICAL RFID MEASUREMENTS,20260924,large_card,steel_sheet,18.0,2,1,0.999159,True
SIMULATED DATA - NOT PHYSICAL RFID MEASUREMENTS,20260924,large_card,steel_sheet,18.0,2,2,0.999159,True
SIMULATED DATA - NOT PHYSICAL RFID MEASUREMENTS,20260924,large_card,steel_sheet,18.0,2,3,0.999159,True
SIMULATED DATA - NOT PHYSICAL RFID MEASUREMENTS,20260924,large_card,steel_sheet,18.0,2,4,0.999159,True
SIMULATED DATA - NOT PHYSICAL RFID MEASUREMENTS,20260924,large_card,steel_sheet,18.0,2,5,0.999159,True
SIMULATED DATA - NOT PHYSICAL RFID MEASUREMENTS,20260924,large_card,steel_sheet,18.0,2,6,0.999159,True
SIMULATED DATA - NOT PHYSICAL RFID MEASUREMENTS,20260924,large_card,steel_sheet,18.0,2,7,0.999159,True
SIMULATED DATA - NOT PHYSICAL RFID MEASUREMENTS,20260924,large_card,steel_sheet,18.0,2,8,0.999159,True
SIMULATED DATA - NOT PHYSICAL RFID MEASUREMENTS,20260924,large_card,steel_sheet,18.0,2,9,0.999159,True
SIMULATED DATA - NOT PHYSICAL RFID MEASUREMENTS,20260924,large_card,steel_sheet,18.0,2,10,0.999159,True
SIMULATED DATA - NOT PHYSICAL RFID MEASUREMENTS,20260924,large_card,steel_sheet,18.0,3,1,0.993725,True
SIMULATED DATA - NOT PHYSICAL RFID MEASUREMENTS,20260924,large_card,steel_sheet,18.0,3,2,0.993725,True
SIMULATED DATA - NOT PHYSICAL RFID MEASUREMENTS,20260924,large_card,steel_sheet,18.0,3,3,0.993725,True
SIMULATED DATA - NOT PHYSICAL RFID MEASUREMENTS,20260924,large_card,steel_sheet,18.0,3,4,0.993725,True
SIMULATED DATA - NOT PHYSICAL RFID MEASUREMENTS,20260924,large_card,steel_sheet,18.0,3,5,0.993725,True
SIMULATED DATA - NOT PHYSICAL RFID MEASUREMENTS,20260924,large_card,steel_sheet,18.0,3,6,0.993725,True
SIMULATED DATA - NOT PHYSICAL RFID MEASUREMENTS,20260924,large_card,steel_sheet,18.0,3,7,0.993725,True
SIMULATED DATA - NOT PHYSICAL RFID MEASUREMENTS,20260924,large_card,steel_sheet,18.0,3,8,0.993725,True
SIMULATED DATA - NOT PHYSICAL RFID MEASUREMENTS,20260924,large_card,steel_sheet,18.0,3,9,0.993725,True
SIMULATED DATA - NOT PHYSICAL RFID MEASUREMENTS,20260924,large_card,steel_sheet,18.0,3,10,0.993725,True
SIMULATED DATA - NOT PHYSICAL RFID MEASUREMENTS,20260924,large_card,steel_sheet,18.0,4,1,0.954759,True
SIMULATED DATA - NOT PHYSICAL RFID MEASUREMENTS,20260924,large_card,steel_sheet,18.0,4,2,0.954759,False
SIMULATED DATA - NOT PHYSICAL RFID MEASUREMENTS,20260924,large_card,steel_sheet,18.0,4,3,0.954759,True
SIMULATED DATA - NOT PHYSICAL RFID MEASUREMENTS,20260924,large_card,steel_sheet,18.0,4,4,0.954759,True
SIMULATED DATA - NOT PHYSICAL RFID MEASUREMENTS,20260924,large_card,steel_sheet,18.0,4,5,0.954759,True
SIMULATED DATA - NOT PHYSICAL RFID MEASUREMENTS,20260924,large_card,steel_sheet,18.0,4,6,0.954759,True
SIMULATED DATA - NOT PHYSICAL RFID MEASUREMENTS,20260924,large_card,steel_sheet,18.0,4,7,0.954759,True
SIMULATED DATA - NOT PHYSICAL RFID MEASUREMENTS,20260924,large_card,steel_sheet,18.0,4,8,0.954759,True
SIMULATED DATA - NOT PHYSICAL RFID MEASUREMENTS,20260924,large_card,steel_sheet,18.0,4,9,0.954759,True
SIMULATED DATA - NOT PHYSICAL RFID MEASUREMENTS,20260924,large_card,steel_sheet,18.0,4,10,0.954759,True
SIMULATED DATA - NOT PHYSICAL RFID MEASUREMENTS,20260924,large_card,steel_sheet,18.0,5,1,0.737696,True
SIMULATED DATA - NOT PHYSICAL RFID MEASUREMENTS,20260924,large_card,steel_sheet,18.0,5,2,0.737696,True
SIMULATED DATA - NOT PHYSICAL RFID MEASUREMENTS,20260924,large_card,steel_sheet,18.0,5,3,0.737696,True
SIMULATED DATA - NOT PHYSICAL RFID MEASUREMENTS,20260924,large_card,steel_sheet,18.0,5,4,0.737696,True
SIMULATED DATA - NOT PHYSICAL RFID MEASUREMENTS,20260924,large_card,steel_sheet,18.0,5,5,0.737696,True
SIMULATED DATA - NOT PHYSICAL RFID MEASUREMENTS,20260924,large_card,steel_sheet,18.0,5,6,0.737696,False
SIMULATED DATA - NOT PHYSICAL RFID MEASUREMENTS,20260924,large_card,steel_sheet,18.0,5,7,0.737696,False
SIMULATED DATA - NOT PHYSICAL RFID MEASUREMENTS,20260924,large_card,steel_sheet,18.0,5,8,0.737696,True
SIMULATED DATA - NOT PHYSICAL RFID MEASUREMENTS,20260924,large_card,steel_sheet,18.0,5,9,0.737696,False
SIMULATED DATA - NOT PHYSICAL RFID MEASUREMENTS,20260924,large_card,steel_sheet,18.0,5,10,0.737696,True
SIMULATED DATA - NOT PHYSICAL RFID MEASUREMENTS,20260924,large_card,steel_sheet,18.0,6,1,0.272617,False
SIMULATED DATA - NOT PHYSICAL RFID MEASUREMENTS,20260924,large_card,steel_sheet,18.0,6,2,0.272617,True
SIMULATED DATA - NOT PHYSICAL RFID MEASUREMENTS,20260924,large_card,steel_sheet,18.0,6,3,0.272617,False
SIMULATED DATA - NOT PHYSICAL RFID MEASUREMENTS,20260924,large_card,steel_sheet,18.0,6,4,0.272617,False
SIMULATED DATA - NOT PHYSICAL RFID MEASUREMENTS,20260924,large_card,steel_sheet,18.0,6,5,0.272617,False
SIMULATED DATA - NOT PHYSICAL RFID MEASUREMENTS,20260924,large_card,steel_sheet,18.0,6,6,0.272617,True
SIMULATED DATA - NOT PHYSICAL RFID MEASUREMENTS,20260924,large_card,steel_sheet,18.0,6,7,0.272617,False
SIMULATED DATA - NOT PHYSICAL RFID MEASUREMENTS,20260924,large_card,steel_sheet,18.0,6,8,0.272617,True
SIMULATED DATA - NOT PHYSICAL RFID MEASUREMENTS,20260924,large_card,steel_sheet,18.0,6,9,0.272617,False
SIMULATED DATA - NOT PHYSICAL RFID MEASUREMENTS,20260924,large_card,steel_sheet,18.0,6,10,0.272617,False
SIMULATED DATA - NOT PHYSICAL RFID MEASUREMENTS,20260924,large_card,steel_sheet,18.0,7,1,0.04757,False
SIMULATED DATA - NOT PHYSICAL RFID MEASUREMENTS,20260924,large_card,steel_sheet,18.0,7,2,0.04757,False
SIMULATED DATA - NOT PHYSICAL RFID MEASUREMENTS,20260924,large_card,steel_sheet,18.0,7,3,0.04757,False
SIMULATED DATA - NOT PHYSICAL RFID MEASUREMENTS,20260924,large_card,steel_sheet,18.0,7,4,0.04757,False
SIMULATED DATA - NOT PHYSICAL RFID MEASUREMENTS,20260924,large_card,steel_sheet,18.0,7,5,0.04757,False
SIMULATED DATA - NOT PHYSICAL RFID MEASUREMENTS,20260924,large_card,steel_sheet,18.0,7,6,0.04757,False
SIMULATED DATA - NOT PHYSICAL RFID MEASUREMENTS,20260924,large_card,steel_sheet,18.0,7,7,0.04757,False
SIMULATED DATA - NOT PHYSICAL RFID MEASUREMENTS,20260924,large_card,steel_sheet,18.0,7,8,0.04757,False
SIMULATED DATA - NOT PHYSICAL RFID MEASUREMENTS,20260924,large_card,steel_sheet,18.0,7,9,0.04757,False
SIMULATED DATA - NOT PHYSICAL RFID MEASUREMENTS,20260924,large_card,steel_sheet,18.0,7,10,0.04757,False
SIMULATED DATA - NOT PHYSICAL RFID MEASUREMENTS,20260924,large_card,steel_sheet,18.0,8,1,0.006612,False
SIMULATED DATA - NOT PHYSICAL RFID MEASUREMENTS,20260924,large_card,steel_sheet,18.0,8,2,0.006612,False
SIMULATED DATA - NOT PHYSICAL RFID MEASUREMENTS,20260924,large_card,steel_sheet,18.0,8,3,0.006612,False
SIMULATED DATA - NOT PHYSICAL RFID MEASUREMENTS,20260924,large_card,steel_sheet,18.0,8,4,0.006612,False
SIMULATED DATA - NOT PHYSICAL RFID MEASUREMENTS,20260924,large_card,steel_sheet,18.0,8,5,0.006612,False
SIMULATED DATA - NOT PHYSICAL RFID MEASUREMENTS,20260924,large_card,steel_sheet,18.0,8,6,0.006612,False
SIMULATED DATA - NOT PHYSICAL RFID MEASUREMENTS,20260924,large_card,steel_sheet,18.0,8,7,0.006612,False
SIMULATED DATA - NOT PHYSICAL RFID MEASUREMENTS,20260924,large_card,steel_sheet,18.0,8,8,0.006612,False
SIMULATED DATA - NOT PHYSICAL RFID MEASUREMENTS,20260924,large_card,steel_sheet,18.0,8,9,0.006612,False
SIMULATED DATA - NOT PHYSICAL RFID MEASUREMENTS,20260924,large_card,steel_sheet,18.0,8,10,0.006612,False
SIMULATED DATA - NOT PHYSICAL RFID MEASUREMENTS,20260924,large_card,steel_sheet,18.0,9,1,0.000886,False
SIMULATED DATA - NOT PHYSICAL RFID MEASUREMENTS,20260924,large_card,steel_sheet,18.0,9,2,0.000886,False
SIMULATED DATA - NOT PHYSICAL RFID MEASUREMENTS,20260924,large_card,steel_sheet,18.0,9,3,0.000886,False
SIMULATED DATA - NOT PHYSICAL RFID MEASUREMENTS,20260924,large_card,steel_sheet,18.0,9,4,0.000886,False
SIMULATED DATA - NOT PHYSICAL RFID MEASUREMENTS,20260924,large_card,steel_sheet,18.0,9,5,0.000886,False
SIMULATED DATA - NOT PHYSICAL RFID MEASUREMENTS,20260924,large_card,steel_sheet,18.0,9,6,0.000886,False
SIMULATED DATA - NOT PHYSICAL RFID MEASUREMENTS,20260924,large_card,steel_sheet,18.0,9,7,0.000886,False
SIMULATED DATA - NOT PHYSICAL RFID MEASUREMENTS,20260924,large_card,steel_sheet,18.0,9,8,0.000886,False
SIMULATED DATA - NOT PHYSICAL RFID MEASUREMENTS,20260924,large_card,steel_sheet,18.0,9,9,0.000886,False
SIMULATED DATA - NOT PHYSICAL RFID MEASUREMENTS,20260924,large_card,steel_sheet,18.0,9,10,0.000886,False
SIMULATED DATA - NOT PHYSICAL RFID MEASUREMENTS,20260924,large_card,steel_sheet,18.0,10,1,0.000118,False
SIMULATED DATA - NOT PHYSICAL RFID MEASUREMENTS,20260924,large_card,steel_sheet,18.0,10,2,0.000118,False
SIMULATED DATA - NOT PHYSICAL RFID MEASUREMENTS,20260924,large_card,steel_sheet,18.0,10,3,0.000118,False
SIMULATED DATA - NOT PHYSICAL RFID MEASUREMENTS,20260924,large_card,steel_sheet,18.0,10,4,0.000118,False
SIMULATED DATA - NOT PHYSICAL RFID MEASUREMENTS,20260924,large_card,steel_sheet,18.0,10,5,0.000118,False
SIMULATED DATA - NOT PHYSICAL RFID MEASUREMENTS,20260924,large_card,steel_sheet,18.0,10,6,0.000118,False
SIMULATED DATA - NOT PHYSICAL RFID MEASUREMENTS,20260924,large_card,steel_sheet,18.0,10,7,0.000118,False
SIMULATED DATA - NOT PHYSICAL RFID MEASUREMENTS,20260924,large_card,steel_sheet,18.0,10,8,0.000118,False
SIMULATED DATA - NOT PHYSICAL RFID MEASUREMENTS,20260924,large_card,steel_sheet,18.0,10,9,0.000118,False
SIMULATED DATA - NOT PHYSICAL RFID MEASUREMENTS,20260924,large_card,steel_sheet,18.0,10,10,0.000118,False
SIMULATED DATA - NOT PHYSICAL RFID MEASUREMENTS,20260924,large_card,steel_sheet,18.0,11,1,1.6e-05,False
SIMULATED DATA - NOT PHYSICAL RFID MEASUREMENTS,20260924,large_card,steel_sheet,18.0,11,2,1.6e-05,False
SIMULATED DATA - NOT PHYSICAL RFID MEASUREMENTS,20260924,large_card,steel_sheet,18.0,11,3,1.6e-05,False
SIMULATED DATA - NOT PHYSICAL RFID MEASUREMENTS,20260924,large_card,steel_sheet,18.0,11,4,1.6e-05,False
SIMULATED DATA - NOT PHYSICAL RFID MEASUREMENTS,20260924,large_card,steel_sheet,18.0,11,5,1.6e-05,False
SIMULATED DATA - NOT PHYSICAL RFID MEASUREMENTS,20260924,large_card,steel_sheet,18.0,11,6,1.6e-05,False
SIMULATED DATA - NOT PHYSICAL RFID MEASUREMENTS,20260924,large_card,steel_sheet,18.0,11,7,1.6e-05,False
SIMULATED DATA - NOT PHYSICAL RFID MEASUREMENTS,20260924,large_card,steel_sheet,18.0,11,8,1.6e-05,False
SIMULATED DATA - NOT PHYSICAL RFID MEASUREMENTS,20260924,large_card,steel_sheet,18.0,11,9,1.6e-05,False
SIMULATED DATA - NOT PHYSICAL RFID MEASUREMENTS,20260924,large_card,steel_sheet,18.0,11,10,1.6e-05,False
SIMULATED DATA - NOT PHYSICAL RFID MEASUREMENTS,20260924,large_card,steel_sheet,18.0,12,1,2e-06,False
SIMULATED DATA - NOT PHYSICAL RFID MEASUREMENTS,20260924,large_card,steel_sheet,18.0,12,2,2e-06,False
SIMULATED DATA - NOT PHYSICAL RFID MEASUREMENTS,20260924,large_card,steel_sheet,18.0,12,3,2e-06,False
SIMULATED DATA - NOT PHYSICAL RFID MEASUREMENTS,20260924,large_card,steel_sheet,18.0,12,4,2e-06,False
SIMULATED DATA - NOT PHYSICAL RFID MEASUREMENTS,20260924,large_card,steel_sheet,18.0,12,5,2e-06,False
SIMULATED DATA - NOT PHYSICAL RFID MEASUREMENTS,20260924,large_card,steel_sheet,18.0,12,6,2e-06,False
SIMULATED DATA - NOT PHYSICAL RFID MEASUREMENTS,20260924,large_card,steel_sheet,18.0,12,7,2e-06,False
SIMULATED DATA - NOT PHYSICAL RFID MEASUREMENTS,20260924,large_card,steel_sheet,18.0,12,8,2e-06,False
SIMULATED DATA - NOT PHYSICAL RFID MEASUREMENTS,20260924,large_card,steel_sheet,18.0,12,9,2e-06,False
SIMULATED DATA - NOT PHYSICAL RFID MEASUREMENTS,20260924,large_card,steel_sheet,18.0,12,10,2e-06,False
SIMULATED DATA - NOT PHYSICAL RFID MEASUREMENTS,20260924,large_card,steel_sheet,18.0,13,1,0.0,False
SIMULATED DATA - NOT PHYSICAL RFID MEASUREMENTS,20260924,large_card,steel_sheet,18.0,13,2,0.0,False
SIMULATED DATA - NOT PHYSICAL RFID MEASUREMENTS,20260924,large_card,steel_sheet,18.0,13,3,0.0,False
SIMULATED DATA - NOT PHYSICAL RFID MEASUREMENTS,20260924,large_card,steel_sheet,18.0,13,4,0.0,False
SIMULATED DATA - NOT PHYSICAL RFID MEASUREMENTS,20260924,large_card,steel_sheet,18.0,13,5,0.0,False
SIMULATED DATA - NOT PHYSICAL RFID MEASUREMENTS,20260924,large_card,steel_sheet,18.0,13,6,0.0,False
SIMULATED DATA - NOT PHYSICAL RFID MEASUREMENTS,20260924,large_card,steel_sheet,18.0,13,7,0.0,False
SIMULATED DATA - NOT PHYSICAL RFID MEASUREMENTS,20260924,large_card,steel_sheet,18.0,13,8,0.0,False
SIMULATED DATA - NOT PHYSICAL RFID MEASUREMENTS,20260924,large_card,steel_sheet,18.0,13,9,0.0,False
SIMULATED DATA - NOT PHYSICAL RFID MEASUREMENTS,20260924,large_card,steel_sheet,18.0,13,10,0.0,False
SIMULATED DATA - NOT PHYSICAL RFID MEASUREMENTS,20260924,large_card,steel_sheet,18.0,14,1,0.0,False
SIMULATED DATA - NOT PHYSICAL RFID MEASUREMENTS,20260924,large_card,steel_sheet,18.0,14,2,0.0,False
SIMULATED DATA - NOT PHYSICAL RFID MEASUREMENTS,20260924,large_card,steel_sheet,18.0,14,3,0.0,False
SIMULATED DATA - NOT PHYSICAL RFID MEASUREMENTS,20260924,large_card,steel_sheet,18.0,14,4,0.0,False
SIMULATED DATA - NOT PHYSICAL RFID MEASUREMENTS,20260924,large_card,steel_sheet,18.0,14,5,0.0,False
SIMULATED DATA - NOT PHYSICAL RFID MEASUREMENTS,20260924,large_card,steel_sheet,18.0,14,6,0.0,False
SIMULATED DATA - NOT PHYSICAL RFID MEASUREMENTS,20260924,large_card,steel_sheet,18.0,14,7,0.0,False
SIMULATED DATA - NOT PHYSICAL RFID MEASUREMENTS,20260924,large_card,steel_sheet,18.0,14,8,0.0,False
SIMULATED DATA - NOT PHYSICAL RFID MEASUREMENTS,20260924,large_card,steel_sheet,18.0,14,9,0.0,False
SIMULATED DATA - NOT PHYSICAL RFID MEASUREMENTS,20260924,large_card,steel_sheet,18.0,14,10,0.0,False
SIMULATED DATA - NOT PHYSICAL RFID MEASUREMENTS,20260924,large_card,steel_sheet,18.0,15,1,0.0,False
SIMULATED DATA - NOT PHYSICAL RFID MEASUREMENTS,20260924,large_card,steel_sheet,18.0,15,2,0.0,False
SIMULATED DATA - NOT PHYSICAL RFID MEASUREMENTS,20260924,large_card,steel_sheet,18.0,15,3,0.0,False
SIMULATED DATA - NOT PHYSICAL RFID MEASUREMENTS,20260924,large_card,steel_sheet,18.0,15,4,0.0,False
SIMULATED DATA - NOT PHYSICAL RFID MEASUREMENTS,20260924,large_card,steel_sheet,18.0,15,5,0.0,False
SIMULATED DATA - NOT PHYSICAL RFID MEASUREMENTS,20260924,large_card,steel_sheet,18.0,15,6,0.0,False
SIMULATED DATA - NOT PHYSICAL RFID MEASUREMENTS,20260924,large_card,steel_sheet,18.0,15,7,0.0,False
SIMULATED DATA - NOT PHYSICAL RFID MEASUREMENTS,20260924,large_card,steel_sheet,18.0,15,8,0.0,False
SIMULATED DATA - NOT PHYSICAL RFID MEASUREMENTS,20260924,large_card,steel_sheet,18.0,15,9,0.0,False
SIMULATED DATA - NOT PHYSICAL RFID MEASUREMENTS,20260924,large_card,steel_sheet,18.0,15,10,0.0,False
SIMULATED DATA - NOT PHYSICAL RFID MEASUREMENTS,20260924,large_card,aluminum_foil,24.0,1,1,0.999811,True
SIMULATED DATA - NOT PHYSICAL RFID MEASUREMENTS,20260924,large_card,aluminum_foil,24.0,1,2,0.999811,True
SIMULATED DATA - NOT PHYSICAL RFID MEASUREMENTS,20260924,large_card,aluminum_foil,24.0,1,3,0.999811,True
SIMULATED DATA - NOT PHYSICAL RFID MEASUREMENTS,20260924,large_card,aluminum_foil,24.0,1,4,0.999811,True
SIMULATED DATA - NOT PHYSICAL RFID MEASUREMENTS,20260924,large_card,aluminum_foil,24.0,1,5,0.999811,True
SIMULATED DATA - NOT PHYSICAL RFID MEASUREMENTS,20260924,large_card,aluminum_foil,24.0,1,6,0.999811,True
SIMULATED DATA - NOT PHYSICAL RFID MEASUREMENTS,20260924,large_card,aluminum_foil,24.0,1,7,0.999811,True
SIMULATED DATA - NOT PHYSICAL RFID MEASUREMENTS,20260924,large_card,aluminum_foil,24.0,1,8,0.999811,True
SIMULATED DATA - NOT PHYSICAL RFID MEASUREMENTS,20260924,large_card,aluminum_foil,24.0,1,9,0.999811,True
SIMULATED DATA - NOT PHYSICAL RFID MEASUREMENTS,20260924,large_card,aluminum_foil,24.0,1,10,0.999811,True
SIMULATED DATA - NOT PHYSICAL RFID MEASUREMENTS,20260924,large_card,aluminum_foil,24.0,2,1,0.997616,True
SIMULATED DATA - NOT PHYSICAL RFID MEASUREMENTS,20260924,large_card,aluminum_foil,24.0,2,2,0.997616,True
SIMULATED DATA - NOT PHYSICAL RFID MEASUREMENTS,20260924,large_card,aluminum_foil,24.0,2,3,0.997616,True
SIMULATED DATA - NOT PHYSICAL RFID MEASUREMENTS,20260924,large_card,aluminum_foil,24.0,2,4,0.997616,True
SIMULATED DATA - NOT PHYSICAL RFID MEASUREMENTS,20260924,large_card,aluminum_foil,24.0,2,5,0.997616,True
SIMULATED DATA - NOT PHYSICAL RFID MEASUREMENTS,20260924,large_card,aluminum_foil,24.0,2,6,0.997616,True
SIMULATED DATA - NOT PHYSICAL RFID MEASUREMENTS,20260924,large_card,aluminum_foil,24.0,2,7,0.997616,False
SIMULATED DATA - NOT PHYSICAL RFID MEASUREMENTS,20260924,large_card,aluminum_foil,24.0,2,8,0.997616,True
SIMULATED DATA - NOT PHYSICAL RFID MEASUREMENTS,20260924,large_card,aluminum_foil,24.0,2,9,0.997616,True
SIMULATED DATA - NOT PHYSICAL RFID MEASUREMENTS,20260924,large_card,aluminum_foil,24.0,2,10,0.997616,True
SIMULATED DATA - NOT PHYSICAL RFID MEASUREMENTS,20260924,large_card,aluminum_foil,24.0,3,1,0.970669,True
SIMULATED DATA - NOT PHYSICAL RFID MEASUREMENTS,20260924,large_card,aluminum_foil,24.0,3,2,0.970669,True
SIMULATED DATA - NOT PHYSICAL RFID MEASUREMENTS,20260924,large_card,aluminum_foil,24.0,3,3,0.970669,True
SIMULATED DATA - NOT PHYSICAL RFID MEASUREMENTS,20260924,large_card,aluminum_foil,24.0,3,4,0.970669,True
SIMULATED DATA - NOT PHYSICAL RFID MEASUREMENTS,20260924,large_card,aluminum_foil,24.0,3,5,0.970669,True
SIMULATED DATA - NOT PHYSICAL RFID MEASUREMENTS,20260924,large_card,aluminum_foil,24.0,3,6,0.970669,True
SIMULATED DATA - NOT PHYSICAL RFID MEASUREMENTS,20260924,large_card,aluminum_foil,24.0,3,7,0.970669,True
SIMULATED DATA - NOT PHYSICAL RFID MEASUREMENTS,20260924,large_card,aluminum_foil,24.0,3,8,0.970669,True
SIMULATED DATA - NOT PHYSICAL RFID MEASUREMENTS,20260924,large_card,aluminum_foil,24.0,3,9,0.970669,True
SIMULATED DATA - NOT PHYSICAL RFID MEASUREMENTS,20260924,large_card,aluminum_foil,24.0,3,10,0.970669,True
SIMULATED DATA - NOT PHYSICAL RFID MEASUREMENTS,20260924,large_card,aluminum_foil,24.0,4,1,0.723537,False
SIMULATED DATA - NOT PHYSICAL RFID MEASUREMENTS,20260924,large_card,aluminum_foil,24.0,4,2,0.723537,False
SIMULATED DATA - NOT PHYSICAL RFID MEASUREMENTS,20260924,large_card,aluminum_foil,24.0,4,3,0.723537,True
SIMULATED DATA - NOT PHYSICAL RFID MEASUREMENTS,20260924,large_card,aluminum_foil,24.0,4,4,0.723537,True
SIMULATED DATA - NOT PHYSICAL RFID MEASUREMENTS,20260924,large_card,aluminum_foil,24.0,4,5,0.723537,True
SIMULATED DATA - NOT PHYSICAL RFID MEASUREMENTS,20260924,large_card,aluminum_foil,24.0,4,6,0.723537,False
SIMULATED DATA - NOT PHYSICAL RFID MEASUREMENTS,20260924,large_card,aluminum_foil,24.0,4,7,0.723537,True
SIMULATED DATA - NOT PHYSICAL RFID MEASUREMENTS,20260924,large_card,aluminum_foil,24.0,4,8,0.723537,True
SIMULATED DATA - NOT PHYSICAL RFID MEASUREMENTS,20260924,large_card,aluminum_foil,24.0,4,9,0.723537,True
SIMULATED DATA - NOT PHYSICAL RFID MEASUREMENTS,20260924,large_card,aluminum_foil,24.0,4,10,0.723537,True
SIMULATED DATA - NOT PHYSICAL RFID MEASUREMENTS,20260924,large_card,aluminum_foil,24.0,5,1,0.171479,True
SIMULATED DATA - NOT PHYSICAL RFID MEASUREMENTS,20260924,large_card,aluminum_foil,24.0,5,2,0.171479,False
SIMULATED DATA - NOT PHYSICAL RFID MEASUREMENTS,20260924,large_card,aluminum_foil,24.0,5,3,0.171479,False
SIMULATED DATA - NOT PHYSICAL RFID MEASUREMENTS,20260924,large_card,aluminum_foil,24.0,5,4,0.171479,False
SIMULATED DATA - NOT PHYSICAL RFID MEASUREMENTS,20260924,large_card,aluminum_foil,24.0,5,5,0.171479,True
SIMULATED DATA - NOT PHYSICAL RFID MEASUREMENTS,20260924,large_card,aluminum_foil,24.0,5,6,0.171479,False
SIMULATED DATA - NOT PHYSICAL RFID MEASUREMENTS,20260924,large_card,aluminum_foil,24.0,5,7,0.171479,False
SIMULATED DATA - NOT PHYSICAL RFID MEASUREMENTS,20260924,large_card,aluminum_foil,24.0,5,8,0.171479,False
SIMULATED DATA - NOT PHYSICAL RFID MEASUREMENTS,20260924,large_card,aluminum_foil,24.0,5,9,0.171479,False
SIMULATED DATA - NOT PHYSICAL RFID MEASUREMENTS,20260924,large_card,aluminum_foil,24.0,5,10,0.171479,False
SIMULATED DATA - NOT PHYSICAL RFID MEASUREMENTS,20260924,large_card,aluminum_foil,24.0,6,1,0.016104,False
SIMULATED DATA - NOT PHYSICAL RFID MEASUREMENTS,20260924,large_card,aluminum_foil,24.0,6,2,0.016104,False
SIMULATED DATA - NOT PHYSICAL RFID MEASUREMENTS,20260924,large_card,aluminum_foil,24.0,6,3,0.016104,False
SIMULATED DATA - NOT PHYSICAL RFID MEASUREMENTS,20260924,large_card,aluminum_foil,24.0,6,4,0.016104,False
SIMULATED DATA - NOT PHYSICAL RFID MEASUREMENTS,20260924,large_card,aluminum_foil,24.0,6,5,0.016104,False
SIMULATED DATA - NOT PHYSICAL RFID MEASUREMENTS,20260924,large_card,aluminum_foil,24.0,6,6,0.016104,False
SIMULATED DATA - NOT PHYSICAL RFID MEASUREMENTS,20260924,large_card,aluminum_foil,24.0,6,7,0.016104,False
SIMULATED DATA - NOT PHYSICAL RFID MEASUREMENTS,20260924,large_card,aluminum_foil,24.0,6,8,0.016104,False
SIMULATED DATA - NOT PHYSICAL RFID MEASUREMENTS,20260924,large_card,aluminum_foil,24.0,6,9,0.016104,False
SIMULATED DATA - NOT PHYSICAL RFID MEASUREMENTS,20260924,large_card,aluminum_foil,24.0,6,10,0.016104,False
SIMULATED DATA - NOT PHYSICAL RFID MEASUREMENTS,20260924,large_card,aluminum_foil,24.0,7,1,0.001293,False
SIMULATED DATA - NOT PHYSICAL RFID MEASUREMENTS,20260924,large_card,aluminum_foil,24.0,7,2,0.001293,False
SIMULATED DATA - NOT PHYSICAL RFID MEASUREMENTS,20260924,large_card,aluminum_foil,24.0,7,3,0.001293,False
SIMULATED DATA - NOT PHYSICAL RFID MEASUREMENTS,20260924,large_card,aluminum_foil,24.0,7,4,0.001293,False
SIMULATED DATA - NOT PHYSICAL RFID MEASUREMENTS,20260924,large_card,aluminum_foil,24.0,7,5,0.001293,False
SIMULATED DATA - NOT PHYSICAL RFID MEASUREMENTS,20260924,large_card,aluminum_foil,24.0,7,6,0.001293,False
SIMULATED DATA - NOT PHYSICAL RFID MEASUREMENTS,20260924,large_card,aluminum_foil,24.0,7,7,0.001293,False
SIMULATED DATA - NOT PHYSICAL RFID MEASUREMENTS,20260924,large_card,aluminum_foil,24.0,7,8,0.001293,False
SIMULATED DATA - NOT PHYSICAL RFID MEASUREMENTS,20260924,large_card,aluminum_foil,24.0,7,9,0.001293,False
SIMULATED DATA - NOT PHYSICAL RFID MEASUREMENTS,20260924,large_card,aluminum_foil,24.0,7,10,0.001293,False
SIMULATED DATA - NOT PHYSICAL RFID MEASUREMENTS,20260924,large_card,aluminum_foil,24.0,8,1,0.000102,False
SIMULATED DATA - NOT PHYSICAL RFID MEASUREMENTS,20260924,large_card,aluminum_foil,24.0,8,2,0.000102,False
SIMULATED DATA - NOT PHYSICAL RFID MEASUREMENTS,20260924,large_card,aluminum_foil,24.0,8,3,0.000102,False
SIMULATED DATA - NOT PHYSICAL RFID MEASUREMENTS,20260924,large_card,aluminum_foil,24.0,8,4,0.000102,False
SIMULATED DATA - NOT PHYSICAL RFID MEASUREMENTS,20260924,large_card,aluminum_foil,24.0,8,5,0.000102,False
SIMULATED DATA - NOT PHYSICAL RFID MEASUREMENTS,20260924,large_card,aluminum_foil,24.0,8,6,0.000102,False
SIMULATED DATA - NOT PHYSICAL RFID MEASUREMENTS,20260924,large_card,aluminum_foil,24.0,8,7,0.000102,False
SIMULATED DATA - NOT PHYSICAL RFID MEASUREMENTS,20260924,large_card,aluminum_foil,24.0,8,8,0.000102,False
SIMULATED DATA - NOT PHYSICAL RFID MEASUREMENTS,20260924,large_card,aluminum_foil,24.0,8,9,0.000102,False
SIMULATED DATA - NOT PHYSICAL RFID MEASUREMENTS,20260924,large_card,aluminum_foil,24.0,8,10,0.000102,False
SIMULATED DATA - NOT PHYSICAL RFID MEASUREMENTS,20260924,large_card,aluminum_foil,24.0,9,1,8e-06,False
SIMULATED DATA - NOT PHYSICAL RFID MEASUREMENTS,20260924,large_card,aluminum_foil,24.0,9,2,8e-06,False
SIMULATED DATA - NOT PHYSICAL RFID MEASUREMENTS,20260924,large_card,aluminum_foil,24.0,9,3,8e-06,False
SIMULATED DATA - NOT PHYSICAL RFID MEASUREMENTS,20260924,large_card,aluminum_foil,24.0,9,4,8e-06,False
SIMULATED DATA - NOT PHYSICAL RFID MEASUREMENTS,20260924,large_card,aluminum_foil,24.0,9,5,8e-06,False
SIMULATED DATA - NOT PHYSICAL RFID MEASUREMENTS,20260924,large_card,aluminum_foil,24.0,9,6,8e-06,False
SIMULATED DATA - NOT PHYSICAL RFID MEASUREMENTS,20260924,large_card,aluminum_foil,24.0,9,7,8e-06,False
SIMULATED DATA - NOT PHYSICAL RFID MEASUREMENTS,20260924,large_card,aluminum_foil,24.0,9,8,8e-06,False
SIMULATED DATA - NOT PHYSICAL RFID MEASUREMENTS,20260924,large_card,aluminum_foil,24.0,9,9,8e-06,False
SIMULATED DATA - NOT PHYSICAL RFID MEASUREMENTS,20260924,large_card,aluminum_foil,24.0,9,10,8e-06,False
SIMULATED DATA - NOT PHYSICAL RFID MEASUREMENTS,20260924,large_card,aluminum_foil,24.0,10,1,1e-06,False
SIMULATED DATA - NOT PHYSICAL RFID MEASUREMENTS,20260924,large_card,aluminum_foil,24.0,10,2,1e-06,False
SIMULATED DATA - NOT PHYSICAL RFID MEASUREMENTS,20260924,large_card,aluminum_foil,24.0,10,3,1e-06,False
SIMULATED DATA - NOT PHYSICAL RFID MEASUREMENTS,20260924,large_card,aluminum_foil,24.0,10,4,1e-06,False
SIMULATED DATA - NOT PHYSICAL RFID MEASUREMENTS,20260924,large_card,aluminum_foil,24.0,10,5,1e-06,False
SIMULATED DATA - NOT PHYSICAL RFID MEASUREMENTS,20260924,large_card,aluminum_foil,24.0,10,6,1e-06,False
SIMULATED DATA - NOT PHYSICAL RFID MEASUREMENTS,20260924,large_card,aluminum_foil,24.0,10,7,1e-06,False
SIMULATED DATA - NOT PHYSICAL RFID MEASUREMENTS,20260924,large_card,aluminum_foil,24.0,10,8,1e-06,False
SIMULATED DATA - NOT PHYSICAL RFID MEASUREMENTS,20260924,large_card,aluminum_foil,24.0,10,9,1e-06,False
SIMULATED DATA - NOT PHYSICAL RFID MEASUREMENTS,20260924,large_card,aluminum_foil,24.0,10,10,1e-06,False
SIMULATED DATA - NOT PHYSICAL RFID MEASUREMENTS,20260924,large_card,aluminum_foil,24.0,11,1,0.0,False
SIMULATED DATA - NOT PHYSICAL RFID MEASUREMENTS,20260924,large_card,aluminum_foil,24.0,11,2,0.0,False
SIMULATED DATA - NOT PHYSICAL RFID MEASUREMENTS,20260924,large_card,aluminum_foil,24.0,11,3,0.0,False
SIMULATED DATA - NOT PHYSICAL RFID MEASUREMENTS,20260924,large_card,aluminum_foil,24.0,11,4,0.0,False
SIMULATED DATA - NOT PHYSICAL RFID MEASUREMENTS,20260924,large_card,aluminum_foil,24.0,11,5,0.0,False
SIMULATED DATA - NOT PHYSICAL RFID MEASUREMENTS,20260924,large_card,aluminum_foil,24.0,11,6,0.0,False
SIMULATED DATA - NOT PHYSICAL RFID MEASUREMENTS,20260924,large_card,aluminum_foil,24.0,11,7,0.0,False
SIMULATED DATA - NOT PHYSICAL RFID MEASUREMENTS,20260924,large_card,aluminum_foil,24.0,11,8,0.0,False
SIMULATED DATA - NOT PHYSICAL RFID MEASUREMENTS,20260924,large_card,aluminum_foil,24.0,11,9,0.0,False
SIMULATED DATA - NOT PHYSICAL RFID MEASUREMENTS,20260924,large_card,aluminum_foil,24.0,11,10,0.0,False
SIMULATED DATA - NOT PHYSICAL RFID MEASUREMENTS,20260924,large_card,aluminum_foil,24.0,12,1,0.0,False
SIMULATED DATA - NOT PHYSICAL RFID MEASUREMENTS,20260924,large_card,aluminum_foil,24.0,12,2,0.0,False
SIMULATED DATA - NOT PHYSICAL RFID MEASUREMENTS,20260924,large_card,aluminum_foil,24.0,12,3,0.0,False
SIMULATED DATA - NOT PHYSICAL RFID MEASUREMENTS,20260924,large_card,aluminum_foil,24.0,12,4,0.0,False
SIMULATED DATA - NOT PHYSICAL RFID MEASUREMENTS,20260924,large_card,aluminum_foil,24.0,12,5,0.0,False
SIMULATED DATA - NOT PHYSICAL RFID MEASUREMENTS,20260924,large_card,aluminum_foil,24.0,12,6,0.0,False
SIMULATED DATA - NOT PHYSICAL RFID MEASUREMENTS,20260924,large_card,aluminum_foil,24.0,12,7,0.0,False
SIMULATED DATA - NOT PHYSICAL RFID MEASUREMENTS,20260924,large_card,aluminum_foil,24.0,12,8,0.0,False
SIMULATED DATA - NOT PHYSICAL RFID MEASUREMENTS,20260924,large_card,aluminum_foil,24.0,12,9,0.0,False
SIMULATED DATA - NOT PHYSICAL RFID MEASUREMENTS,20260924,large_card,aluminum_foil,24.0,12,10,0.0,False
SIMULATED DATA - NOT PHYSICAL RFID MEASUREMENTS,20260924,large_card,aluminum_foil,24.0,13,1,0.0,False
SIMULATED DATA - NOT PHYSICAL RFID MEASUREMENTS,20260924,large_card,aluminum_foil,24.0,13,2,0.0,False
SIMULATED DATA - NOT PHYSICAL RFID MEASUREMENTS,20260924,large_card,aluminum_foil,24.0,13,3,0.0,False
SIMULATED DATA - NOT PHYSICAL RFID MEASUREMENTS,20260924,large_card,aluminum_foil,24.0,13,4,0.0,False
SIMULATED DATA - NOT PHYSICAL RFID MEASUREMENTS,20260924,large_card,aluminum_foil,24.0,13,5,0.0,False
SIMULATED DATA - NOT PHYSICAL RFID MEASUREMENTS,20260924,large_card,aluminum_foil,24.0,13,6,0.0,False
SIMULATED DATA - NOT PHYSICAL RFID MEASUREMENTS,20260924,large_card,aluminum_foil,24.0,13,7,0.0,False
SIMULATED DATA - NOT PHYSICAL RFID MEASUREMENTS,20260924,large_card,aluminum_foil,24.0,13,8,0.0,False
SIMULATED DATA - NOT PHYSICAL RFID MEASUREMENTS,20260924,large_card,aluminum_foil,24.0,13,9,0.0,False
SIMULATED DATA - NOT PHYSICAL RFID MEASUREMENTS,20260924,large_card,aluminum_foil,24.0,13,10,0.0,False
SIMULATED DATA - NOT PHYSICAL RFID MEASUREMENTS,20260924,large_card,aluminum_foil,24.0,14,1,0.0,False
SIMULATED DATA - NOT PHYSICAL RFID MEASUREMENTS,20260924,large_card,aluminum_foil,24.0,14,2,0.0,False
SIMULATED DATA - NOT PHYSICAL RFID MEASUREMENTS,20260924,large_card,aluminum_foil,24.0,14,3,0.0,False
SIMULATED DATA - NOT PHYSICAL RFID MEASUREMENTS,20260924,large_card,aluminum_foil,24.0,14,4,0.0,False
SIMULATED DATA - NOT PHYSICAL RFID MEASUREMENTS,20260924,large_card,aluminum_foil,24.0,14,5,0.0,False
SIMULATED DATA - NOT PHYSICAL RFID MEASUREMENTS,20260924,large_card,aluminum_foil,24.0,14,6,0.0,False
SIMULATED DATA - NOT PHYSICAL RFID MEASUREMENTS,20260924,large_card,aluminum_foil,24.0,14,7,0.0,False
SIMULATED DATA - NOT PHYSICAL RFID MEASUREMENTS,20260924,large_card,aluminum_foil,24.0,14,8,0.0,False
SIMULATED DATA - NOT PHYSICAL RFID MEASUREMENTS,20260924,large_card,aluminum_foil,24.0,14,9,0.0,False
SIMULATED DATA - NOT PHYSICAL RFID MEASUREMENTS,20260924,large_card,aluminum_foil,24.0,14,10,0.0,False
SIMULATED DATA - NOT PHYSICAL RFID MEASUREMENTS,20260924,large_card,aluminum_foil,24.0,15,1,0.0,False
SIMULATED DATA - NOT PHYSICAL RFID MEASUREMENTS,20260924,large_card,aluminum_foil,24.0,15,2,0.0,False
SIMULATED DATA - NOT PHYSICAL RFID MEASUREMENTS,20260924,large_card,aluminum_foil,24.0,15,3,0.0,False
SIMULATED DATA - NOT PHYSICAL RFID MEASUREMENTS,20260924,large_card,aluminum_foil,24.0,15,4,0.0,False
SIMULATED DATA - NOT PHYSICAL RFID MEASUREMENTS,20260924,large_card,aluminum_foil,24.0,15,5,0.0,False
SIMULATED DATA - NOT PHYSICAL RFID MEASUREMENTS,20260924,large_card,aluminum_foil,24.0,15,6,0.0,False
SIMULATED DATA - NOT PHYSICAL RFID MEASUREMENTS,20260924,large_card,aluminum_foil,24.0,15,7,0.0,False
SIMULATED DATA - NOT PHYSICAL RFID MEASUREMENTS,20260924,large_card,aluminum_foil,24.0,15,8,0.0,False
SIMULATED DATA - NOT PHYSICAL RFID MEASUREMENTS,20260924,large_card,aluminum_foil,24.0,15,9,0.0,False
SIMULATED DATA - NOT PHYSICAL RFID MEASUREMENTS,20260924,large_card,aluminum_foil,24.0,15,10,0.0,False
SIMULATED DATA - NOT PHYSICAL RFID MEASUREMENTS,20260924,large_card,copper_foil,28.0,1,1,0.999712,True
SIMULATED DATA - NOT PHYSICAL RFID MEASUREMENTS,20260924,large_card,copper_foil,28.0,1,2,0.999712,True
SIMULATED DATA - NOT PHYSICAL RFID MEASUREMENTS,20260924,large_card,copper_foil,28.0,1,3,0.999712,True
SIMULATED DATA - NOT PHYSICAL RFID MEASUREMENTS,20260924,large_card,copper_foil,28.0,1,4,0.999712,True
SIMULATED DATA - NOT PHYSICAL RFID MEASUREMENTS,20260924,large_card,copper_foil,28.0,1,5,0.999712,True
SIMULATED DATA - NOT PHYSICAL RFID MEASUREMENTS,20260924,large_card,copper_foil,28.0,1,6,0.999712,True
SIMULATED DATA - NOT PHYSICAL RFID MEASUREMENTS,20260924,large_card,copper_foil,28.0,1,7,0.999712,True
SIMULATED DATA - NOT PHYSICAL RFID MEASUREMENTS,20260924,large_card,copper_foil,28.0,1,8,0.999712,True
SIMULATED DATA - NOT PHYSICAL RFID MEASUREMENTS,20260924,large_card,copper_foil,28.0,1,9,0.999712,True
SIMULATED DATA - NOT PHYSICAL RFID MEASUREMENTS,20260924,large_card,copper_foil,28.0,1,10,0.999712,True
SIMULATED DATA - NOT PHYSICAL RFID MEASUREMENTS,20260924,large_card,copper_foil,28.0,2,1,0.994484,True
SIMULATED DATA - NOT PHYSICAL RFID MEASUREMENTS,20260924,large_card,copper_foil,28.0,2,2,0.994484,True
SIMULATED DATA - NOT PHYSICAL RFID MEASUREMENTS,20260924,large_card,copper_foil,28.0,2,3,0.994484,True
SIMULATED DATA - NOT PHYSICAL RFID MEASUREMENTS,20260924,large_card,copper_foil,28.0,2,4,0.994484,True
SIMULATED DATA - NOT PHYSICAL RFID MEASUREMENTS,20260924,large_card,copper_foil,28.0,2,5,0.994484,True
SIMULATED DATA - NOT PHYSICAL RFID MEASUREMENTS,20260924,large_card,copper_foil,28.0,2,6,0.994484,True
SIMULATED DATA - NOT PHYSICAL RFID MEASUREMENTS,20260924,large_card,copper_foil,28.0,2,7,0.994484,True
SIMULATED DATA - NOT PHYSICAL RFID MEASUREMENTS,20260924,large_card,copper_foil,28.0,2,8,0.994484,True
SIMULATED DATA - NOT PHYSICAL RFID MEASUREMENTS,20260924,large_card,copper_foil,28.0,2,9,0.994484,True
SIMULATED DATA - NOT PHYSICAL RFID MEASUREMENTS,20260924,large_card,copper_foil,28.0,2,10,0.994484,True
SIMULATED DATA - NOT PHYSICAL RFID MEASUREMENTS,20260924,large_card,copper_foil,28.0,3,1,0.903474,True
SIMULATED DATA - NOT PHYSICAL RFID MEASUREMENTS,20260924,large_card,copper_foil,28.0,3,2,0.903474,True
SIMULATED DATA - NOT PHYSICAL RFID MEASUREMENTS,20260924,large_card,copper_foil,28.0,3,3,0.903474,True
SIMULATED DATA - NOT PHYSICAL RFID MEASUREMENTS,20260924,large_card,copper_foil,28.0,3,4,0.903474,True
SIMULATED DATA - NOT PHYSICAL RFID MEASUREMENTS,20260924,large_card,copper_foil,28.0,3,5,0.903474,True
SIMULATED DATA - NOT PHYSICAL RFID MEASUREMENTS,20260924,large_card,copper_foil,28.0,3,6,0.903474,True
SIMULATED DATA - NOT PHYSICAL RFID MEASUREMENTS,20260924,large_card,copper_foil,28.0,3,7,0.903474,True
SIMULATED DATA - NOT PHYSICAL RFID MEASUREMENTS,20260924,large_card,copper_foil,28.0,3,8,0.903474,False
SIMULATED DATA - NOT PHYSICAL RFID MEASUREMENTS,20260924,large_card,copper_foil,28.0,3,9,0.903474,True
SIMULATED DATA - NOT PHYSICAL RFID MEASUREMENTS,20260924,large_card,copper_foil,28.0,3,10,0.903474,True
SIMULATED DATA - NOT PHYSICAL RFID MEASUREMENTS,20260924,large_card,copper_foil,28.0,4,1,0.326998,True
SIMULATED DATA - NOT PHYSICAL RFID MEASUREMENTS,20260924,large_card,copper_foil,28.0,4,2,0.326998,True
SIMULATED DATA - NOT PHYSICAL RFID MEASUREMENTS,20260924,large_card,copper_foil,28.0,4,3,0.326998,False
SIMULATED DATA - NOT PHYSICAL RFID MEASUREMENTS,20260924,large_card,copper_foil,28.0,4,4,0.326998,False
SIMULATED DATA - NOT PHYSICAL RFID MEASUREMENTS,20260924,large_card,copper_foil,28.0,4,5,0.326998,False
SIMULATED DATA - NOT PHYSICAL RFID MEASUREMENTS,20260924,large_card,copper_foil,28.0,4,6,0.326998,False
SIMULATED DATA - NOT PHYSICAL RFID MEASUREMENTS,20260924,large_card,copper_foil,28.0,4,7,0.326998,False
SIMULATED DATA - NOT PHYSICAL RFID MEASUREMENTS,20260924,large_card,copper_foil,28.0,4,8,0.326998,True
SIMULATED DATA - NOT PHYSICAL RFID MEASUREMENTS,20260924,large_card,copper_foil,28.0,4,9,0.326998,True
SIMULATED DATA - NOT PHYSICAL RFID MEASUREMENTS,20260924,large_card,copper_foil,28.0,4,10,0.326998,True
SIMULATED DATA - NOT PHYSICAL RFID MEASUREMENTS,20260924,large_card,copper_foil,28.0,5,1,0.024602,False
SIMULATED DATA - NOT PHYSICAL RFID MEASUREMENTS,20260924,large_card,copper_foil,28.0,5,2,0.024602,False
SIMULATED DATA - NOT PHYSICAL RFID MEASUREMENTS,20260924,large_card,copper_foil,28.0,5,3,0.024602,False
SIMULATED DATA - NOT PHYSICAL RFID MEASUREMENTS,20260924,large_card,copper_foil,28.0,5,4,0.024602,False
SIMULATED DATA - NOT PHYSICAL RFID MEASUREMENTS,20260924,large_card,copper_foil,28.0,5,5,0.024602,False
SIMULATED DATA - NOT PHYSICAL RFID MEASUREMENTS,20260924,large_card,copper_foil,28.0,5,6,0.024602,False
SIMULATED DATA - NOT PHYSICAL RFID MEASUREMENTS,20260924,large_card,copper_foil,28.0,5,7,0.024602,False
SIMULATED DATA - NOT PHYSICAL RFID MEASUREMENTS,20260924,large_card,copper_foil,28.0,5,8,0.024602,False
SIMULATED DATA - NOT PHYSICAL RFID MEASUREMENTS,20260924,large_card,copper_foil,28.0,5,9,0.024602,False
SIMULATED DATA - NOT PHYSICAL RFID MEASUREMENTS,20260924,large_card,copper_foil,28.0,5,10,0.024602,False
SIMULATED DATA - NOT PHYSICAL RFID MEASUREMENTS,20260924,large_card,copper_foil,28.0,6,1,0.001308,False
SIMULATED DATA - NOT PHYSICAL RFID MEASUREMENTS,20260924,large_card,copper_foil,28.0,6,2,0.001308,False
SIMULATED DATA - NOT PHYSICAL RFID MEASUREMENTS,20260924,large_card,copper_foil,28.0,6,3,0.001308,False
SIMULATED DATA - NOT PHYSICAL RFID MEASUREMENTS,20260924,large_card,copper_foil,28.0,6,4,0.001308,False
SIMULATED DATA - NOT PHYSICAL RFID MEASUREMENTS,20260924,large_card,copper_foil,28.0,6,5,0.001308,False
SIMULATED DATA - NOT PHYSICAL RFID MEASUREMENTS,20260924,large_card,copper_foil,28.0,6,6,0.001308,False
SIMULATED DATA - NOT PHYSICAL RFID MEASUREMENTS,20260924,large_card,copper_foil,28.0,6,7,0.001308,False
SIMULATED DATA - NOT PHYSICAL RFID MEASUREMENTS,20260924,large_card,copper_foil,28.0,6,8,0.001308,False
SIMULATED DATA - NOT PHYSICAL RFID MEASUREMENTS,20260924,large_card,copper_foil,28.0,6,9,0.001308,False
SIMULATED DATA - NOT PHYSICAL RFID MEASUREMENTS,20260924,large_card,copper_foil,28.0,6,10,0.001308,False
SIMULATED DATA - NOT PHYSICAL RFID MEASUREMENTS,20260924,large_card,copper_foil,28.0,7,1,6.8e-05,False
SIMULATED DATA - NOT PHYSICAL RFID MEASUREMENTS,20260924,large_card,copper_foil,28.0,7,2,6.8e-05,False
SIMULATED DATA - NOT PHYSICAL RFID MEASUREMENTS,20260924,large_card,copper_foil,28.0,7,3,6.8e-05,False
SIMULATED DATA - NOT PHYSICAL RFID MEASUREMENTS,20260924,large_card,copper_foil,28.0,7,4,6.8e-05,False
SIMULATED DATA - NOT PHYSICAL RFID MEASUREMENTS,20260924,large_card,copper_foil,28.0,7,5,6.8e-05,False
SIMULATED DATA - NOT PHYSICAL RFID MEASUREMENTS,20260924,large_card,copper_foil,28.0,7,6,6.8e-05,False
SIMULATED DATA - NOT PHYSICAL RFID MEASUREMENTS,20260924,large_card,copper_foil,28.0,7,7,6.8e-05,False
SIMULATED DATA - NOT PHYSICAL RFID MEASUREMENTS,20260924,large_card,copper_foil,28.0,7,8,6.8e-05,False
SIMULATED DATA - NOT PHYSICAL RFID MEASUREMENTS,20260924,large_card,copper_foil,28.0,7,9,6.8e-05,False
SIMULATED DATA - NOT PHYSICAL RFID MEASUREMENTS,20260924,large_card,copper_foil,28.0,7,10,6.8e-05,False
SIMULATED DATA - NOT PHYSICAL RFID MEASUREMENTS,20260924,large_card,copper_foil,28.0,8,1,4e-06,False
SIMULATED DATA - NOT PHYSICAL RFID MEASUREMENTS,20260924,large_card,copper_foil,28.0,8,2,4e-06,False
SIMULATED DATA - NOT PHYSICAL RFID MEASUREMENTS,20260924,large_card,copper_foil,28.0,8,3,4e-06,False
SIMULATED DATA - NOT PHYSICAL RFID MEASUREMENTS,20260924,large_card,copper_foil,28.0,8,4,4e-06,False
SIMULATED DATA - NOT PHYSICAL RFID MEASUREMENTS,20260924,large_card,copper_foil,28.0,8,5,4e-06,False
SIMULATED DATA - NOT PHYSICAL RFID MEASUREMENTS,20260924,large_card,copper_foil,28.0,8,6,4e-06,False
SIMULATED DATA - NOT PHYSICAL RFID MEASUREMENTS,20260924,large_card,copper_foil,28.0,8,7,4e-06,False
SIMULATED DATA - NOT PHYSICAL RFID MEASUREMENTS,20260924,large_card,copper_foil,28.0,8,8,4e-06,False
SIMULATED DATA - NOT PHYSICAL RFID MEASUREMENTS,20260924,large_card,copper_foil,28.0,8,9,4e-06,False
SIMULATED DATA - NOT PHYSICAL RFID MEASUREMENTS,20260924,large_card,copper_foil,28.0,8,10,4e-06,False
SIMULATED DATA - NOT PHYSICAL RFID MEASUREMENTS,20260924,large_card,copper_foil,28.0,9,1,0.0,False
SIMULATED DATA - NOT PHYSICAL RFID MEASUREMENTS,20260924,large_card,copper_foil,28.0,9,2,0.0,False
SIMULATED DATA - NOT PHYSICAL RFID MEASUREMENTS,20260924,large_card,copper_foil,28.0,9,3,0.0,False
SIMULATED DATA - NOT PHYSICAL RFID MEASUREMENTS,20260924,large_card,copper_foil,28.0,9,4,0.0,False
SIMULATED DATA - NOT PHYSICAL RFID MEASUREMENTS,20260924,large_card,copper_foil,28.0,9,5,0.0,False
SIMULATED DATA - NOT PHYSICAL RFID MEASUREMENTS,20260924,large_card,copper_foil,28.0,9,6,0.0,False
SIMULATED DATA - NOT PHYSICAL RFID MEASUREMENTS,20260924,large_card,copper_foil,28.0,9,7,0.0,False
SIMULATED DATA - NOT PHYSICAL RFID MEASUREMENTS,20260924,large_card,copper_foil,28.0,9,8,0.0,False
SIMULATED DATA - NOT PHYSICAL RFID MEASUREMENTS,20260924,large_card,copper_foil,28.0,9,9,0.0,False
SIMULATED DATA - NOT PHYSICAL RFID MEASUREMENTS,20260924,large_card,copper_foil,28.0,9,10,0.0,False
SIMULATED DATA - NOT PHYSICAL RFID MEASUREMENTS,20260924,large_card,copper_foil,28.0,10,1,0.0,False
SIMULATED DATA - NOT PHYSICAL RFID MEASUREMENTS,20260924,large_card,copper_foil,28.0,10,2,0.0,False
SIMULATED DATA - NOT PHYSICAL RFID MEASUREMENTS,20260924,large_card,copper_foil,28.0,10,3,0.0,False
SIMULATED DATA - NOT PHYSICAL RFID MEASUREMENTS,20260924,large_card,copper_foil,28.0,10,4,0.0,False
SIMULATED DATA - NOT PHYSICAL RFID MEASUREMENTS,20260924,large_card,copper_foil,28.0,10,5,0.0,False
SIMULATED DATA - NOT PHYSICAL RFID MEASUREMENTS,20260924,large_card,copper_foil,28.0,10,6,0.0,False
SIMULATED DATA - NOT PHYSICAL RFID MEASUREMENTS,20260924,large_card,copper_foil,28.0,10,7,0.0,False
SIMULATED DATA - NOT PHYSICAL RFID MEASUREMENTS,20260924,large_card,copper_foil,28.0,10,8,0.0,False
SIMULATED DATA - NOT PHYSICAL RFID MEASUREMENTS,20260924,large_card,copper_foil,28.0,10,9,0.0,False
SIMULATED DATA - NOT PHYSICAL RFID MEASUREMENTS,20260924,large_card,copper_foil,28.0,10,10,0.0,False
SIMULATED DATA - NOT PHYSICAL RFID MEASUREMENTS,20260924,large_card,copper_foil,28.0,11,1,0.0,False
SIMULATED DATA - NOT PHYSICAL RFID MEASUREMENTS,20260924,large_card,copper_foil,28.0,11,2,0.0,False
SIMULATED DATA - NOT PHYSICAL RFID MEASUREMENTS,20260924,large_card,copper_foil,28.0,11,3,0.0,False
SIMULATED DATA - NOT PHYSICAL RFID MEASUREMENTS,20260924,large_card,copper_foil,28.0,11,4,0.0,False
SIMULATED DATA - NOT PHYSICAL RFID MEASUREMENTS,20260924,large_card,copper_foil,28.0,11,5,0.0,False
SIMULATED DATA - NOT PHYSICAL RFID MEASUREMENTS,20260924,large_card,copper_foil,28.0,11,6,0.0,False
SIMULATED DATA - NOT PHYSICAL RFID MEASUREMENTS,20260924,large_card,copper_foil,28.0,11,7,0.0,False
SIMULATED DATA - NOT PHYSICAL RFID MEASUREMENTS,20260924,large_card,copper_foil,28.0,11,8,0.0,False
SIMULATED DATA - NOT PHYSICAL RFID MEASUREMENTS,20260924,large_card,copper_foil,28.0,11,9,0.0,False
SIMULATED DATA - NOT PHYSICAL RFID MEASUREMENTS,20260924,large_card,copper_foil,28.0,11,10,0.0,False
SIMULATED DATA - NOT PHYSICAL RFID MEASUREMENTS,20260924,large_card,copper_foil,28.0,12,1,0.0,False
SIMULATED DATA - NOT PHYSICAL RFID MEASUREMENTS,20260924,large_card,copper_foil,28.0,12,2,0.0,False
SIMULATED DATA - NOT PHYSICAL RFID MEASUREMENTS,20260924,large_card,copper_foil,28.0,12,3,0.0,False
SIMULATED DATA - NOT PHYSICAL RFID MEASUREMENTS,20260924,large_card,copper_foil,28.0,12,4,0.0,False
SIMULATED DATA - NOT PHYSICAL RFID MEASUREMENTS,20260924,large_card,copper_foil,28.0,12,5,0.0,False
SIMULATED DATA - NOT PHYSICAL RFID MEASUREMENTS,20260924,large_card,copper_foil,28.0,12,6,0.0,False
SIMULATED DATA - NOT PHYSICAL RFID MEASUREMENTS,20260924,large_card,copper_foil,28.0,12,7,0.0,False
SIMULATED DATA - NOT PHYSICAL RFID MEASUREMENTS,20260924,large_card,copper_foil,28.0,12,8,0.0,False
SIMULATED DATA - NOT PHYSICAL RFID MEASUREMENTS,20260924,large_card,copper_foil,28.0,12,9,0.0,False
SIMULATED DATA - NOT PHYSICAL RFID MEASUREMENTS,20260924,large_card,copper_foil,28.0,12,10,0.0,False
SIMULATED DATA - NOT PHYSICAL RFID MEASUREMENTS,20260924,large_card,copper_foil,28.0,13,1,0.0,False
SIMULATED DATA - NOT PHYSICAL RFID MEASUREMENTS,20260924,large_card,copper_foil,28.0,13,2,0.0,False
SIMULATED DATA - NOT PHYSICAL RFID MEASUREMENTS,20260924,large_card,copper_foil,28.0,13,3,0.0,False
SIMULATED DATA - NOT PHYSICAL RFID MEASUREMENTS,20260924,large_card,copper_foil,28.0,13,4,0.0,False
SIMULATED DATA - NOT PHYSICAL RFID MEASUREMENTS,20260924,large_card,copper_foil,28.0,13,5,0.0,False
SIMULATED DATA - NOT PHYSICAL RFID MEASUREMENTS,20260924,large_card,copper_foil,28.0,13,6,0.0,False
SIMULATED DATA - NOT PHYSICAL RFID MEASUREMENTS,20260924,large_card,copper_foil,28.0,13,7,0.0,False
SIMULATED DATA - NOT PHYSICAL RFID MEASUREMENTS,20260924,large_card,copper_foil,28.0,13,8,0.0,False
SIMULATED DATA - NOT PHYSICAL RFID MEASUREMENTS,20260924,large_card,copper_foil,28.0,13,9,0.0,False
SIMULATED DATA - NOT PHYSICAL RFID MEASUREMENTS,20260924,large_card,copper_foil,28.0,13,10,0.0,False
SIMULATED DATA - NOT PHYSICAL RFID MEASUREMENTS,20260924,large_card,copper_foil,28.0,14,1,0.0,False
SIMULATED DATA - NOT PHYSICAL RFID MEASUREMENTS,20260924,large_card,copper_foil,28.0,14,2,0.0,False
SIMULATED DATA - NOT PHYSICAL RFID MEASUREMENTS,20260924,large_card,copper_foil,28.0,14,3,0.0,False
SIMULATED DATA - NOT PHYSICAL RFID MEASUREMENTS,20260924,large_card,copper_foil,28.0,14,4,0.0,False
SIMULATED DATA - NOT PHYSICAL RFID MEASUREMENTS,20260924,large_card,copper_foil,28.0,14,5,0.0,False
SIMULATED DATA - NOT PHYSICAL RFID MEASUREMENTS,20260924,large_card,copper_foil,28.0,14,6,0.0,False
SIMULATED DATA - NOT PHYSICAL RFID MEASUREMENTS,20260924,large_card,copper_foil,28.0,14,7,0.0,False
SIMULATED DATA - NOT PHYSICAL RFID MEASUREMENTS,20260924,large_card,copper_foil,28.0,14,8,0.0,False
SIMULATED DATA - NOT PHYSICAL RFID MEASUREMENTS,20260924,large_card,copper_foil,28.0,14,9,0.0,False
SIMULATED DATA - NOT PHYSICAL RFID MEASUREMENTS,20260924,large_card,copper_foil,28.0,14,10,0.0,False
SIMULATED DATA - NOT PHYSICAL RFID MEASUREMENTS,20260924,large_card,copper_foil,28.0,15,1,0.0,False
SIMULATED DATA - NOT PHYSICAL RFID MEASUREMENTS,20260924,large_card,copper_foil,28.0,15,2,0.0,False
SIMULATED DATA - NOT PHYSICAL RFID MEASUREMENTS,20260924,large_card,copper_foil,28.0,15,3,0.0,False
SIMULATED DATA - NOT PHYSICAL RFID MEASUREMENTS,20260924,large_card,copper_foil,28.0,15,4,0.0,False
SIMULATED DATA - NOT PHYSICAL RFID MEASUREMENTS,20260924,large_card,copper_foil,28.0,15,5,0.0,False
SIMULATED DATA - NOT PHYSICAL RFID MEASUREMENTS,20260924,large_card,copper_foil,28.0,15,6,0.0,False
SIMULATED DATA - NOT PHYSICAL RFID MEASUREMENTS,20260924,large_card,copper_foil,28.0,15,7,0.0,False
SIMULATED DATA - NOT PHYSICAL RFID MEASUREMENTS,20260924,large_card,copper_foil,28.0,15,8,0.0,False
SIMULATED DATA - NOT PHYSICAL RFID MEASUREMENTS,20260924,large_card,copper_foil,28.0,15,9,0.0,False
SIMULATED DATA - NOT PHYSICAL RFID MEASUREMENTS,20260924,large_card,copper_foil,28.0,15,10,0.0,False
SIMULATED DATA - NOT PHYSICAL RFID MEASUREMENTS,20260924,large_card,commercial_rfid_sleeve,32.0,1,1,0.99953,True
SIMULATED DATA - NOT PHYSICAL RFID MEASUREMENTS,20260924,large_card,commercial_rfid_sleeve,32.0,1,2,0.99953,True
SIMULATED DATA - NOT PHYSICAL RFID MEASUREMENTS,20260924,large_card,commercial_rfid_sleeve,32.0,1,3,0.99953,True
SIMULATED DATA - NOT PHYSICAL RFID MEASUREMENTS,20260924,large_card,commercial_rfid_sleeve,32.0,1,4,0.99953,True
SIMULATED DATA - NOT PHYSICAL RFID MEASUREMENTS,20260924,large_card,commercial_rfid_sleeve,32.0,1,5,0.99953,True
SIMULATED DATA - NOT PHYSICAL RFID MEASUREMENTS,20260924,large_card,commercial_rfid_sleeve,32.0,1,6,0.99953,True
SIMULATED DATA - NOT PHYSICAL RFID MEASUREMENTS,20260924,large_card,commercial_rfid_sleeve,32.0,1,7,0.99953,True
SIMULATED DATA - NOT PHYSICAL RFID MEASUREMENTS,20260924,large_card,commercial_rfid_sleeve,32.0,1,8,0.99953,True
SIMULATED DATA - NOT PHYSICAL RFID MEASUREMENTS,20260924,large_card,commercial_rfid_sleeve,32.0,1,9,0.99953,True
SIMULATED DATA - NOT PHYSICAL RFID MEASUREMENTS,20260924,large_card,commercial_rfid_sleeve,32.0,1,10,0.99953,True
SIMULATED DATA - NOT PHYSICAL RFID MEASUREMENTS,20260924,large_card,commercial_rfid_sleeve,32.0,2,1,0.985414,True
SIMULATED DATA - NOT PHYSICAL RFID MEASUREMENTS,20260924,large_card,commercial_rfid_sleeve,32.0,2,2,0.985414,True
SIMULATED DATA - NOT PHYSICAL RFID MEASUREMENTS,20260924,large_card,commercial_rfid_sleeve,32.0,2,3,0.985414,True
SIMULATED DATA - NOT PHYSICAL RFID MEASUREMENTS,20260924,large_card,commercial_rfid_sleeve,32.0,2,4,0.985414,True
SIMULATED DATA - NOT PHYSICAL RFID MEASUREMENTS,20260924,large_card,commercial_rfid_sleeve,32.0,2,5,0.985414,True
SIMULATED DATA - NOT PHYSICAL RFID MEASUREMENTS,20260924,large_card,commercial_rfid_sleeve,32.0,2,6,0.985414,True
SIMULATED DATA - NOT PHYSICAL RFID MEASUREMENTS,20260924,large_card,commercial_rfid_sleeve,32.0,2,7,0.985414,True
SIMULATED DATA - NOT PHYSICAL RFID MEASUREMENTS,20260924,large_card,commercial_rfid_sleeve,32.0,2,8,0.985414,True
SIMULATED DATA - NOT PHYSICAL RFID MEASUREMENTS,20260924,large_card,commercial_rfid_sleeve,32.0,2,9,0.985414,True
SIMULATED DATA - NOT PHYSICAL RFID MEASUREMENTS,20260924,large_card,commercial_rfid_sleeve,32.0,2,10,0.985414,True
SIMULATED DATA - NOT PHYSICAL RFID MEASUREMENTS,20260924,large_card,commercial_rfid_sleeve,32.0,3,1,0.68222,False
SIMULATED DATA - NOT PHYSICAL RFID MEASUREMENTS,20260924,large_card,commercial_rfid_sleeve,32.0,3,2,0.68222,True
SIMULATED DATA - NOT PHYSICAL RFID MEASUREMENTS,20260924,large_card,commercial_rfid_sleeve,32.0,3,3,0.68222,False
SIMULATED DATA - NOT PHYSICAL RFID MEASUREMENTS,20260924,large_card,commercial_rfid_sleeve,32.0,3,4,0.68222,True
SIMULATED DATA - NOT PHYSICAL RFID MEASUREMENTS,20260924,large_card,commercial_rfid_sleeve,32.0,3,5,0.68222,False
SIMULATED DATA - NOT PHYSICAL RFID MEASUREMENTS,20260924,large_card,commercial_rfid_sleeve,32.0,3,6,0.68222,False
SIMULATED DATA - NOT PHYSICAL RFID MEASUREMENTS,20260924,large_card,commercial_rfid_sleeve,32.0,3,7,0.68222,False
SIMULATED DATA - NOT PHYSICAL RFID MEASUREMENTS,20260924,large_card,commercial_rfid_sleeve,32.0,3,8,0.68222,False
SIMULATED DATA - NOT PHYSICAL RFID MEASUREMENTS,20260924,large_card,commercial_rfid_sleeve,32.0,3,9,0.68222,False
SIMULATED DATA - NOT PHYSICAL RFID MEASUREMENTS,20260924,large_card,commercial_rfid_sleeve,32.0,3,10,0.68222,True
SIMULATED DATA - NOT PHYSICAL RFID MEASUREMENTS,20260924,large_card,commercial_rfid_sleeve,32.0,4,1,0.063862,False
SIMULATED DATA - NOT PHYSICAL RFID MEASUREMENTS,20260924,large_card,commercial_rfid_sleeve,32.0,4,2,0.063862,False
SIMULATED DATA - NOT PHYSICAL RFID MEASUREMENTS,20260924,large_card,commercial_rfid_sleeve,32.0,4,3,0.063862,False
SIMULATED DATA - NOT PHYSICAL RFID MEASUREMENTS,20260924,large_card,commercial_rfid_sleeve,32.0,4,4,0.063862,False
SIMULATED DATA - NOT PHYSICAL RFID MEASUREMENTS,20260924,large_card,commercial_rfid_sleeve,32.0,4,5,0.063862,False
SIMULATED DATA - NOT PHYSICAL RFID MEASUREMENTS,20260924,large_card,commercial_rfid_sleeve,32.0,4,6,0.063862,False
SIMULATED DATA - NOT PHYSICAL RFID MEASUREMENTS,20260924,large_card,commercial_rfid_sleeve,32.0,4,7,0.063862,False
SIMULATED DATA - NOT PHYSICAL RFID MEASUREMENTS,20260924,large_card,commercial_rfid_sleeve,32.0,4,8,0.063862,False
SIMULATED DATA - NOT PHYSICAL RFID MEASUREMENTS,20260924,large_card,commercial_rfid_sleeve,32.0,4,9,0.063862,False
SIMULATED DATA - NOT PHYSICAL RFID MEASUREMENTS,20260924,large_card,commercial_rfid_sleeve,32.0,4,10,0.063862,False
SIMULATED DATA - NOT PHYSICAL RFID MEASUREMENTS,20260924,large_card,commercial_rfid_sleeve,32.0,5,1,0.002163,False
SIMULATED DATA - NOT PHYSICAL RFID MEASUREMENTS,20260924,large_card,commercial_rfid_sleeve,32.0,5,2,0.002163,False
SIMULATED DATA - NOT PHYSICAL RFID MEASUREMENTS,20260924,large_card,commercial_rfid_sleeve,32.0,5,3,0.002163,False
SIMULATED DATA - NOT PHYSICAL RFID MEASUREMENTS,20260924,large_card,commercial_rfid_sleeve,32.0,5,4,0.002163,False
SIMULATED DATA - NOT PHYSICAL RFID MEASUREMENTS,20260924,large_card,commercial_rfid_sleeve,32.0,5,5,0.002163,False
SIMULATED DATA - NOT PHYSICAL RFID MEASUREMENTS,20260924,large_card,commercial_rfid_sleeve,32.0,5,6,0.002163,False
SIMULATED DATA - NOT PHYSICAL RFID MEASUREMENTS,20260924,large_card,commercial_rfid_sleeve,32.0,5,7,0.002163,False
SIMULATED DATA - NOT PHYSICAL RFID MEASUREMENTS,20260924,large_card,commercial_rfid_sleeve,32.0,5,8,0.002163,False
SIMULATED DATA - NOT PHYSICAL RFID MEASUREMENTS,20260924,large_card,commercial_rfid_sleeve,32.0,5,9,0.002163,False
SIMULATED DATA - NOT PHYSICAL RFID MEASUREMENTS,20260924,large_card,commercial_rfid_sleeve,32.0,5,10,0.002163,False
SIMULATED DATA - NOT PHYSICAL RFID MEASUREMENTS,20260924,large_card,commercial_rfid_sleeve,32.0,6,1,6.9e-05,False
SIMULATED DATA - NOT PHYSICAL RFID MEASUREMENTS,20260924,large_card,commercial_rfid_sleeve,32.0,6,2,6.9e-05,False
SIMULATED DATA - NOT PHYSICAL RFID MEASUREMENTS,20260924,large_card,commercial_rfid_sleeve,32.0,6,3,6.9e-05,False
SIMULATED DATA - NOT PHYSICAL RFID MEASUREMENTS,20260924,large_card,commercial_rfid_sleeve,32.0,6,4,6.9e-05,False
SIMULATED DATA - NOT PHYSICAL RFID MEASUREMENTS,20260924,large_card,commercial_rfid_sleeve,32.0,6,5,6.9e-05,False
SIMULATED DATA - NOT PHYSICAL RFID MEASUREMENTS,20260924,large_card,commercial_rfid_sleeve,32.0,6,6,6.9e-05,False
SIMULATED DATA - NOT PHYSICAL RFID MEASUREMENTS,20260924,large_card,commercial_rfid_sleeve,32.0,6,7,6.9e-05,False
SIMULATED DATA - NOT PHYSICAL RFID MEASUREMENTS,20260924,large_card,commercial_rfid_sleeve,32.0,6,8,6.9e-05,False
SIMULATED DATA - NOT PHYSICAL RFID MEASUREMENTS,20260924,large_card,commercial_rfid_sleeve,32.0,6,9,6.9e-05,False
SIMULATED DATA - NOT PHYSICAL RFID MEASUREMENTS,20260924,large_card,commercial_rfid_sleeve,32.0,6,10,6.9e-05,False
SIMULATED DATA - NOT PHYSICAL RFID MEASUREMENTS,20260924,large_card,commercial_rfid_sleeve,32.0,7,1,2e-06,False
SIMULATED DATA - NOT PHYSICAL RFID MEASUREMENTS,20260924,large_card,commercial_rfid_sleeve,32.0,7,2,2e-06,False
SIMULATED DATA - NOT PHYSICAL RFID MEASUREMENTS,20260924,large_card,commercial_rfid_sleeve,32.0,7,3,2e-06,False
SIMULATED DATA - NOT PHYSICAL RFID MEASUREMENTS,20260924,large_card,commercial_rfid_sleeve,32.0,7,4,2e-06,False
SIMULATED DATA - NOT PHYSICAL RFID MEASUREMENTS,20260924,large_card,commercial_rfid_sleeve,32.0,7,5,2e-06,False
SIMULATED DATA - NOT PHYSICAL RFID MEASUREMENTS,20260924,large_card,commercial_rfid_sleeve,32.0,7,6,2e-06,False
SIMULATED DATA - NOT PHYSICAL RFID MEASUREMENTS,20260924,large_card,commercial_rfid_sleeve,32.0,7,7,2e-06,False
SIMULATED DATA - NOT PHYSICAL RFID MEASUREMENTS,20260924,large_card,commercial_rfid_sleeve,32.0,7,8,2e-06,False
SIMULATED DATA - NOT PHYSICAL RFID MEASUREMENTS,20260924,large_card,commercial_rfid_sleeve,32.0,7,9,2e-06,False
SIMULATED DATA - NOT PHYSICAL RFID MEASUREMENTS,20260924,large_card,commercial_rfid_sleeve,32.0,7,10,2e-06,False
SIMULATED DATA - NOT PHYSICAL RFID MEASUREMENTS,20260924,large_card,commercial_rfid_sleeve,32.0,8,1,0.0,False
SIMULATED DATA - NOT PHYSICAL RFID MEASUREMENTS,20260924,large_card,commercial_rfid_sleeve,32.0,8,2,0.0,False
SIMULATED DATA - NOT PHYSICAL RFID MEASUREMENTS,20260924,large_card,commercial_rfid_sleeve,32.0,8,3,0.0,False
SIMULATED DATA - NOT PHYSICAL RFID MEASUREMENTS,20260924,large_card,commercial_rfid_sleeve,32.0,8,4,0.0,False
SIMULATED DATA - NOT PHYSICAL RFID MEASUREMENTS,20260924,large_card,commercial_rfid_sleeve,32.0,8,5,0.0,False
SIMULATED DATA - NOT PHYSICAL RFID MEASUREMENTS,20260924,large_card,commercial_rfid_sleeve,32.0,8,6,0.0,False
SIMULATED DATA - NOT PHYSICAL RFID MEASUREMENTS,20260924,large_card,commercial_rfid_sleeve,32.0,8,7,0.0,False
SIMULATED DATA - NOT PHYSICAL RFID MEASUREMENTS,20260924,large_card,commercial_rfid_sleeve,32.0,8,8,0.0,False
SIMULATED DATA - NOT PHYSICAL RFID MEASUREMENTS,20260924,large_card,commercial_rfid_sleeve,32.0,8,9,0.0,False
SIMULATED DATA - NOT PHYSICAL RFID MEASUREMENTS,20260924,large_card,commercial_rfid_sleeve,32.0,8,10,0.0,False
SIMULATED DATA - NOT PHYSICAL RFID MEASUREMENTS,20260924,large_card,commercial_rfid_sleeve,32.0,9,1,0.0,False
SIMULATED DATA - NOT PHYSICAL RFID MEASUREMENTS,20260924,large_card,commercial_rfid_sleeve,32.0,9,2,0.0,False
SIMULATED DATA - NOT PHYSICAL RFID MEASUREMENTS,20260924,large_card,commercial_rfid_sleeve,32.0,9,3,0.0,False
SIMULATED DATA - NOT PHYSICAL RFID MEASUREMENTS,20260924,large_card,commercial_rfid_sleeve,32.0,9,4,0.0,False
SIMULATED DATA - NOT PHYSICAL RFID MEASUREMENTS,20260924,large_card,commercial_rfid_sleeve,32.0,9,5,0.0,False
SIMULATED DATA - NOT PHYSICAL RFID MEASUREMENTS,20260924,large_card,commercial_rfid_sleeve,32.0,9,6,0.0,False
SIMULATED DATA - NOT PHYSICAL RFID MEASUREMENTS,20260924,large_card,commercial_rfid_sleeve,32.0,9,7,0.0,False
SIMULATED DATA - NOT PHYSICAL RFID MEASUREMENTS,20260924,large_card,commercial_rfid_sleeve,32.0,9,8,0.0,False
SIMULATED DATA - NOT PHYSICAL RFID MEASUREMENTS,20260924,large_card,commercial_rfid_sleeve,32.0,9,9,0.0,False
SIMULATED DATA - NOT PHYSICAL RFID MEASUREMENTS,20260924,large_card,commercial_rfid_sleeve,32.0,9,10,0.0,False
SIMULATED DATA - NOT PHYSICAL RFID MEASUREMENTS,20260924,large_card,commercial_rfid_sleeve,32.0,10,1,0.0,False
SIMULATED DATA - NOT PHYSICAL RFID MEASUREMENTS,20260924,large_card,commercial_rfid_sleeve,32.0,10,2,0.0,False
SIMULATED DATA - NOT PHYSICAL RFID MEASUREMENTS,20260924,large_card,commercial_rfid_sleeve,32.0,10,3,0.0,False
SIMULATED DATA - NOT PHYSICAL RFID MEASUREMENTS,20260924,large_card,commercial_rfid_sleeve,32.0,10,4,0.0,False
SIMULATED DATA - NOT PHYSICAL RFID MEASUREMENTS,20260924,large_card,commercial_rfid_sleeve,32.0,10,5,0.0,False
SIMULATED DATA - NOT PHYSICAL RFID MEASUREMENTS,20260924,large_card,commercial_rfid_sleeve,32.0,10,6,0.0,False
SIMULATED DATA - NOT PHYSICAL RFID MEASUREMENTS,20260924,large_card,commercial_rfid_sleeve,32.0,10,7,0.0,False
SIMULATED DATA - NOT PHYSICAL RFID MEASUREMENTS,20260924,large_card,commercial_rfid_sleeve,32.0,10,8,0.0,False
SIMULATED DATA - NOT PHYSICAL RFID MEASUREMENTS,20260924,large_card,commercial_rfid_sleeve,32.0,10,9,0.0,False
SIMULATED DATA - NOT PHYSICAL RFID MEASUREMENTS,20260924,large_card,commercial_rfid_sleeve,32.0,10,10,0.0,False
SIMULATED DATA - NOT PHYSICAL RFID MEASUREMENTS,20260924,large_card,commercial_rfid_sleeve,32.0,11,1,0.0,False
SIMULATED DATA - NOT PHYSICAL RFID MEASUREMENTS,20260924,large_card,commercial_rfid_sleeve,32.0,11,2,0.0,False
SIMULATED DATA - NOT PHYSICAL RFID MEASUREMENTS,20260924,large_card,commercial_rfid_sleeve,32.0,11,3,0.0,False
SIMULATED DATA - NOT PHYSICAL RFID MEASUREMENTS,20260924,large_card,commercial_rfid_sleeve,32.0,11,4,0.0,False
SIMULATED DATA - NOT PHYSICAL RFID MEASUREMENTS,20260924,large_card,commercial_rfid_sleeve,32.0,11,5,0.0,False
SIMULATED DATA - NOT PHYSICAL RFID MEASUREMENTS,20260924,large_card,commercial_rfid_sleeve,32.0,11,6,0.0,False
SIMULATED DATA - NOT PHYSICAL RFID MEASUREMENTS,20260924,large_card,commercial_rfid_sleeve,32.0,11,7,0.0,False
SIMULATED DATA - NOT PHYSICAL RFID MEASUREMENTS,20260924,large_card,commercial_rfid_sleeve,32.0,11,8,0.0,False
SIMULATED DATA - NOT PHYSICAL RFID MEASUREMENTS,20260924,large_card,commercial_rfid_sleeve,32.0,11,9,0.0,False
SIMULATED DATA - NOT PHYSICAL RFID MEASUREMENTS,20260924,large_card,commercial_rfid_sleeve,32.0,11,10,0.0,False
SIMULATED DATA - NOT PHYSICAL RFID MEASUREMENTS,20260924,large_card,commercial_rfid_sleeve,32.0,12,1,0.0,False
SIMULATED DATA - NOT PHYSICAL RFID MEASUREMENTS,20260924,large_card,commercial_rfid_sleeve,32.0,12,2,0.0,False
SIMULATED DATA - NOT PHYSICAL RFID MEASUREMENTS,20260924,large_card,commercial_rfid_sleeve,32.0,12,3,0.0,False
SIMULATED DATA - NOT PHYSICAL RFID MEASUREMENTS,20260924,large_card,commercial_rfid_sleeve,32.0,12,4,0.0,False
SIMULATED DATA - NOT PHYSICAL RFID MEASUREMENTS,20260924,large_card,commercial_rfid_sleeve,32.0,12,5,0.0,False
SIMULATED DATA - NOT PHYSICAL RFID MEASUREMENTS,20260924,large_card,commercial_rfid_sleeve,32.0,12,6,0.0,False
SIMULATED DATA - NOT PHYSICAL RFID MEASUREMENTS,20260924,large_card,commercial_rfid_sleeve,32.0,12,7,0.0,False
SIMULATED DATA - NOT PHYSICAL RFID MEASUREMENTS,20260924,large_card,commercial_rfid_sleeve,32.0,12,8,0.0,False
SIMULATED DATA - NOT PHYSICAL RFID MEASUREMENTS,20260924,large_card,commercial_rfid_sleeve,32.0,12,9,0.0,False
SIMULATED DATA - NOT PHYSICAL RFID MEASUREMENTS,20260924,large_card,commercial_rfid_sleeve,32.0,12,10,0.0,False
SIMULATED DATA - NOT PHYSICAL RFID MEASUREMENTS,20260924,large_card,commercial_rfid_sleeve,32.0,13,1,0.0,False
SIMULATED DATA - NOT PHYSICAL RFID MEASUREMENTS,20260924,large_card,commercial_rfid_sleeve,32.0,13,2,0.0,False
SIMULATED DATA - NOT PHYSICAL RFID MEASUREMENTS,20260924,large_card,commercial_rfid_sleeve,32.0,13,3,0.0,False
SIMULATED DATA - NOT PHYSICAL RFID MEASUREMENTS,20260924,large_card,commercial_rfid_sleeve,32.0,13,4,0.0,False
SIMULATED DATA - NOT PHYSICAL RFID MEASUREMENTS,20260924,large_card,commercial_rfid_sleeve,32.0,13,5,0.0,False
SIMULATED DATA - NOT PHYSICAL RFID MEASUREMENTS,20260924,large_card,commercial_rfid_sleeve,32.0,13,6,0.0,False
SIMULATED DATA - NOT PHYSICAL RFID MEASUREMENTS,20260924,large_card,commercial_rfid_sleeve,32.0,13,7,0.0,False
SIMULATED DATA - NOT PHYSICAL RFID MEASUREMENTS,20260924,large_card,commercial_rfid_sleeve,32.0,13,8,0.0,False
SIMULATED DATA - NOT PHYSICAL RFID MEASUREMENTS,20260924,large_card,commercial_rfid_sleeve,32.0,13,9,0.0,False
SIMULATED DATA - NOT PHYSICAL RFID MEASUREMENTS,20260924,large_card,commercial_rfid_sleeve,32.0,13,10,0.0,False
SIMULATED DATA - NOT PHYSICAL RFID MEASUREMENTS,20260924,large_card,commercial_rfid_sleeve,32.0,14,1,0.0,False
SIMULATED DATA - NOT PHYSICAL RFID MEASUREMENTS,20260924,large_card,commercial_rfid_sleeve,32.0,14,2,0.0,False
SIMULATED DATA - NOT PHYSICAL RFID MEASUREMENTS,20260924,large_card,commercial_rfid_sleeve,32.0,14,3,0.0,False
SIMULATED DATA - NOT PHYSICAL RFID MEASUREMENTS,20260924,large_card,commercial_rfid_sleeve,32.0,14,4,0.0,False
SIMULATED DATA - NOT PHYSICAL RFID MEASUREMENTS,20260924,large_card,commercial_rfid_sleeve,32.0,14,5,0.0,False
SIMULATED DATA - NOT PHYSICAL RFID MEASUREMENTS,20260924,large_card,commercial_rfid_sleeve,32.0,14,6,0.0,False
SIMULATED DATA - NOT PHYSICAL RFID MEASUREMENTS,20260924,large_card,commercial_rfid_sleeve,32.0,14,7,0.0,False
SIMULATED DATA - NOT PHYSICAL RFID MEASUREMENTS,20260924,large_card,commercial_rfid_sleeve,32.0,14,8,0.0,False
SIMULATED DATA - NOT PHYSICAL RFID MEASUREMENTS,20260924,large_card,commercial_rfid_sleeve,32.0,14,9,0.0,False
SIMULATED DATA - NOT PHYSICAL RFID MEASUREMENTS,20260924,large_card,commercial_rfid_sleeve,32.0,14,10,0.0,False
SIMULATED DATA - NOT PHYSICAL RFID MEASUREMENTS,20260924,large_card,commercial_rfid_sleeve,32.0,15,1,0.0,False
SIMULATED DATA - NOT PHYSICAL RFID MEASUREMENTS,20260924,large_card,commercial_rfid_sleeve,32.0,15,2,0.0,False
SIMULATED DATA - NOT PHYSICAL RFID MEASUREMENTS,20260924,large_card,commercial_rfid_sleeve,32.0,15,3,0.0,False
SIMULATED DATA - NOT PHYSICAL RFID MEASUREMENTS,20260924,large_card,commercial_rfid_sleeve,32.0,15,4,0.0,False
SIMULATED DATA - NOT PHYSICAL RFID MEASUREMENTS,20260924,large_card,commercial_rfid_sleeve,32.0,15,5,0.0,False
SIMULATED DATA - NOT PHYSICAL RFID MEASUREMENTS,20260924,large_card,commercial_rfid_sleeve,32.0,15,6,0.0,False
SIMULATED DATA - NOT PHYSICAL RFID MEASUREMENTS,20260924,large_card,commercial_rfid_sleeve,32.0,15,7,0.0,False
SIMULATED DATA - NOT PHYSICAL RFID MEASUREMENTS,20260924,large_card,commercial_rfid_sleeve,32.0,15,8,0.0,False
SIMULATED DATA - NOT PHYSICAL RFID MEASUREMENTS,20260924,large_card,commercial_rfid_sleeve,32.0,15,9,0.0,False
SIMULATED DATA - NOT PHYSICAL RFID MEASUREMENTS,20260924,large_card,commercial_rfid_sleeve,32.0,15,10,0.0,False
