data_classification,participant_id,question,expected_online,information_found_online,correct_answer_found
SYNTHETIC DATA - NO REAL PEOPLE OR RECOVERY ANSWERS,F0001,current_employer,True,True,True
SYNTHETIC DATA - NO REAL PEOPLE OR RECOVERY ANSWERS,F0001,high_school,True,False,False
SYNTHETIC DATA - NO REAL PEOPLE OR RECOVERY ANSWERS,F0001,birth_city,False,True,True
SYNTHETIC DATA - NO REAL PEOPLE OR RECOVERY ANSWERS,F0001,mothers_maiden_name,False,False,False
SYNTHETIC DATA - NO REAL PEOPLE OR RECOVERY ANSWERS,F0001,first_pet_name,False,True,False
SYNTHETIC DATA - NO REAL PEOPLE OR RECOVERY ANSWERS,F0001,wedding_location,False,False,False
SYNTHETIC DATA - NO REAL PEOPLE OR RECOVERY ANSWERS,F0001,street_grew_up_on,False,True,True
SYNTHETIC DATA - NO REAL PEOPLE OR RECOVERY ANSWERS,F0001,first_car_model,True,False,False
SYNTHETIC DATA - NO REAL PEOPLE OR RECOVERY ANSWERS,F0001,favorite_sports_team,False,False,False
SYNTHETIC DATA - NO REAL PEOPLE OR RECOVERY ANSWERS,F0001,favorite_food,False,False,False
SYNTHETIC DATA - NO REAL PEOPLE OR RECOVERY ANSWERS,F0002,current_employer,True,False,False
SYNTHETIC DATA - NO REAL PEOPLE OR RECOVERY ANSWERS,F0002,high_school,False,True,True
SYNTHETIC DATA - NO REAL PEOPLE OR RECOVERY ANSWERS,F0002,birth_city,False,True,False
SYNTHETIC DATA - NO REAL PEOPLE OR RECOVERY ANSWERS,F0002,mothers_maiden_name,False,False,False
SYNTHETIC DATA - NO REAL PEOPLE OR RECOVERY ANSWERS,F0002,first_pet_name,False,False,False
SYNTHETIC DATA - NO REAL PEOPLE OR RECOVERY ANSWERS,F0002,wedding_location,False,False,False
SYNTHETIC DATA - NO REAL PEOPLE OR RECOVERY ANSWERS,F0002,street_grew_up_on,False,False,False
SYNTHETIC DATA - NO REAL PEOPLE OR RECOVERY ANSWERS,F0002,first_car_model,False,False,False
SYNTHETIC DATA - NO REAL PEOPLE OR RECOVERY ANSWERS,F0002,favorite_sports_team,False,False,False
SYNTHETIC DATA - NO REAL PEOPLE OR RECOVERY ANSWERS,F0002,favorite_food,False,True,True
SYNTHETIC DATA - NO REAL PEOPLE OR RECOVERY ANSWERS,F0003,current_employer,True,True,True
SYNTHETIC DATA - NO REAL PEOPLE OR RECOVERY ANSWERS,F0003,high_school,False,True,True
SYNTHETIC DATA - NO REAL PEOPLE OR RECOVERY ANSWERS,F0003,birth_city,True,True,True
SYNTHETIC DATA - NO REAL PEOPLE OR RECOVERY ANSWERS,F0003,mothers_maiden_name,False,False,False
SYNTHETIC DATA - NO REAL PEOPLE OR RECOVERY ANSWERS,F0003,first_pet_name,False,False,False
SYNTHETIC DATA - NO REAL PEOPLE OR RECOVERY ANSWERS,F0003,wedding_location,False,False,False
SYNTHETIC DATA - NO REAL PEOPLE OR RECOVERY ANSWERS,F0003,street_grew_up_on,False,False,False
SYNTHETIC DATA - NO REAL PEOPLE OR RECOVERY ANSWERS,F0003,first_car_model,False,False,False
SYNTHETIC DATA - NO REAL PEOPLE OR RECOVERY ANSWERS,F0003,favorite_sports_team,False,False,False
SYNTHETIC DATA - NO REAL PEOPLE OR RECOVERY ANSWERS,F0003,favorite_food,False,False,False
SYNTHETIC DATA - NO REAL PEOPLE OR RECOVERY ANSWERS,F0004,current_employer,False,True,True
SYNTHETIC DATA - NO REAL PEOPLE OR RECOVERY ANSWERS,F0004,high_school,True,True,True
SYNTHETIC DATA - NO REAL PEOPLE OR RECOVERY ANSWERS,F0004,birth_city,True,False,False
SYNTHETIC DATA - NO REAL PEOPLE OR RECOVERY ANSWERS,F0004,mothers_maiden_name,False,False,False
SYNTHETIC DATA - NO REAL PEOPLE OR RECOVERY ANSWERS,F0004,first_pet_name,False,True,True
SYNTHETIC DATA - NO REAL PEOPLE OR RECOVERY ANSWERS,F0004,wedding_location,False,False,False
SYNTHETIC DATA - NO REAL PEOPLE OR RECOVERY ANSWERS,F0004,street_grew_up_on,False,False,False
SYNTHETIC DATA - NO REAL PEOPLE OR RECOVERY ANSWERS,F0004,first_car_model,False,True,False
SYNTHETIC DATA - NO REAL PEOPLE OR RECOVERY ANSWERS,F0004,favorite_sports_team,True,False,False
SYNTHETIC DATA - NO REAL PEOPLE OR RECOVERY ANSWERS,F0004,favorite_food,False,False,False
SYNTHETIC DATA - NO REAL PEOPLE OR RECOVERY ANSWERS,F0005,current_employer,True,True,True
SYNTHETIC DATA - NO REAL PEOPLE OR RECOVERY ANSWERS,F0005,high_school,False,True,True
SYNTHETIC DATA - NO REAL PEOPLE OR RECOVERY ANSWERS,F0005,birth_city,True,False,False
SYNTHETIC DATA - NO REAL PEOPLE OR RECOVERY ANSWERS,F0005,mothers_maiden_name,True,False,False
SYNTHETIC DATA - NO REAL PEOPLE OR RECOVERY ANSWERS,F0005,first_pet_name,True,False,False
SYNTHETIC DATA - NO REAL PEOPLE OR RECOVERY ANSWERS,F0005,wedding_location,True,False,False
SYNTHETIC DATA - NO REAL PEOPLE OR RECOVERY ANSWERS,F0005,street_grew_up_on,False,False,False
SYNTHETIC DATA - NO REAL PEOPLE OR RECOVERY ANSWERS,F0005,first_car_model,True,False,False
SYNTHETIC DATA - NO REAL PEOPLE OR RECOVERY ANSWERS,F0005,favorite_sports_team,True,True,False
SYNTHETIC DATA - NO REAL PEOPLE OR RECOVERY ANSWERS,F0005,favorite_food,False,False,False
SYNTHETIC DATA - NO REAL PEOPLE OR RECOVERY ANSWERS,F0006,current_employer,True,True,True
SYNTHETIC DATA - NO REAL PEOPLE OR RECOVERY ANSWERS,F0006,high_school,False,True,True
SYNTHETIC DATA - NO REAL PEOPLE OR RECOVERY ANSWERS,F0006,birth_city,False,True,True
SYNTHETIC DATA - NO REAL PEOPLE OR RECOVERY ANSWERS,F0006,mothers_maiden_name,False,True,True
SYNTHETIC DATA - NO REAL PEOPLE OR RECOVERY ANSWERS,F0006,first_pet_name,False,False,False
SYNTHETIC DATA - NO REAL PEOPLE OR RECOVERY ANSWERS,F0006,wedding_location,False,False,False
SYNTHETIC DATA - NO REAL PEOPLE OR RECOVERY ANSWERS,F0006,street_grew_up_on,False,False,False
SYNTHETIC DATA - NO REAL PEOPLE OR RECOVERY ANSWERS,F0006,first_car_model,False,False,False
SYNTHETIC DATA - NO REAL PEOPLE OR RECOVERY ANSWERS,F0006,favorite_sports_team,True,False,False
SYNTHETIC DATA - NO REAL PEOPLE OR RECOVERY ANSWERS,F0006,favorite_food,False,False,False
SYNTHETIC DATA - NO REAL PEOPLE OR RECOVERY ANSWERS,F0007,current_employer,False,True,True
SYNTHETIC DATA - NO REAL PEOPLE OR RECOVERY ANSWERS,F0007,high_school,True,False,False
SYNTHETIC DATA - NO REAL PEOPLE OR RECOVERY ANSWERS,F0007,birth_city,False,False,False
SYNTHETIC DATA - NO REAL PEOPLE OR RECOVERY ANSWERS,F0007,mothers_maiden_name,True,False,False
SYNTHETIC DATA - NO REAL PEOPLE OR RECOVERY ANSWERS,F0007,first_pet_name,False,True,False
SYNTHETIC DATA - NO REAL PEOPLE OR RECOVERY ANSWERS,F0007,wedding_location,False,True,True
SYNTHETIC DATA - NO REAL PEOPLE OR RECOVERY ANSWERS,F0007,street_grew_up_on,False,True,True
SYNTHETIC DATA - NO REAL PEOPLE OR RECOVERY ANSWERS,F0007,first_car_model,False,True,False
SYNTHETIC DATA - NO REAL PEOPLE OR RECOVERY ANSWERS,F0007,favorite_sports_team,False,True,True
SYNTHETIC DATA - NO REAL PEOPLE OR RECOVERY ANSWERS,F0007,favorite_food,False,False,False
SYNTHETIC DATA - NO REAL PEOPLE OR RECOVERY ANSWERS,F0008,current_employer,True,True,True
SYNTHETIC DATA - NO REAL PEOPLE OR RECOVERY ANSWERS,F0008,high_school,True,True,True
SYNTHETIC DATA - NO REAL PEOPLE OR RECOVERY ANSWERS,F0008,birth_city,False,False,False
SYNTHETIC DATA - NO REAL PEOPLE OR RECOVERY ANSWERS,F0008,mothers_maiden_name,True,True,True
SYNTHETIC DATA - NO REAL PEOPLE OR RECOVERY ANSWERS,F0008,first_pet_name,False,True,True
SYNTHETIC DATA - NO REAL PEOPLE OR RECOVERY ANSWERS,F0008,wedding_location,False,True,True
SYNTHETIC DATA - NO REAL PEOPLE OR RECOVERY ANSWERS,F0008,street_grew_up_on,False,True,True
SYNTHETIC DATA - NO REAL PEOPLE OR RECOVERY ANSWERS,F0008,first_car_model,False,False,False
SYNTHETIC DATA - NO REAL PEOPLE OR RECOVERY ANSWERS,F0008,favorite_sports_team,False,False,False
SYNTHETIC DATA - NO REAL PEOPLE OR RECOVERY ANSWERS,F0008,favorite_food,True,True,True
SYNTHETIC DATA - NO REAL PEOPLE OR RECOVERY ANSWERS,F0009,current_employer,False,True,True
SYNTHETIC DATA - NO REAL PEOPLE OR RECOVERY ANSWERS,F0009,high_school,False,True,True
SYNTHETIC DATA - NO REAL PEOPLE OR RECOVERY ANSWERS,F0009,birth_city,True,True,True
SYNTHETIC DATA - NO REAL PEOPLE OR RECOVERY ANSWERS,F0009,mothers_maiden_name,False,False,False
SYNTHETIC DATA - NO REAL PEOPLE OR RECOVERY ANSWERS,F0009,first_pet_name,True,False,False
SYNTHETIC DATA - NO REAL PEOPLE OR RECOVERY ANSWERS,F0009,wedding_location,False,False,False
SYNTHETIC DATA - NO REAL PEOPLE OR RECOVERY ANSWERS,F0009,street_grew_up_on,False,False,False
SYNTHETIC DATA - NO REAL PEOPLE OR RECOVERY ANSWERS,F0009,first_car_model,False,False,False
SYNTHETIC DATA - NO REAL PEOPLE OR RECOVERY ANSWERS,F0009,favorite_sports_team,False,True,False
SYNTHETIC DATA - NO REAL PEOPLE OR RECOVERY ANSWERS,F0009,favorite_food,False,False,False
SYNTHETIC DATA - NO REAL PEOPLE OR RECOVERY ANSWERS,F0010,current_employer,True,True,True
SYNTHETIC DATA - NO REAL PEOPLE OR RECOVERY ANSWERS,F0010,high_school,True,False,False
SYNTHETIC DATA - NO REAL PEOPLE OR RECOVERY ANSWERS,F0010,birth_city,True,False,False
SYNTHETIC DATA - NO REAL PEOPLE OR RECOVERY ANSWERS,F0010,mothers_maiden_name,True,False,False
SYNTHETIC DATA - NO REAL PEOPLE OR RECOVERY ANSWERS,F0010,first_pet_name,False,False,False
SYNTHETIC DATA - NO REAL PEOPLE OR RECOVERY ANSWERS,F0010,wedding_location,False,True,False
SYNTHETIC DATA - NO REAL PEOPLE OR RECOVERY ANSWERS,F0010,street_grew_up_on,False,False,False
SYNTHETIC DATA - NO REAL PEOPLE OR RECOVERY ANSWERS,F0010,first_car_model,False,True,True
SYNTHETIC DATA - NO REAL PEOPLE OR RECOVERY ANSWERS,F0010,favorite_sports_team,True,False,False
SYNTHETIC DATA - NO REAL PEOPLE OR RECOVERY ANSWERS,F0010,favorite_food,False,False,False
SYNTHETIC DATA - NO REAL PEOPLE OR RECOVERY ANSWERS,F0011,current_employer,True,True,True
SYNTHETIC DATA - NO REAL PEOPLE OR RECOVERY ANSWERS,F0011,high_school,False,True,True
SYNTHETIC DATA - NO REAL PEOPLE OR RECOVERY ANSWERS,F0011,birth_city,True,False,False
SYNTHETIC DATA - NO REAL PEOPLE OR RECOVERY ANSWERS,F0011,mothers_maiden_name,False,False,False
SYNTHETIC DATA - NO REAL PEOPLE OR RECOVERY ANSWERS,F0011,first_pet_name,False,True,True
SYNTHETIC DATA - NO REAL PEOPLE OR RECOVERY ANSWERS,F0011,wedding_location,False,False,False
SYNTHETIC DATA - NO REAL PEOPLE OR RECOVERY ANSWERS,F0011,street_grew_up_on,False,False,False
SYNTHETIC DATA - NO REAL PEOPLE OR RECOVERY ANSWERS,F0011,first_car_model,True,True,True
SYNTHETIC DATA - NO REAL PEOPLE OR RECOVERY ANSWERS,F0011,favorite_sports_team,True,False,False
SYNTHETIC DATA - NO REAL PEOPLE OR RECOVERY ANSWERS,F0011,favorite_food,False,False,False
SYNTHETIC DATA - NO REAL PEOPLE OR RECOVERY ANSWERS,F0012,current_employer,True,False,False
SYNTHETIC DATA - NO REAL PEOPLE OR RECOVERY ANSWERS,F0012,high_school,True,True,True
SYNTHETIC DATA - NO REAL PEOPLE OR RECOVERY ANSWERS,F0012,birth_city,True,False,False
SYNTHETIC DATA - NO REAL PEOPLE OR RECOVERY ANSWERS,F0012,mothers_maiden_name,True,True,True
SYNTHETIC DATA - NO REAL PEOPLE OR RECOVERY ANSWERS,F0012,first_pet_name,False,False,False
SYNTHETIC DATA - NO REAL PEOPLE OR RECOVERY ANSWERS,F0012,wedding_location,False,False,False
SYNTHETIC DATA - NO REAL PEOPLE OR RECOVERY ANSWERS,F0012,street_grew_up_on,False,False,False
SYNTHETIC DATA - NO REAL PEOPLE OR RECOVERY ANSWERS,F0012,first_car_model,True,True,False
SYNTHETIC DATA - NO REAL PEOPLE OR RECOVERY ANSWERS,F0012,favorite_sports_team,False,True,True
SYNTHETIC DATA - NO REAL PEOPLE OR RECOVERY ANSWERS,F0012,favorite_food,False,False,False
SYNTHETIC DATA - NO REAL PEOPLE OR RECOVERY ANSWERS,F0013,current_employer,True,True,True
SYNTHETIC DATA - NO REAL PEOPLE OR RECOVERY ANSWERS,F0013,high_school,True,True,True
SYNTHETIC DATA - NO REAL PEOPLE OR RECOVERY ANSWERS,F0013,birth_city,False,True,True
SYNTHETIC DATA - NO REAL PEOPLE OR RECOVERY ANSWERS,F0013,mothers_maiden_name,False,True,True
SYNTHETIC DATA - NO REAL PEOPLE OR RECOVERY ANSWERS,F0013,first_pet_name,False,False,False
SYNTHETIC DATA - NO REAL PEOPLE OR RECOVERY ANSWERS,F0013,wedding_location,False,True,True
SYNTHETIC DATA - NO REAL PEOPLE OR RECOVERY ANSWERS,F0013,street_grew_up_on,False,True,False
SYNTHETIC DATA - NO REAL PEOPLE OR RECOVERY ANSWERS,F0013,first_car_model,False,False,False
SYNTHETIC DATA - NO REAL PEOPLE OR RECOVERY ANSWERS,F0013,favorite_sports_team,True,False,False
SYNTHETIC DATA - NO REAL PEOPLE OR RECOVERY ANSWERS,F0013,favorite_food,False,False,False
SYNTHETIC DATA - NO REAL PEOPLE OR RECOVERY ANSWERS,F0014,current_employer,False,True,True
SYNTHETIC DATA - NO REAL PEOPLE OR RECOVERY ANSWERS,F0014,high_school,False,True,True
SYNTHETIC DATA - NO REAL PEOPLE OR RECOVERY ANSWERS,F0014,birth_city,True,True,True
SYNTHETIC DATA - NO REAL PEOPLE OR RECOVERY ANSWERS,F0014,mothers_maiden_name,True,False,False
SYNTHETIC DATA - NO REAL PEOPLE OR RECOVERY ANSWERS,F0014,first_pet_name,False,False,False
SYNTHETIC DATA - NO REAL PEOPLE OR RECOVERY ANSWERS,F0014,wedding_location,True,False,False
SYNTHETIC DATA - NO REAL PEOPLE OR RECOVERY ANSWERS,F0014,street_grew_up_on,False,False,False
SYNTHETIC DATA - NO REAL PEOPLE OR RECOVERY ANSWERS,F0014,first_car_model,True,True,False
SYNTHETIC DATA - NO REAL PEOPLE OR RECOVERY ANSWERS,F0014,favorite_sports_team,True,False,False
SYNTHETIC DATA - NO REAL PEOPLE OR RECOVERY ANSWERS,F0014,favorite_food,False,False,False
SYNTHETIC DATA - NO REAL PEOPLE OR RECOVERY ANSWERS,F0015,current_employer,False,True,False
SYNTHETIC DATA - NO REAL PEOPLE OR RECOVERY ANSWERS,F0015,high_school,True,True,True
SYNTHETIC DATA - NO REAL PEOPLE OR RECOVERY ANSWERS,F0015,birth_city,True,True,True
SYNTHETIC DATA - NO REAL PEOPLE OR RECOVERY ANSWERS,F0015,mothers_maiden_name,True,False,False
SYNTHETIC DATA - NO REAL PEOPLE OR RECOVERY ANSWERS,F0015,first_pet_name,False,False,False
SYNTHETIC DATA - NO REAL PEOPLE OR RECOVERY ANSWERS,F0015,wedding_location,True,False,False
SYNTHETIC DATA - NO REAL PEOPLE OR RECOVERY ANSWERS,F0015,street_grew_up_on,False,False,False
SYNTHETIC DATA - NO REAL PEOPLE OR RECOVERY ANSWERS,F0015,first_car_model,False,False,False
SYNTHETIC DATA - NO REAL PEOPLE OR RECOVERY ANSWERS,F0015,favorite_sports_team,True,False,False
SYNTHETIC DATA - NO REAL PEOPLE OR RECOVERY ANSWERS,F0015,favorite_food,False,False,False
SYNTHETIC DATA - NO REAL PEOPLE OR RECOVERY ANSWERS,F0016,current_employer,True,True,True
SYNTHETIC DATA - NO REAL PEOPLE OR RECOVERY ANSWERS,F0016,high_school,True,False,False
SYNTHETIC DATA - NO REAL PEOPLE OR RECOVERY ANSWERS,F0016,birth_city,False,False,False
SYNTHETIC DATA - NO REAL PEOPLE OR RECOVERY ANSWERS,F0016,mothers_maiden_name,False,False,False
SYNTHETIC DATA - NO REAL PEOPLE OR RECOVERY ANSWERS,F0016,first_pet_name,False,False,False
SYNTHETIC DATA - NO REAL PEOPLE OR RECOVERY ANSWERS,F0016,wedding_location,False,True,True
SYNTHETIC DATA - NO REAL PEOPLE OR RECOVERY ANSWERS,F0016,street_grew_up_on,True,True,True
SYNTHETIC DATA - NO REAL PEOPLE OR RECOVERY ANSWERS,F0016,first_car_model,False,True,True
SYNTHETIC DATA - NO REAL PEOPLE OR RECOVERY ANSWERS,F0016,favorite_sports_team,False,True,False
SYNTHETIC DATA - NO REAL PEOPLE OR RECOVERY ANSWERS,F0016,favorite_food,False,True,True
SYNTHETIC DATA - NO REAL PEOPLE OR RECOVERY ANSWERS,F0017,current_employer,True,True,True
SYNTHETIC DATA - NO REAL PEOPLE OR RECOVERY ANSWERS,F0017,high_school,False,True,True
SYNTHETIC DATA - NO REAL PEOPLE OR RECOVERY ANSWERS,F0017,birth_city,True,True,True
SYNTHETIC DATA - NO REAL PEOPLE OR RECOVERY ANSWERS,F0017,mothers_maiden_name,True,False,False
SYNTHETIC DATA - NO REAL PEOPLE OR RECOVERY ANSWERS,F0017,first_pet_name,False,True,False
SYNTHETIC DATA - NO REAL PEOPLE OR RECOVERY ANSWERS,F0017,wedding_location,False,False,False
SYNTHETIC DATA - NO REAL PEOPLE OR RECOVERY ANSWERS,F0017,street_grew_up_on,False,False,False
SYNTHETIC DATA - NO REAL PEOPLE OR RECOVERY ANSWERS,F0017,first_car_model,False,True,False
SYNTHETIC DATA - NO REAL PEOPLE OR RECOVERY ANSWERS,F0017,favorite_sports_team,False,False,False
SYNTHETIC DATA - NO REAL PEOPLE OR RECOVERY ANSWERS,F0017,favorite_food,False,False,False
SYNTHETIC DATA - NO REAL PEOPLE OR RECOVERY ANSWERS,F0018,current_employer,True,True,True
SYNTHETIC DATA - NO REAL PEOPLE OR RECOVERY ANSWERS,F0018,high_school,False,False,False
SYNTHETIC DATA - NO REAL PEOPLE OR RECOVERY ANSWERS,F0018,birth_city,False,True,True
SYNTHETIC DATA - NO REAL PEOPLE OR RECOVERY ANSWERS,F0018,mothers_maiden_name,False,True,True
SYNTHETIC DATA - NO REAL PEOPLE OR RECOVERY ANSWERS,F0018,first_pet_name,False,False,False
SYNTHETIC DATA - NO REAL PEOPLE OR RECOVERY ANSWERS,F0018,wedding_location,True,False,False
SYNTHETIC DATA - NO REAL PEOPLE OR RECOVERY ANSWERS,F0018,street_grew_up_on,False,False,False
SYNTHETIC DATA - NO REAL PEOPLE OR RECOVERY ANSWERS,F0018,first_car_model,False,False,False
SYNTHETIC DATA - NO REAL PEOPLE OR RECOVERY ANSWERS,F0018,favorite_sports_team,False,False,False
SYNTHETIC DATA - NO REAL PEOPLE OR RECOVERY ANSWERS,F0018,favorite_food,False,False,False
SYNTHETIC DATA - NO REAL PEOPLE OR RECOVERY ANSWERS,F0019,current_employer,True,False,False
SYNTHETIC DATA - NO REAL PEOPLE OR RECOVERY ANSWERS,F0019,high_school,True,True,True
SYNTHETIC DATA - NO REAL PEOPLE OR RECOVERY ANSWERS,F0019,birth_city,False,False,False
SYNTHETIC DATA - NO REAL PEOPLE OR RECOVERY ANSWERS,F0019,mothers_maiden_name,False,False,False
SYNTHETIC DATA - NO REAL PEOPLE OR RECOVERY ANSWERS,F0019,first_pet_name,False,True,True
SYNTHETIC DATA - NO REAL PEOPLE OR RECOVERY ANSWERS,F0019,wedding_location,False,True,True
SYNTHETIC DATA - NO REAL PEOPLE OR RECOVERY ANSWERS,F0019,street_grew_up_on,False,True,True
SYNTHETIC DATA - NO REAL PEOPLE OR RECOVERY ANSWERS,F0019,first_car_model,False,False,False
SYNTHETIC DATA - NO REAL PEOPLE OR RECOVERY ANSWERS,F0019,favorite_sports_team,False,False,False
SYNTHETIC DATA - NO REAL PEOPLE OR RECOVERY ANSWERS,F0019,favorite_food,False,False,False
SYNTHETIC DATA - NO REAL PEOPLE OR RECOVERY ANSWERS,F0020,current_employer,True,True,True
SYNTHETIC DATA - NO REAL PEOPLE OR RECOVERY ANSWERS,F0020,high_school,False,True,False
SYNTHETIC DATA - NO REAL PEOPLE OR RECOVERY ANSWERS,F0020,birth_city,True,True,True
SYNTHETIC DATA - NO REAL PEOPLE OR RECOVERY ANSWERS,F0020,mothers_maiden_name,False,False,False
SYNTHETIC DATA - NO REAL PEOPLE OR RECOVERY ANSWERS,F0020,first_pet_name,True,False,False
SYNTHETIC DATA - NO REAL PEOPLE OR RECOVERY ANSWERS,F0020,wedding_location,False,False,False
SYNTHETIC DATA - NO REAL PEOPLE OR RECOVERY ANSWERS,F0020,street_grew_up_on,False,False,False
SYNTHETIC DATA - NO REAL PEOPLE OR RECOVERY ANSWERS,F0020,first_car_model,False,False,False
SYNTHETIC DATA - NO REAL PEOPLE OR RECOVERY ANSWERS,F0020,favorite_sports_team,True,False,False
SYNTHETIC DATA - NO REAL PEOPLE OR RECOVERY ANSWERS,F0020,favorite_food,False,False,False
SYNTHETIC DATA - NO REAL PEOPLE OR RECOVERY ANSWERS,F0021,current_employer,False,True,True
SYNTHETIC DATA - NO REAL PEOPLE OR RECOVERY ANSWERS,F0021,high_school,True,False,False
SYNTHETIC DATA - NO REAL PEOPLE OR RECOVERY ANSWERS,F0021,birth_city,False,True,True
SYNTHETIC DATA - NO REAL PEOPLE OR RECOVERY ANSWERS,F0021,mothers_maiden_name,False,False,False
SYNTHETIC DATA - NO REAL PEOPLE OR RECOVERY ANSWERS,F0021,first_pet_name,False,False,False
SYNTHETIC DATA - NO REAL PEOPLE OR RECOVERY ANSWERS,F0021,wedding_location,True,False,False
SYNTHETIC DATA - NO REAL PEOPLE OR RECOVERY ANSWERS,F0021,street_grew_up_on,False,True,True
SYNTHETIC DATA - NO REAL PEOPLE OR RECOVERY ANSWERS,F0021,first_car_model,False,False,False
SYNTHETIC DATA - NO REAL PEOPLE OR RECOVERY ANSWERS,F0021,favorite_sports_team,True,True,False
SYNTHETIC DATA - NO REAL PEOPLE OR RECOVERY ANSWERS,F0021,favorite_food,False,True,True
SYNTHETIC DATA - NO REAL PEOPLE OR RECOVERY ANSWERS,F0022,current_employer,True,True,True
SYNTHETIC DATA - NO REAL PEOPLE OR RECOVERY ANSWERS,F0022,high_school,True,False,False
SYNTHETIC DATA - NO REAL PEOPLE OR RECOVERY ANSWERS,F0022,birth_city,True,True,True
SYNTHETIC DATA - NO REAL PEOPLE OR RECOVERY ANSWERS,F0022,mothers_maiden_name,False,False,False
SYNTHETIC DATA - NO REAL PEOPLE OR RECOVERY ANSWERS,F0022,first_pet_name,False,False,False
SYNTHETIC DATA - NO REAL PEOPLE OR RECOVERY ANSWERS,F0022,wedding_location,False,True,True
SYNTHETIC DATA - NO REAL PEOPLE OR RECOVERY ANSWERS,F0022,street_grew_up_on,False,False,False
SYNTHETIC DATA - NO REAL PEOPLE OR RECOVERY ANSWERS,F0022,first_car_model,False,False,False
SYNTHETIC DATA - NO REAL PEOPLE OR RECOVERY ANSWERS,F0022,favorite_sports_team,False,True,True
SYNTHETIC DATA - NO REAL PEOPLE OR RECOVERY ANSWERS,F0022,favorite_food,False,False,False
SYNTHETIC DATA - NO REAL PEOPLE OR RECOVERY ANSWERS,F0023,current_employer,True,True,True
SYNTHETIC DATA - NO REAL PEOPLE OR RECOVERY ANSWERS,F0023,high_school,False,True,False
SYNTHETIC DATA - NO REAL PEOPLE OR RECOVERY ANSWERS,F0023,birth_city,True,True,True
SYNTHETIC DATA - NO REAL PEOPLE OR RECOVERY ANSWERS,F0023,mothers_maiden_name,False,False,False
SYNTHETIC DATA - NO REAL PEOPLE OR RECOVERY ANSWERS,F0023,first_pet_name,False,False,False
SYNTHETIC DATA - NO REAL PEOPLE OR RECOVERY ANSWERS,F0023,wedding_location,False,True,True
SYNTHETIC DATA - NO REAL PEOPLE OR RECOVERY ANSWERS,F0023,street_grew_up_on,False,False,False
SYNTHETIC DATA - NO REAL PEOPLE OR RECOVERY ANSWERS,F0023,first_car_model,False,False,False
SYNTHETIC DATA - NO REAL PEOPLE OR RECOVERY ANSWERS,F0023,favorite_sports_team,False,False,False
SYNTHETIC DATA - NO REAL PEOPLE OR RECOVERY ANSWERS,F0023,favorite_food,False,False,False
SYNTHETIC DATA - NO REAL PEOPLE OR RECOVERY ANSWERS,F0024,current_employer,True,True,True
SYNTHETIC DATA - NO REAL PEOPLE OR RECOVERY ANSWERS,F0024,high_school,False,True,True
SYNTHETIC DATA - NO REAL PEOPLE OR RECOVERY ANSWERS,F0024,birth_city,True,False,False
SYNTHETIC DATA - NO REAL PEOPLE OR RECOVERY ANSWERS,F0024,mothers_maiden_name,False,True,True
SYNTHETIC DATA - NO REAL PEOPLE OR RECOVERY ANSWERS,F0024,first_pet_name,False,False,False
SYNTHETIC DATA - NO REAL PEOPLE OR RECOVERY ANSWERS,F0024,wedding_location,False,False,False
SYNTHETIC DATA - NO REAL PEOPLE OR RECOVERY ANSWERS,F0024,street_grew_up_on,True,False,False
SYNTHETIC DATA - NO REAL PEOPLE OR RECOVERY ANSWERS,F0024,first_car_model,False,False,False
SYNTHETIC DATA - NO REAL PEOPLE OR RECOVERY ANSWERS,F0024,favorite_sports_team,False,True,True
SYNTHETIC DATA - NO REAL PEOPLE OR RECOVERY ANSWERS,F0024,favorite_food,False,False,False
SYNTHETIC DATA - NO REAL PEOPLE OR RECOVERY ANSWERS,F0025,current_employer,True,False,False
SYNTHETIC DATA - NO REAL PEOPLE OR RECOVERY ANSWERS,F0025,high_school,False,True,True
SYNTHETIC DATA - NO REAL PEOPLE OR RECOVERY ANSWERS,F0025,birth_city,True,False,False
SYNTHETIC DATA - NO REAL PEOPLE OR RECOVERY ANSWERS,F0025,mothers_maiden_name,False,False,False
SYNTHETIC DATA - NO REAL PEOPLE OR RECOVERY ANSWERS,F0025,first_pet_name,False,False,False
SYNTHETIC DATA - NO REAL PEOPLE OR RECOVERY ANSWERS,F0025,wedding_location,False,False,False
SYNTHETIC DATA - NO REAL PEOPLE OR RECOVERY ANSWERS,F0025,street_grew_up_on,False,False,False
SYNTHETIC DATA - NO REAL PEOPLE OR RECOVERY ANSWERS,F0025,first_car_model,False,False,False
SYNTHETIC DATA - NO REAL PEOPLE OR RECOVERY ANSWERS,F0025,favorite_sports_team,True,False,False
SYNTHETIC DATA - NO REAL PEOPLE OR RECOVERY ANSWERS,F0025,favorite_food,False,False,False
SYNTHETIC DATA - NO REAL PEOPLE OR RECOVERY ANSWERS,F0026,current_employer,False,False,False
SYNTHETIC DATA - NO REAL PEOPLE OR RECOVERY ANSWERS,F0026,high_school,True,True,True
SYNTHETIC DATA - NO REAL PEOPLE OR RECOVERY ANSWERS,F0026,birth_city,True,True,True
SYNTHETIC DATA - NO REAL PEOPLE OR RECOVERY ANSWERS,F0026,mothers_maiden_name,False,False,False
SYNTHETIC DATA - NO REAL PEOPLE OR RECOVERY ANSWERS,F0026,first_pet_name,False,True,False
SYNTHETIC DATA - NO REAL PEOPLE OR RECOVERY ANSWERS,F0026,wedding_location,True,False,False
SYNTHETIC DATA - NO REAL PEOPLE OR RECOVERY ANSWERS,F0026,street_grew_up_on,False,True,False
SYNTHETIC DATA - NO REAL PEOPLE OR RECOVERY ANSWERS,F0026,first_car_model,False,False,False
SYNTHETIC DATA - NO REAL PEOPLE OR RECOVERY ANSWERS,F0026,favorite_sports_team,True,False,False
SYNTHETIC DATA - NO REAL PEOPLE OR RECOVERY ANSWERS,F0026,favorite_food,False,False,False
SYNTHETIC DATA - NO REAL PEOPLE OR RECOVERY ANSWERS,F0027,current_employer,False,False,False
SYNTHETIC DATA - NO REAL PEOPLE OR RECOVERY ANSWERS,F0027,high_school,False,True,False
SYNTHETIC DATA - NO REAL PEOPLE OR RECOVERY ANSWERS,F0027,birth_city,False,True,False
SYNTHETIC DATA - NO REAL PEOPLE OR RECOVERY ANSWERS,F0027,mothers_maiden_name,False,True,True
SYNTHETIC DATA - NO REAL PEOPLE OR RECOVERY ANSWERS,F0027,first_pet_name,False,True,True
SYNTHETIC DATA - NO REAL PEOPLE OR RECOVERY ANSWERS,F0027,wedding_location,False,True,True
SYNTHETIC DATA - NO REAL PEOPLE OR RECOVERY ANSWERS,F0027,street_grew_up_on,False,False,False
SYNTHETIC DATA - NO REAL PEOPLE OR RECOVERY ANSWERS,F0027,first_car_model,False,False,False
SYNTHETIC DATA - NO REAL PEOPLE OR RECOVERY ANSWERS,F0027,favorite_sports_team,False,False,False
SYNTHETIC DATA - NO REAL PEOPLE OR RECOVERY ANSWERS,F0027,favorite_food,False,False,False
SYNTHETIC DATA - NO REAL PEOPLE OR RECOVERY ANSWERS,F0028,current_employer,False,True,True
SYNTHETIC DATA - NO REAL PEOPLE OR RECOVERY ANSWERS,F0028,high_school,False,True,True
SYNTHETIC DATA - NO REAL PEOPLE OR RECOVERY ANSWERS,F0028,birth_city,False,True,True
SYNTHETIC DATA - NO REAL PEOPLE OR RECOVERY ANSWERS,F0028,mothers_maiden_name,False,True,True
SYNTHETIC DATA - NO REAL PEOPLE OR RECOVERY ANSWERS,F0028,first_pet_name,False,True,True
SYNTHETIC DATA - NO REAL PEOPLE OR RECOVERY ANSWERS,F0028,wedding_location,False,False,False
SYNTHETIC DATA - NO REAL PEOPLE OR RECOVERY ANSWERS,F0028,street_grew_up_on,True,True,True
SYNTHETIC DATA - NO REAL PEOPLE OR RECOVERY ANSWERS,F0028,first_car_model,False,True,True
SYNTHETIC DATA - NO REAL PEOPLE OR RECOVERY ANSWERS,F0028,favorite_sports_team,False,False,False
SYNTHETIC DATA - NO REAL PEOPLE OR RECOVERY ANSWERS,F0028,favorite_food,False,False,False
SYNTHETIC DATA - NO REAL PEOPLE OR RECOVERY ANSWERS,F0029,current_employer,False,True,True
SYNTHETIC DATA - NO REAL PEOPLE OR RECOVERY ANSWERS,F0029,high_school,False,True,False
SYNTHETIC DATA - NO REAL PEOPLE OR RECOVERY ANSWERS,F0029,birth_city,False,True,True
SYNTHETIC DATA - NO REAL PEOPLE OR RECOVERY ANSWERS,F0029,mothers_maiden_name,True,False,False
SYNTHETIC DATA - NO REAL PEOPLE OR RECOVERY ANSWERS,F0029,first_pet_name,False,True,True
SYNTHETIC DATA - NO REAL PEOPLE OR RECOVERY ANSWERS,F0029,wedding_location,False,False,False
SYNTHETIC DATA - NO REAL PEOPLE OR RECOVERY ANSWERS,F0029,street_grew_up_on,True,False,False
SYNTHETIC DATA - NO REAL PEOPLE OR RECOVERY ANSWERS,F0029,first_car_model,False,False,False
SYNTHETIC DATA - NO REAL PEOPLE OR RECOVERY ANSWERS,F0029,favorite_sports_team,True,False,False
SYNTHETIC DATA - NO REAL PEOPLE OR RECOVERY ANSWERS,F0029,favorite_food,False,False,False
SYNTHETIC DATA - NO REAL PEOPLE OR RECOVERY ANSWERS,F0030,current_employer,False,True,False
SYNTHETIC DATA - NO REAL PEOPLE OR RECOVERY ANSWERS,F0030,high_school,True,False,False
SYNTHETIC DATA - NO REAL PEOPLE OR RECOVERY ANSWERS,F0030,birth_city,False,False,False
SYNTHETIC DATA - NO REAL PEOPLE OR RECOVERY ANSWERS,F0030,mothers_maiden_name,False,False,False
SYNTHETIC DATA - NO REAL PEOPLE OR RECOVERY ANSWERS,F0030,first_pet_name,False,True,True
SYNTHETIC DATA - NO REAL PEOPLE OR RECOVERY ANSWERS,F0030,wedding_location,True,False,False
SYNTHETIC DATA - NO REAL PEOPLE OR RECOVERY ANSWERS,F0030,street_grew_up_on,False,False,False
SYNTHETIC DATA - NO REAL PEOPLE OR RECOVERY ANSWERS,F0030,first_car_model,False,False,False
SYNTHETIC DATA - NO REAL PEOPLE OR RECOVERY ANSWERS,F0030,favorite_sports_team,True,True,False
SYNTHETIC DATA - NO REAL PEOPLE OR RECOVERY ANSWERS,F0030,favorite_food,False,False,False
SYNTHETIC DATA - NO REAL PEOPLE OR RECOVERY ANSWERS,F0031,current_employer,False,True,True
SYNTHETIC DATA - NO REAL PEOPLE OR RECOVERY ANSWERS,F0031,high_school,True,True,True
SYNTHETIC DATA - NO REAL PEOPLE OR RECOVERY ANSWERS,F0031,birth_city,False,False,False
SYNTHETIC DATA - NO REAL PEOPLE OR RECOVERY ANSWERS,F0031,mothers_maiden_name,False,False,False
SYNTHETIC DATA - NO REAL PEOPLE OR RECOVERY ANSWERS,F0031,first_pet_name,False,True,True
SYNTHETIC DATA - NO REAL PEOPLE OR RECOVERY ANSWERS,F0031,wedding_location,False,True,True
SYNTHETIC DATA - NO REAL PEOPLE OR RECOVERY ANSWERS,F0031,street_grew_up_on,False,False,False
SYNTHETIC DATA - NO REAL PEOPLE OR RECOVERY ANSWERS,F0031,first_car_model,True,True,True
SYNTHETIC DATA - NO REAL PEOPLE OR RECOVERY ANSWERS,F0031,favorite_sports_team,False,False,False
SYNTHETIC DATA - NO REAL PEOPLE OR RECOVERY ANSWERS,F0031,favorite_food,False,False,False
SYNTHETIC DATA - NO REAL PEOPLE OR RECOVERY ANSWERS,F0032,current_employer,True,True,True
SYNTHETIC DATA - NO REAL PEOPLE OR RECOVERY ANSWERS,F0032,high_school,True,True,True
SYNTHETIC DATA - NO REAL PEOPLE OR RECOVERY ANSWERS,F0032,birth_city,False,False,False
SYNTHETIC DATA - NO REAL PEOPLE OR RECOVERY ANSWERS,F0032,mothers_maiden_name,True,False,False
SYNTHETIC DATA - NO REAL PEOPLE OR RECOVERY ANSWERS,F0032,first_pet_name,False,False,False
SYNTHETIC DATA - NO REAL PEOPLE OR RECOVERY ANSWERS,F0032,wedding_location,False,True,True
SYNTHETIC DATA - NO REAL PEOPLE OR RECOVERY ANSWERS,F0032,street_grew_up_on,False,True,True
SYNTHETIC DATA - NO REAL PEOPLE OR RECOVERY ANSWERS,F0032,first_car_model,False,False,False
SYNTHETIC DATA - NO REAL PEOPLE OR RECOVERY ANSWERS,F0032,favorite_sports_team,False,False,False
SYNTHETIC DATA - NO REAL PEOPLE OR RECOVERY ANSWERS,F0032,favorite_food,False,False,False
SYNTHETIC DATA - NO REAL PEOPLE OR RECOVERY ANSWERS,F0033,current_employer,True,False,False
SYNTHETIC DATA - NO REAL PEOPLE OR RECOVERY ANSWERS,F0033,high_school,True,True,True
SYNTHETIC DATA - NO REAL PEOPLE OR RECOVERY ANSWERS,F0033,birth_city,True,True,False
SYNTHETIC DATA - NO REAL PEOPLE OR RECOVERY ANSWERS,F0033,mothers_maiden_name,False,False,False
SYNTHETIC DATA - NO REAL PEOPLE OR RECOVERY ANSWERS,F0033,first_pet_name,True,False,False
SYNTHETIC DATA - NO REAL PEOPLE OR RECOVERY ANSWERS,F0033,wedding_location,False,True,True
SYNTHETIC DATA - NO REAL PEOPLE OR RECOVERY ANSWERS,F0033,street_grew_up_on,False,False,False
SYNTHETIC DATA - NO REAL PEOPLE OR RECOVERY ANSWERS,F0033,first_car_model,False,False,False
SYNTHETIC DATA - NO REAL PEOPLE OR RECOVERY ANSWERS,F0033,favorite_sports_team,True,True,False
SYNTHETIC DATA - NO REAL PEOPLE OR RECOVERY ANSWERS,F0033,favorite_food,True,False,False
SYNTHETIC DATA - NO REAL PEOPLE OR RECOVERY ANSWERS,F0034,current_employer,True,True,True
SYNTHETIC DATA - NO REAL PEOPLE OR RECOVERY ANSWERS,F0034,high_school,True,True,False
SYNTHETIC DATA - NO REAL PEOPLE OR RECOVERY ANSWERS,F0034,birth_city,True,False,False
SYNTHETIC DATA - NO REAL PEOPLE OR RECOVERY ANSWERS,F0034,mothers_maiden_name,False,True,True
SYNTHETIC DATA - NO REAL PEOPLE OR RECOVERY ANSWERS,F0034,first_pet_name,False,False,False
SYNTHETIC DATA - NO REAL PEOPLE OR RECOVERY ANSWERS,F0034,wedding_location,False,False,False
SYNTHETIC DATA - NO REAL PEOPLE OR RECOVERY ANSWERS,F0034,street_grew_up_on,False,False,False
SYNTHETIC DATA - NO REAL PEOPLE OR RECOVERY ANSWERS,F0034,first_car_model,False,False,False
SYNTHETIC DATA - NO REAL PEOPLE OR RECOVERY ANSWERS,F0034,favorite_sports_team,False,False,False
SYNTHETIC DATA - NO REAL PEOPLE OR RECOVERY ANSWERS,F0034,favorite_food,False,False,False
SYNTHETIC DATA - NO REAL PEOPLE OR RECOVERY ANSWERS,F0035,current_employer,True,True,True
SYNTHETIC DATA - NO REAL PEOPLE OR RECOVERY ANSWERS,F0035,high_school,True,True,True
SYNTHETIC DATA - NO REAL PEOPLE OR RECOVERY ANSWERS,F0035,birth_city,False,True,True
SYNTHETIC DATA - NO REAL PEOPLE OR RECOVERY ANSWERS,F0035,mothers_maiden_name,True,True,True
SYNTHETIC DATA - NO REAL PEOPLE OR RECOVERY ANSWERS,F0035,first_pet_name,False,False,False
SYNTHETIC DATA - NO REAL PEOPLE OR RECOVERY ANSWERS,F0035,wedding_location,False,True,True
SYNTHETIC DATA - NO REAL PEOPLE OR RECOVERY ANSWERS,F0035,street_grew_up_on,False,True,False
SYNTHETIC DATA - NO REAL PEOPLE OR RECOVERY ANSWERS,F0035,first_car_model,False,False,False
SYNTHETIC DATA - NO REAL PEOPLE OR RECOVERY ANSWERS,F0035,favorite_sports_team,False,True,True
SYNTHETIC DATA - NO REAL PEOPLE OR RECOVERY ANSWERS,F0035,favorite_food,False,False,False
SYNTHETIC DATA - NO REAL PEOPLE OR RECOVERY ANSWERS,F0036,current_employer,True,True,True
SYNTHETIC DATA - NO REAL PEOPLE OR RECOVERY ANSWERS,F0036,high_school,False,True,True
SYNTHETIC DATA - NO REAL PEOPLE OR RECOVERY ANSWERS,F0036,birth_city,False,True,True
SYNTHETIC DATA - NO REAL PEOPLE OR RECOVERY ANSWERS,F0036,mothers_maiden_name,False,True,True
SYNTHETIC DATA - NO REAL PEOPLE OR RECOVERY ANSWERS,F0036,first_pet_name,False,False,False
SYNTHETIC DATA - NO REAL PEOPLE OR RECOVERY ANSWERS,F0036,wedding_location,False,True,False
SYNTHETIC DATA - NO REAL PEOPLE OR RECOVERY ANSWERS,F0036,street_grew_up_on,False,True,True
SYNTHETIC DATA - NO REAL PEOPLE OR RECOVERY ANSWERS,F0036,first_car_model,True,True,True
SYNTHETIC DATA - NO REAL PEOPLE OR RECOVERY ANSWERS,F0036,favorite_sports_team,False,False,False
SYNTHETIC DATA - NO REAL PEOPLE OR RECOVERY ANSWERS,F0036,favorite_food,False,False,False
SYNTHETIC DATA - NO REAL PEOPLE OR RECOVERY ANSWERS,F0037,current_employer,False,True,True
SYNTHETIC DATA - NO REAL PEOPLE OR RECOVERY ANSWERS,F0037,high_school,False,True,False
SYNTHETIC DATA - NO REAL PEOPLE OR RECOVERY ANSWERS,F0037,birth_city,False,False,False
SYNTHETIC DATA - NO REAL PEOPLE OR RECOVERY ANSWERS,F0037,mothers_maiden_name,False,True,True
SYNTHETIC DATA - NO REAL PEOPLE OR RECOVERY ANSWERS,F0037,first_pet_name,True,False,False
SYNTHETIC DATA - NO REAL PEOPLE OR RECOVERY ANSWERS,F0037,wedding_location,False,False,False
SYNTHETIC DATA - NO REAL PEOPLE OR RECOVERY ANSWERS,F0037,street_grew_up_on,True,False,False
SYNTHETIC DATA - NO REAL PEOPLE OR RECOVERY ANSWERS,F0037,first_car_model,False,False,False
SYNTHETIC DATA - NO REAL PEOPLE OR RECOVERY ANSWERS,F0037,favorite_sports_team,False,False,False
SYNTHETIC DATA - NO REAL PEOPLE OR RECOVERY ANSWERS,F0037,favorite_food,False,True,False
SYNTHETIC DATA - NO REAL PEOPLE OR RECOVERY ANSWERS,F0038,current_employer,True,True,True
SYNTHETIC DATA - NO REAL PEOPLE OR RECOVERY ANSWERS,F0038,high_school,True,True,True
SYNTHETIC DATA - NO REAL PEOPLE OR RECOVERY ANSWERS,F0038,birth_city,True,False,False
SYNTHETIC DATA - NO REAL PEOPLE OR RECOVERY ANSWERS,F0038,mothers_maiden_name,False,False,False
SYNTHETIC DATA - NO REAL PEOPLE OR RECOVERY ANSWERS,F0038,first_pet_name,False,True,True
SYNTHETIC DATA - NO REAL PEOPLE OR RECOVERY ANSWERS,F0038,wedding_location,True,False,False
SYNTHETIC DATA - NO REAL PEOPLE OR RECOVERY ANSWERS,F0038,street_grew_up_on,True,True,True
SYNTHETIC DATA - NO REAL PEOPLE OR RECOVERY ANSWERS,F0038,first_car_model,True,False,False
SYNTHETIC DATA - NO REAL PEOPLE OR RECOVERY ANSWERS,F0038,favorite_sports_team,True,False,False
SYNTHETIC DATA - NO REAL PEOPLE OR RECOVERY ANSWERS,F0038,favorite_food,False,False,False
SYNTHETIC DATA - NO REAL PEOPLE OR RECOVERY ANSWERS,F0039,current_employer,True,True,True
SYNTHETIC DATA - NO REAL PEOPLE OR RECOVERY ANSWERS,F0039,high_school,False,True,True
SYNTHETIC DATA - NO REAL PEOPLE OR RECOVERY ANSWERS,F0039,birth_city,True,True,True
SYNTHETIC DATA - NO REAL PEOPLE OR RECOVERY ANSWERS,F0039,mothers_maiden_name,False,True,True
SYNTHETIC DATA - NO REAL PEOPLE OR RECOVERY ANSWERS,F0039,first_pet_name,False,True,True
SYNTHETIC DATA - NO REAL PEOPLE OR RECOVERY ANSWERS,F0039,wedding_location,True,True,True
SYNTHETIC DATA - NO REAL PEOPLE OR RECOVERY ANSWERS,F0039,street_grew_up_on,False,False,False
SYNTHETIC DATA - NO REAL PEOPLE OR RECOVERY ANSWERS,F0039,first_car_model,False,False,False
SYNTHETIC DATA - NO REAL PEOPLE OR RECOVERY ANSWERS,F0039,favorite_sports_team,False,False,False
SYNTHETIC DATA - NO REAL PEOPLE OR RECOVERY ANSWERS,F0039,favorite_food,False,False,False
SYNTHETIC DATA - NO REAL PEOPLE OR RECOVERY ANSWERS,F0040,current_employer,False,True,True
SYNTHETIC DATA - NO REAL PEOPLE OR RECOVERY ANSWERS,F0040,high_school,True,False,False
SYNTHETIC DATA - NO REAL PEOPLE OR RECOVERY ANSWERS,F0040,birth_city,False,False,False
SYNTHETIC DATA - NO REAL PEOPLE OR RECOVERY ANSWERS,F0040,mothers_maiden_name,False,True,True
SYNTHETIC DATA - NO REAL PEOPLE OR RECOVERY ANSWERS,F0040,first_pet_name,False,False,False
SYNTHETIC DATA - NO REAL PEOPLE OR RECOVERY ANSWERS,F0040,wedding_location,True,False,False
SYNTHETIC DATA - NO REAL PEOPLE OR RECOVERY ANSWERS,F0040,street_grew_up_on,False,False,False
SYNTHETIC DATA - NO REAL PEOPLE OR RECOVERY ANSWERS,F0040,first_car_model,False,False,False
SYNTHETIC DATA - NO REAL PEOPLE OR RECOVERY ANSWERS,F0040,favorite_sports_team,False,False,False
SYNTHETIC DATA - NO REAL PEOPLE OR RECOVERY ANSWERS,F0040,favorite_food,True,False,False
SYNTHETIC DATA - NO REAL PEOPLE OR RECOVERY ANSWERS,F0041,current_employer,True,False,False
SYNTHETIC DATA - NO REAL PEOPLE OR RECOVERY ANSWERS,F0041,high_school,False,False,False
SYNTHETIC DATA - NO REAL PEOPLE OR RECOVERY ANSWERS,F0041,birth_city,True,False,False
SYNTHETIC DATA - NO REAL PEOPLE OR RECOVERY ANSWERS,F0041,mothers_maiden_name,False,True,True
SYNTHETIC DATA - NO REAL PEOPLE OR RECOVERY ANSWERS,F0041,first_pet_name,True,True,True
SYNTHETIC DATA - NO REAL PEOPLE OR RECOVERY ANSWERS,F0041,wedding_location,False,False,False
SYNTHETIC DATA - NO REAL PEOPLE OR RECOVERY ANSWERS,F0041,street_grew_up_on,False,False,False
SYNTHETIC DATA - NO REAL PEOPLE OR RECOVERY ANSWERS,F0041,first_car_model,True,False,False
SYNTHETIC DATA - NO REAL PEOPLE OR RECOVERY ANSWERS,F0041,favorite_sports_team,False,False,False
SYNTHETIC DATA - NO REAL PEOPLE OR RECOVERY ANSWERS,F0041,favorite_food,False,False,False
SYNTHETIC DATA - NO REAL PEOPLE OR RECOVERY ANSWERS,F0042,current_employer,True,True,True
SYNTHETIC DATA - NO REAL PEOPLE OR RECOVERY ANSWERS,F0042,high_school,True,True,True
SYNTHETIC DATA - NO REAL PEOPLE OR RECOVERY ANSWERS,F0042,birth_city,True,True,True
SYNTHETIC DATA - NO REAL PEOPLE OR RECOVERY ANSWERS,F0042,mothers_maiden_name,False,False,False
SYNTHETIC DATA - NO REAL PEOPLE OR RECOVERY ANSWERS,F0042,first_pet_name,True,False,False
SYNTHETIC DATA - NO REAL PEOPLE OR RECOVERY ANSWERS,F0042,wedding_location,True,False,False
SYNTHETIC DATA - NO REAL PEOPLE OR RECOVERY ANSWERS,F0042,street_grew_up_on,False,False,False
SYNTHETIC DATA - NO REAL PEOPLE OR RECOVERY ANSWERS,F0042,first_car_model,True,True,True
SYNTHETIC DATA - NO REAL PEOPLE OR RECOVERY ANSWERS,F0042,favorite_sports_team,False,False,False
SYNTHETIC DATA - NO REAL PEOPLE OR RECOVERY ANSWERS,F0042,favorite_food,False,False,False
SYNTHETIC DATA - NO REAL PEOPLE OR RECOVERY ANSWERS,F0043,current_employer,False,True,True
SYNTHETIC DATA - NO REAL PEOPLE OR RECOVERY ANSWERS,F0043,high_school,False,True,True
SYNTHETIC DATA - NO REAL PEOPLE OR RECOVERY ANSWERS,F0043,birth_city,True,True,True
SYNTHETIC DATA - NO REAL PEOPLE OR RECOVERY ANSWERS,F0043,mothers_maiden_name,False,True,True
SYNTHETIC DATA - NO REAL PEOPLE OR RECOVERY ANSWERS,F0043,first_pet_name,False,False,False
SYNTHETIC DATA - NO REAL PEOPLE OR RECOVERY ANSWERS,F0043,wedding_location,True,False,False
SYNTHETIC DATA - NO REAL PEOPLE OR RECOVERY ANSWERS,F0043,street_grew_up_on,True,True,False
SYNTHETIC DATA - NO REAL PEOPLE OR RECOVERY ANSWERS,F0043,first_car_model,False,False,False
SYNTHETIC DATA - NO REAL PEOPLE OR RECOVERY ANSWERS,F0043,favorite_sports_team,True,True,True
SYNTHETIC DATA - NO REAL PEOPLE OR RECOVERY ANSWERS,F0043,favorite_food,False,False,False
SYNTHETIC DATA - NO REAL PEOPLE OR RECOVERY ANSWERS,F0044,current_employer,False,True,True
SYNTHETIC DATA - NO REAL PEOPLE OR RECOVERY ANSWERS,F0044,high_school,True,True,True
SYNTHETIC DATA - NO REAL PEOPLE OR RECOVERY ANSWERS,F0044,birth_city,False,False,False
SYNTHETIC DATA - NO REAL PEOPLE OR RECOVERY ANSWERS,F0044,mothers_maiden_name,False,False,False
SYNTHETIC DATA - NO REAL PEOPLE OR RECOVERY ANSWERS,F0044,first_pet_name,False,False,False
SYNTHETIC DATA - NO REAL PEOPLE OR RECOVERY ANSWERS,F0044,wedding_location,False,False,False
SYNTHETIC DATA - NO REAL PEOPLE OR RECOVERY ANSWERS,F0044,street_grew_up_on,False,False,False
SYNTHETIC DATA - NO REAL PEOPLE OR RECOVERY ANSWERS,F0044,first_car_model,False,False,False
SYNTHETIC DATA - NO REAL PEOPLE OR RECOVERY ANSWERS,F0044,favorite_sports_team,False,False,False
SYNTHETIC DATA - NO REAL PEOPLE OR RECOVERY ANSWERS,F0044,favorite_food,False,False,False
SYNTHETIC DATA - NO REAL PEOPLE OR RECOVERY ANSWERS,F0045,current_employer,True,True,True
SYNTHETIC DATA - NO REAL PEOPLE OR RECOVERY ANSWERS,F0045,high_school,True,True,True
SYNTHETIC DATA - NO REAL PEOPLE OR RECOVERY ANSWERS,F0045,birth_city,True,True,True
SYNTHETIC DATA - NO REAL PEOPLE OR RECOVERY ANSWERS,F0045,mothers_maiden_name,True,False,False
SYNTHETIC DATA - NO REAL PEOPLE OR RECOVERY ANSWERS,F0045,first_pet_name,True,False,False
SYNTHETIC DATA - NO REAL PEOPLE OR RECOVERY ANSWERS,F0045,wedding_location,False,False,False
SYNTHETIC DATA - NO REAL PEOPLE OR RECOVERY ANSWERS,F0045,street_grew_up_on,True,False,False
SYNTHETIC DATA - NO REAL PEOPLE OR RECOVERY ANSWERS,F0045,first_car_model,True,True,True
SYNTHETIC DATA - NO REAL PEOPLE OR RECOVERY ANSWERS,F0045,favorite_sports_team,True,True,False
SYNTHETIC DATA - NO REAL PEOPLE OR RECOVERY ANSWERS,F0045,favorite_food,False,False,False
SYNTHETIC DATA - NO REAL PEOPLE OR RECOVERY ANSWERS,F0046,current_employer,True,True,True
SYNTHETIC DATA - NO REAL PEOPLE OR RECOVERY ANSWERS,F0046,high_school,True,False,False
SYNTHETIC DATA - NO REAL PEOPLE OR RECOVERY ANSWERS,F0046,birth_city,True,True,True
SYNTHETIC DATA - NO REAL PEOPLE OR RECOVERY ANSWERS,F0046,mothers_maiden_name,False,False,False
SYNTHETIC DATA - NO REAL PEOPLE OR RECOVERY ANSWERS,F0046,first_pet_name,False,False,False
SYNTHETIC DATA - NO REAL PEOPLE OR RECOVERY ANSWERS,F0046,wedding_location,False,False,False
SYNTHETIC DATA - NO REAL PEOPLE OR RECOVERY ANSWERS,F0046,street_grew_up_on,True,True,True
SYNTHETIC DATA - NO REAL PEOPLE OR RECOVERY ANSWERS,F0046,first_car_model,False,True,True
SYNTHETIC DATA - NO REAL PEOPLE OR RECOVERY ANSWERS,F0046,favorite_sports_team,False,True,True
SYNTHETIC DATA - NO REAL PEOPLE OR RECOVERY ANSWERS,F0046,favorite_food,False,False,False
SYNTHETIC DATA - NO REAL PEOPLE OR RECOVERY ANSWERS,F0047,current_employer,True,True,True
SYNTHETIC DATA - NO REAL PEOPLE OR RECOVERY ANSWERS,F0047,high_school,False,True,True
SYNTHETIC DATA - NO REAL PEOPLE OR RECOVERY ANSWERS,F0047,birth_city,True,True,True
SYNTHETIC DATA - NO REAL PEOPLE OR RECOVERY ANSWERS,F0047,mothers_maiden_name,False,True,False
SYNTHETIC DATA - NO REAL PEOPLE OR RECOVERY ANSWERS,F0047,first_pet_name,False,True,True
SYNTHETIC DATA - NO REAL PEOPLE OR RECOVERY ANSWERS,F0047,wedding_location,False,True,True
SYNTHETIC DATA - NO REAL PEOPLE OR RECOVERY ANSWERS,F0047,street_grew_up_on,True,False,False
SYNTHETIC DATA - NO REAL PEOPLE OR RECOVERY ANSWERS,F0047,first_car_model,False,True,True
SYNTHETIC DATA - NO REAL PEOPLE OR RECOVERY ANSWERS,F0047,favorite_sports_team,False,True,True
SYNTHETIC DATA - NO REAL PEOPLE OR RECOVERY ANSWERS,F0047,favorite_food,False,False,False
SYNTHETIC DATA - NO REAL PEOPLE OR RECOVERY ANSWERS,F0048,current_employer,True,True,True
SYNTHETIC DATA - NO REAL PEOPLE OR RECOVERY ANSWERS,F0048,high_school,True,True,True
SYNTHETIC DATA - NO REAL PEOPLE OR RECOVERY ANSWERS,F0048,birth_city,True,True,True
SYNTHETIC DATA - NO REAL PEOPLE OR RECOVERY ANSWERS,F0048,mothers_maiden_name,False,True,True
SYNTHETIC DATA - NO REAL PEOPLE OR RECOVERY ANSWERS,F0048,first_pet_name,False,False,False
SYNTHETIC DATA - NO REAL PEOPLE OR RECOVERY ANSWERS,F0048,wedding_location,False,False,False
SYNTHETIC DATA - NO REAL PEOPLE OR RECOVERY ANSWERS,F0048,street_grew_up_on,True,False,False
SYNTHETIC DATA - NO REAL PEOPLE OR RECOVERY ANSWERS,F0048,first_car_model,False,False,False
SYNTHETIC DATA - NO REAL PEOPLE OR RECOVERY ANSWERS,F0048,favorite_sports_team,False,False,False
SYNTHETIC DATA - NO REAL PEOPLE OR RECOVERY ANSWERS,F0048,favorite_food,True,False,False
SYNTHETIC DATA - NO REAL PEOPLE OR RECOVERY ANSWERS,F0049,current_employer,True,False,False
SYNTHETIC DATA - NO REAL PEOPLE OR RECOVERY ANSWERS,F0049,high_school,True,True,True
SYNTHETIC DATA - NO REAL PEOPLE OR RECOVERY ANSWERS,F0049,birth_city,False,True,True
SYNTHETIC DATA - NO REAL PEOPLE OR RECOVERY ANSWERS,F0049,mothers_maiden_name,False,False,False
SYNTHETIC DATA - NO REAL PEOPLE OR RECOVERY ANSWERS,F0049,first_pet_name,False,False,False
SYNTHETIC DATA - NO REAL PEOPLE OR RECOVERY ANSWERS,F0049,wedding_location,False,True,True
SYNTHETIC DATA - NO REAL PEOPLE OR RECOVERY ANSWERS,F0049,street_grew_up_on,False,False,False
SYNTHETIC DATA - NO REAL PEOPLE OR RECOVERY ANSWERS,F0049,first_car_model,True,False,False
SYNTHETIC DATA - NO REAL PEOPLE OR RECOVERY ANSWERS,F0049,favorite_sports_team,True,False,False
SYNTHETIC DATA - NO REAL PEOPLE OR RECOVERY ANSWERS,F0049,favorite_food,False,False,False
SYNTHETIC DATA - NO REAL PEOPLE OR RECOVERY ANSWERS,F0050,current_employer,False,True,True
SYNTHETIC DATA - NO REAL PEOPLE OR RECOVERY ANSWERS,F0050,high_school,False,True,True
SYNTHETIC DATA - NO REAL PEOPLE OR RECOVERY ANSWERS,F0050,birth_city,False,False,False
SYNTHETIC DATA - NO REAL PEOPLE OR RECOVERY ANSWERS,F0050,mothers_maiden_name,False,False,False
SYNTHETIC DATA - NO REAL PEOPLE OR RECOVERY ANSWERS,F0050,first_pet_name,False,True,True
SYNTHETIC DATA - NO REAL PEOPLE OR RECOVERY ANSWERS,F0050,wedding_location,False,False,False
SYNTHETIC DATA - NO REAL PEOPLE OR RECOVERY ANSWERS,F0050,street_grew_up_on,False,False,False
SYNTHETIC DATA - NO REAL PEOPLE OR RECOVERY ANSWERS,F0050,first_car_model,False,False,False
SYNTHETIC DATA - NO REAL PEOPLE OR RECOVERY ANSWERS,F0050,favorite_sports_team,True,False,False
SYNTHETIC DATA - NO REAL PEOPLE OR RECOVERY ANSWERS,F0050,favorite_food,False,False,False
SYNTHETIC DATA - NO REAL PEOPLE OR RECOVERY ANSWERS,F0051,current_employer,True,True,True
SYNTHETIC DATA - NO REAL PEOPLE OR RECOVERY ANSWERS,F0051,high_school,True,True,True
SYNTHETIC DATA - NO REAL PEOPLE OR RECOVERY ANSWERS,F0051,birth_city,False,False,False
SYNTHETIC DATA - NO REAL PEOPLE OR RECOVERY ANSWERS,F0051,mothers_maiden_name,False,True,True
SYNTHETIC DATA - NO REAL PEOPLE OR RECOVERY ANSWERS,F0051,first_pet_name,False,True,True
SYNTHETIC DATA - NO REAL PEOPLE OR RECOVERY ANSWERS,F0051,wedding_location,False,True,True
SYNTHETIC DATA - NO REAL PEOPLE OR RECOVERY ANSWERS,F0051,street_grew_up_on,False,False,False
SYNTHETIC DATA - NO REAL PEOPLE OR RECOVERY ANSWERS,F0051,first_car_model,False,False,False
SYNTHETIC DATA - NO REAL PEOPLE OR RECOVERY ANSWERS,F0051,favorite_sports_team,True,False,False
SYNTHETIC DATA - NO REAL PEOPLE OR RECOVERY ANSWERS,F0051,favorite_food,False,False,False
SYNTHETIC DATA - NO REAL PEOPLE OR RECOVERY ANSWERS,F0052,current_employer,True,True,False
SYNTHETIC DATA - NO REAL PEOPLE OR RECOVERY ANSWERS,F0052,high_school,True,False,False
SYNTHETIC DATA - NO REAL PEOPLE OR RECOVERY ANSWERS,F0052,birth_city,False,False,False
SYNTHETIC DATA - NO REAL PEOPLE OR RECOVERY ANSWERS,F0052,mothers_maiden_name,False,False,False
SYNTHETIC DATA - NO REAL PEOPLE OR RECOVERY ANSWERS,F0052,first_pet_name,False,False,False
SYNTHETIC DATA - NO REAL PEOPLE OR RECOVERY ANSWERS,F0052,wedding_location,True,True,True
SYNTHETIC DATA - NO REAL PEOPLE OR RECOVERY ANSWERS,F0052,street_grew_up_on,False,False,False
SYNTHETIC DATA - NO REAL PEOPLE OR RECOVERY ANSWERS,F0052,first_car_model,False,False,False
SYNTHETIC DATA - NO REAL PEOPLE OR RECOVERY ANSWERS,F0052,favorite_sports_team,False,True,False
SYNTHETIC DATA - NO REAL PEOPLE OR RECOVERY ANSWERS,F0052,favorite_food,False,False,False
SYNTHETIC DATA - NO REAL PEOPLE OR RECOVERY ANSWERS,F0053,current_employer,False,True,True
SYNTHETIC DATA - NO REAL PEOPLE OR RECOVERY ANSWERS,F0053,high_school,False,False,False
SYNTHETIC DATA - NO REAL PEOPLE OR RECOVERY ANSWERS,F0053,birth_city,False,False,False
SYNTHETIC DATA - NO REAL PEOPLE OR RECOVERY ANSWERS,F0053,mothers_maiden_name,False,False,False
SYNTHETIC DATA - NO REAL PEOPLE OR RECOVERY ANSWERS,F0053,first_pet_name,False,True,True
SYNTHETIC DATA - NO REAL PEOPLE OR RECOVERY ANSWERS,F0053,wedding_location,True,True,True
SYNTHETIC DATA - NO REAL PEOPLE OR RECOVERY ANSWERS,F0053,street_grew_up_on,False,True,True
SYNTHETIC DATA - NO REAL PEOPLE OR RECOVERY ANSWERS,F0053,first_car_model,False,False,False
SYNTHETIC DATA - NO REAL PEOPLE OR RECOVERY ANSWERS,F0053,favorite_sports_team,True,False,False
SYNTHETIC DATA - NO REAL PEOPLE OR RECOVERY ANSWERS,F0053,favorite_food,False,False,False
SYNTHETIC DATA - NO REAL PEOPLE OR RECOVERY ANSWERS,F0054,current_employer,True,True,True
SYNTHETIC DATA - NO REAL PEOPLE OR RECOVERY ANSWERS,F0054,high_school,True,False,False
SYNTHETIC DATA - NO REAL PEOPLE OR RECOVERY ANSWERS,F0054,birth_city,True,False,False
SYNTHETIC DATA - NO REAL PEOPLE OR RECOVERY ANSWERS,F0054,mothers_maiden_name,True,False,False
SYNTHETIC DATA - NO REAL PEOPLE OR RECOVERY ANSWERS,F0054,first_pet_name,False,True,True
SYNTHETIC DATA - NO REAL PEOPLE OR RECOVERY ANSWERS,F0054,wedding_location,False,True,True
SYNTHETIC DATA - NO REAL PEOPLE OR RECOVERY ANSWERS,F0054,street_grew_up_on,False,True,False
SYNTHETIC DATA - NO REAL PEOPLE OR RECOVERY ANSWERS,F0054,first_car_model,False,False,False
SYNTHETIC DATA - NO REAL PEOPLE OR RECOVERY ANSWERS,F0054,favorite_sports_team,False,False,False
SYNTHETIC DATA - NO REAL PEOPLE OR RECOVERY ANSWERS,F0054,favorite_food,False,False,False
SYNTHETIC DATA - NO REAL PEOPLE OR RECOVERY ANSWERS,F0055,current_employer,True,True,True
SYNTHETIC DATA - NO REAL PEOPLE OR RECOVERY ANSWERS,F0055,high_school,False,False,False
SYNTHETIC DATA - NO REAL PEOPLE OR RECOVERY ANSWERS,F0055,birth_city,False,True,True
SYNTHETIC DATA - NO REAL PEOPLE OR RECOVERY ANSWERS,F0055,mothers_maiden_name,False,False,False
SYNTHETIC DATA - NO REAL PEOPLE OR RECOVERY ANSWERS,F0055,first_pet_name,False,True,True
SYNTHETIC DATA - NO REAL PEOPLE OR RECOVERY ANSWERS,F0055,wedding_location,False,False,False
SYNTHETIC DATA - NO REAL PEOPLE OR RECOVERY ANSWERS,F0055,street_grew_up_on,False,True,True
SYNTHETIC DATA - NO REAL PEOPLE OR RECOVERY ANSWERS,F0055,first_car_model,False,False,False
SYNTHETIC DATA - NO REAL PEOPLE OR RECOVERY ANSWERS,F0055,favorite_sports_team,False,False,False
SYNTHETIC DATA - NO REAL PEOPLE OR RECOVERY ANSWERS,F0055,favorite_food,False,False,False
SYNTHETIC DATA - NO REAL PEOPLE OR RECOVERY ANSWERS,F0056,current_employer,True,True,True
SYNTHETIC DATA - NO REAL PEOPLE OR RECOVERY ANSWERS,F0056,high_school,False,False,False
SYNTHETIC DATA - NO REAL PEOPLE OR RECOVERY ANSWERS,F0056,birth_city,True,True,True
SYNTHETIC DATA - NO REAL PEOPLE OR RECOVERY ANSWERS,F0056,mothers_maiden_name,False,True,True
SYNTHETIC DATA - NO REAL PEOPLE OR RECOVERY ANSWERS,F0056,first_pet_name,False,False,False
SYNTHETIC DATA - NO REAL PEOPLE OR RECOVERY ANSWERS,F0056,wedding_location,False,False,False
SYNTHETIC DATA - NO REAL PEOPLE OR RECOVERY ANSWERS,F0056,street_grew_up_on,False,False,False
SYNTHETIC DATA - NO REAL PEOPLE OR RECOVERY ANSWERS,F0056,first_car_model,False,False,False
SYNTHETIC DATA - NO REAL PEOPLE OR RECOVERY ANSWERS,F0056,favorite_sports_team,False,True,True
SYNTHETIC DATA - NO REAL PEOPLE OR RECOVERY ANSWERS,F0056,favorite_food,False,False,False
SYNTHETIC DATA - NO REAL PEOPLE OR RECOVERY ANSWERS,F0057,current_employer,False,True,True
SYNTHETIC DATA - NO REAL PEOPLE OR RECOVERY ANSWERS,F0057,high_school,True,True,True
SYNTHETIC DATA - NO REAL PEOPLE OR RECOVERY ANSWERS,F0057,birth_city,True,True,True
SYNTHETIC DATA - NO REAL PEOPLE OR RECOVERY ANSWERS,F0057,mothers_maiden_name,False,False,False
SYNTHETIC DATA - NO REAL PEOPLE OR RECOVERY ANSWERS,F0057,first_pet_name,False,True,True
SYNTHETIC DATA - NO REAL PEOPLE OR RECOVERY ANSWERS,F0057,wedding_location,True,True,True
SYNTHETIC DATA - NO REAL PEOPLE OR RECOVERY ANSWERS,F0057,street_grew_up_on,False,False,False
SYNTHETIC DATA - NO REAL PEOPLE OR RECOVERY ANSWERS,F0057,first_car_model,False,False,False
SYNTHETIC DATA - NO REAL PEOPLE OR RECOVERY ANSWERS,F0057,favorite_sports_team,False,True,True
SYNTHETIC DATA - NO REAL PEOPLE OR RECOVERY ANSWERS,F0057,favorite_food,False,False,False
SYNTHETIC DATA - NO REAL PEOPLE OR RECOVERY ANSWERS,F0058,current_employer,True,True,True
SYNTHETIC DATA - NO REAL PEOPLE OR RECOVERY ANSWERS,F0058,high_school,False,True,False
SYNTHETIC DATA - NO REAL PEOPLE OR RECOVERY ANSWERS,F0058,birth_city,True,True,True
SYNTHETIC DATA - NO REAL PEOPLE OR RECOVERY ANSWERS,F0058,mothers_maiden_name,False,True,True
SYNTHETIC DATA - NO REAL PEOPLE OR RECOVERY ANSWERS,F0058,first_pet_name,False,False,False
SYNTHETIC DATA - NO REAL PEOPLE OR RECOVERY ANSWERS,F0058,wedding_location,False,True,True
SYNTHETIC DATA - NO REAL PEOPLE OR RECOVERY ANSWERS,F0058,street_grew_up_on,False,False,False
SYNTHETIC DATA - NO REAL PEOPLE OR RECOVERY ANSWERS,F0058,first_car_model,False,False,False
SYNTHETIC DATA - NO REAL PEOPLE OR RECOVERY ANSWERS,F0058,favorite_sports_team,False,False,False
SYNTHETIC DATA - NO REAL PEOPLE OR RECOVERY ANSWERS,F0058,favorite_food,True,False,False
SYNTHETIC DATA - NO REAL PEOPLE OR RECOVERY ANSWERS,F0059,current_employer,False,False,False
SYNTHETIC DATA - NO REAL PEOPLE OR RECOVERY ANSWERS,F0059,high_school,True,True,True
SYNTHETIC DATA - NO REAL PEOPLE OR RECOVERY ANSWERS,F0059,birth_city,False,True,True
SYNTHETIC DATA - NO REAL PEOPLE OR RECOVERY ANSWERS,F0059,mothers_maiden_name,False,True,True
SYNTHETIC DATA - NO REAL PEOPLE OR RECOVERY ANSWERS,F0059,first_pet_name,False,False,False
SYNTHETIC DATA - NO REAL PEOPLE OR RECOVERY ANSWERS,F0059,wedding_location,False,False,False
SYNTHETIC DATA - NO REAL PEOPLE OR RECOVERY ANSWERS,F0059,street_grew_up_on,True,False,False
SYNTHETIC DATA - NO REAL PEOPLE OR RECOVERY ANSWERS,F0059,first_car_model,False,False,False
SYNTHETIC DATA - NO REAL PEOPLE OR RECOVERY ANSWERS,F0059,favorite_sports_team,False,True,False
SYNTHETIC DATA - NO REAL PEOPLE OR RECOVERY ANSWERS,F0059,favorite_food,False,True,True
SYNTHETIC DATA - NO REAL PEOPLE OR RECOVERY ANSWERS,F0060,current_employer,False,True,True
SYNTHETIC DATA - NO REAL PEOPLE OR RECOVERY ANSWERS,F0060,high_school,True,False,False
SYNTHETIC DATA - NO REAL PEOPLE OR RECOVERY ANSWERS,F0060,birth_city,True,False,False
SYNTHETIC DATA - NO REAL PEOPLE OR RECOVERY ANSWERS,F0060,mothers_maiden_name,False,True,False
SYNTHETIC DATA - NO REAL PEOPLE OR RECOVERY ANSWERS,F0060,first_pet_name,True,False,False
SYNTHETIC DATA - NO REAL PEOPLE OR RECOVERY ANSWERS,F0060,wedding_location,False,False,False
SYNTHETIC DATA - NO REAL PEOPLE OR RECOVERY ANSWERS,F0060,street_grew_up_on,False,True,True
SYNTHETIC DATA - NO REAL PEOPLE OR RECOVERY ANSWERS,F0060,first_car_model,False,False,False
SYNTHETIC DATA - NO REAL PEOPLE OR RECOVERY ANSWERS,F0060,favorite_sports_team,True,False,False
SYNTHETIC DATA - NO REAL PEOPLE OR RECOVERY ANSWERS,F0060,favorite_food,False,True,True
SYNTHETIC DATA - NO REAL PEOPLE OR RECOVERY ANSWERS,F0061,current_employer,True,True,True
SYNTHETIC DATA - NO REAL PEOPLE OR RECOVERY ANSWERS,F0061,high_school,False,True,True
SYNTHETIC DATA - NO REAL PEOPLE OR RECOVERY ANSWERS,F0061,birth_city,False,True,False
SYNTHETIC DATA - NO REAL PEOPLE OR RECOVERY ANSWERS,F0061,mothers_maiden_name,False,True,True
SYNTHETIC DATA - NO REAL PEOPLE OR RECOVERY ANSWERS,F0061,first_pet_name,False,True,True
SYNTHETIC DATA - NO REAL PEOPLE OR RECOVERY ANSWERS,F0061,wedding_location,False,False,False
SYNTHETIC DATA - NO REAL PEOPLE OR RECOVERY ANSWERS,F0061,street_grew_up_on,False,False,False
SYNTHETIC DATA - NO REAL PEOPLE OR RECOVERY ANSWERS,F0061,first_car_model,False,False,False
SYNTHETIC DATA - NO REAL PEOPLE OR RECOVERY ANSWERS,F0061,favorite_sports_team,False,False,False
SYNTHETIC DATA - NO REAL PEOPLE OR RECOVERY ANSWERS,F0061,favorite_food,False,False,False
SYNTHETIC DATA - NO REAL PEOPLE OR RECOVERY ANSWERS,F0062,current_employer,False,True,True
SYNTHETIC DATA - NO REAL PEOPLE OR RECOVERY ANSWERS,F0062,high_school,False,False,False
SYNTHETIC DATA - NO REAL PEOPLE OR RECOVERY ANSWERS,F0062,birth_city,False,True,True
SYNTHETIC DATA - NO REAL PEOPLE OR RECOVERY ANSWERS,F0062,mothers_maiden_name,True,True,True
SYNTHETIC DATA - NO REAL PEOPLE OR RECOVERY ANSWERS,F0062,first_pet_name,False,False,False
SYNTHETIC DATA - NO REAL PEOPLE OR RECOVERY ANSWERS,F0062,wedding_location,False,True,True
SYNTHETIC DATA - NO REAL PEOPLE OR RECOVERY ANSWERS,F0062,street_grew_up_on,False,True,False
SYNTHETIC DATA - NO REAL PEOPLE OR RECOVERY ANSWERS,F0062,first_car_model,False,False,False
SYNTHETIC DATA - NO REAL PEOPLE OR RECOVERY ANSWERS,F0062,favorite_sports_team,False,False,False
SYNTHETIC DATA - NO REAL PEOPLE OR RECOVERY ANSWERS,F0062,favorite_food,True,False,False
SYNTHETIC DATA - NO REAL PEOPLE OR RECOVERY ANSWERS,F0063,current_employer,True,True,True
SYNTHETIC DATA - NO REAL PEOPLE OR RECOVERY ANSWERS,F0063,high_school,False,True,True
SYNTHETIC DATA - NO REAL PEOPLE OR RECOVERY ANSWERS,F0063,birth_city,True,True,True
SYNTHETIC DATA - NO REAL PEOPLE OR RECOVERY ANSWERS,F0063,mothers_maiden_name,False,False,False
SYNTHETIC DATA - NO REAL PEOPLE OR RECOVERY ANSWERS,F0063,first_pet_name,False,False,False
SYNTHETIC DATA - NO REAL PEOPLE OR RECOVERY ANSWERS,F0063,wedding_location,False,True,True
SYNTHETIC DATA - NO REAL PEOPLE OR RECOVERY ANSWERS,F0063,street_grew_up_on,True,False,False
SYNTHETIC DATA - NO REAL PEOPLE OR RECOVERY ANSWERS,F0063,first_car_model,False,True,True
SYNTHETIC DATA - NO REAL PEOPLE OR RECOVERY ANSWERS,F0063,favorite_sports_team,True,True,True
SYNTHETIC DATA - NO REAL PEOPLE OR RECOVERY ANSWERS,F0063,favorite_food,True,True,False
SYNTHETIC DATA - NO REAL PEOPLE OR RECOVERY ANSWERS,F0064,current_employer,True,True,True
SYNTHETIC DATA - NO REAL PEOPLE OR RECOVERY ANSWERS,F0064,high_school,False,True,True
SYNTHETIC DATA - NO REAL PEOPLE OR RECOVERY ANSWERS,F0064,birth_city,False,False,False
SYNTHETIC DATA - NO REAL PEOPLE OR RECOVERY ANSWERS,F0064,mothers_maiden_name,False,True,True
SYNTHETIC DATA - NO REAL PEOPLE OR RECOVERY ANSWERS,F0064,first_pet_name,False,False,False
SYNTHETIC DATA - NO REAL PEOPLE OR RECOVERY ANSWERS,F0064,wedding_location,True,False,False
SYNTHETIC DATA - NO REAL PEOPLE OR RECOVERY ANSWERS,F0064,street_grew_up_on,True,False,False
SYNTHETIC DATA - NO REAL PEOPLE OR RECOVERY ANSWERS,F0064,first_car_model,False,False,False
SYNTHETIC DATA - NO REAL PEOPLE OR RECOVERY ANSWERS,F0064,favorite_sports_team,True,False,False
SYNTHETIC DATA - NO REAL PEOPLE OR RECOVERY ANSWERS,F0064,favorite_food,False,False,False
SYNTHETIC DATA - NO REAL PEOPLE OR RECOVERY ANSWERS,F0065,current_employer,False,True,True
SYNTHETIC DATA - NO REAL PEOPLE OR RECOVERY ANSWERS,F0065,high_school,True,False,False
SYNTHETIC DATA - NO REAL PEOPLE OR RECOVERY ANSWERS,F0065,birth_city,True,True,True
SYNTHETIC DATA - NO REAL PEOPLE OR RECOVERY ANSWERS,F0065,mothers_maiden_name,False,True,True
SYNTHETIC DATA - NO REAL PEOPLE OR RECOVERY ANSWERS,F0065,first_pet_name,False,True,True
SYNTHETIC DATA - NO REAL PEOPLE OR RECOVERY ANSWERS,F0065,wedding_location,True,False,False
SYNTHETIC DATA - NO REAL PEOPLE OR RECOVERY ANSWERS,F0065,street_grew_up_on,True,False,False
SYNTHETIC DATA - NO REAL PEOPLE OR RECOVERY ANSWERS,F0065,first_car_model,False,True,True
SYNTHETIC DATA - NO REAL PEOPLE OR RECOVERY ANSWERS,F0065,favorite_sports_team,False,False,False
SYNTHETIC DATA - NO REAL PEOPLE OR RECOVERY ANSWERS,F0065,favorite_food,True,False,False
SYNTHETIC DATA - NO REAL PEOPLE OR RECOVERY ANSWERS,F0066,current_employer,False,True,True
SYNTHETIC DATA - NO REAL PEOPLE OR RECOVERY ANSWERS,F0066,high_school,False,False,False
SYNTHETIC DATA - NO REAL PEOPLE OR RECOVERY ANSWERS,F0066,birth_city,True,True,True
SYNTHETIC DATA - NO REAL PEOPLE OR RECOVERY ANSWERS,F0066,mothers_maiden_name,False,True,True
SYNTHETIC DATA - NO REAL PEOPLE OR RECOVERY ANSWERS,F0066,first_pet_name,True,True,True
SYNTHETIC DATA - NO REAL PEOPLE OR RECOVERY ANSWERS,F0066,wedding_location,False,False,False
SYNTHETIC DATA - NO REAL PEOPLE OR RECOVERY ANSWERS,F0066,street_grew_up_on,False,False,False
SYNTHETIC DATA - NO REAL PEOPLE OR RECOVERY ANSWERS,F0066,first_car_model,True,True,True
SYNTHETIC DATA - NO REAL PEOPLE OR RECOVERY ANSWERS,F0066,favorite_sports_team,False,True,True
SYNTHETIC DATA - NO REAL PEOPLE OR RECOVERY ANSWERS,F0066,favorite_food,False,False,False
SYNTHETIC DATA - NO REAL PEOPLE OR RECOVERY ANSWERS,F0067,current_employer,True,True,True
SYNTHETIC DATA - NO REAL PEOPLE OR RECOVERY ANSWERS,F0067,high_school,False,True,True
SYNTHETIC DATA - NO REAL PEOPLE OR RECOVERY ANSWERS,F0067,birth_city,True,True,False
SYNTHETIC DATA - NO REAL PEOPLE OR RECOVERY ANSWERS,F0067,mothers_maiden_name,False,False,False
SYNTHETIC DATA - NO REAL PEOPLE OR RECOVERY ANSWERS,F0067,first_pet_name,False,True,False
SYNTHETIC DATA - NO REAL PEOPLE OR RECOVERY ANSWERS,F0067,wedding_location,False,True,True
SYNTHETIC DATA - NO REAL PEOPLE OR RECOVERY ANSWERS,F0067,street_grew_up_on,False,False,False
SYNTHETIC DATA - NO REAL PEOPLE OR RECOVERY ANSWERS,F0067,first_car_model,True,True,True
SYNTHETIC DATA - NO REAL PEOPLE OR RECOVERY ANSWERS,F0067,favorite_sports_team,False,True,True
SYNTHETIC DATA - NO REAL PEOPLE OR RECOVERY ANSWERS,F0067,favorite_food,False,False,False
SYNTHETIC DATA - NO REAL PEOPLE OR RECOVERY ANSWERS,F0068,current_employer,True,True,True
SYNTHETIC DATA - NO REAL PEOPLE OR RECOVERY ANSWERS,F0068,high_school,True,True,True
SYNTHETIC DATA - NO REAL PEOPLE OR RECOVERY ANSWERS,F0068,birth_city,True,False,False
SYNTHETIC DATA - NO REAL PEOPLE OR RECOVERY ANSWERS,F0068,mothers_maiden_name,True,True,True
SYNTHETIC DATA - NO REAL PEOPLE OR RECOVERY ANSWERS,F0068,first_pet_name,False,True,True
SYNTHETIC DATA - NO REAL PEOPLE OR RECOVERY ANSWERS,F0068,wedding_location,True,False,False
SYNTHETIC DATA - NO REAL PEOPLE OR RECOVERY ANSWERS,F0068,street_grew_up_on,False,False,False
SYNTHETIC DATA - NO REAL PEOPLE OR RECOVERY ANSWERS,F0068,first_car_model,False,False,False
SYNTHETIC DATA - NO REAL PEOPLE OR RECOVERY ANSWERS,F0068,favorite_sports_team,False,False,False
SYNTHETIC DATA - NO REAL PEOPLE OR RECOVERY ANSWERS,F0068,favorite_food,False,False,False
SYNTHETIC DATA - NO REAL PEOPLE OR RECOVERY ANSWERS,F0069,current_employer,False,True,True
SYNTHETIC DATA - NO REAL PEOPLE OR RECOVERY ANSWERS,F0069,high_school,True,False,False
SYNTHETIC DATA - NO REAL PEOPLE OR RECOVERY ANSWERS,F0069,birth_city,True,True,False
SYNTHETIC DATA - NO REAL PEOPLE OR RECOVERY ANSWERS,F0069,mothers_maiden_name,False,False,False
SYNTHETIC DATA - NO REAL PEOPLE OR RECOVERY ANSWERS,F0069,first_pet_name,False,True,True
SYNTHETIC DATA - NO REAL PEOPLE OR RECOVERY ANSWERS,F0069,wedding_location,True,False,False
SYNTHETIC DATA - NO REAL PEOPLE OR RECOVERY ANSWERS,F0069,street_grew_up_on,False,False,False
SYNTHETIC DATA - NO REAL PEOPLE OR RECOVERY ANSWERS,F0069,first_car_model,False,True,False
SYNTHETIC DATA - NO REAL PEOPLE OR RECOVERY ANSWERS,F0069,favorite_sports_team,False,True,False
SYNTHETIC DATA - NO REAL PEOPLE OR RECOVERY ANSWERS,F0069,favorite_food,False,True,False
SYNTHETIC DATA - NO REAL PEOPLE OR RECOVERY ANSWERS,F0070,current_employer,True,False,False
SYNTHETIC DATA - NO REAL PEOPLE OR RECOVERY ANSWERS,F0070,high_school,False,False,False
SYNTHETIC DATA - NO REAL PEOPLE OR RECOVERY ANSWERS,F0070,birth_city,False,True,True
SYNTHETIC DATA - NO REAL PEOPLE OR RECOVERY ANSWERS,F0070,mothers_maiden_name,False,False,False
SYNTHETIC DATA - NO REAL PEOPLE OR RECOVERY ANSWERS,F0070,first_pet_name,False,False,False
SYNTHETIC DATA - NO REAL PEOPLE OR RECOVERY ANSWERS,F0070,wedding_location,False,True,True
SYNTHETIC DATA - NO REAL PEOPLE OR RECOVERY ANSWERS,F0070,street_grew_up_on,False,False,False
SYNTHETIC DATA - NO REAL PEOPLE OR RECOVERY ANSWERS,F0070,first_car_model,False,True,True
SYNTHETIC DATA - NO REAL PEOPLE OR RECOVERY ANSWERS,F0070,favorite_sports_team,False,True,False
SYNTHETIC DATA - NO REAL PEOPLE OR RECOVERY ANSWERS,F0070,favorite_food,False,False,False
SYNTHETIC DATA - NO REAL PEOPLE OR RECOVERY ANSWERS,F0071,current_employer,False,True,True
SYNTHETIC DATA - NO REAL PEOPLE OR RECOVERY ANSWERS,F0071,high_school,False,True,False
SYNTHETIC DATA - NO REAL PEOPLE OR RECOVERY ANSWERS,F0071,birth_city,False,False,False
SYNTHETIC DATA - NO REAL PEOPLE OR RECOVERY ANSWERS,F0071,mothers_maiden_name,False,False,False
SYNTHETIC DATA - NO REAL PEOPLE OR RECOVERY ANSWERS,F0071,first_pet_name,False,True,False
SYNTHETIC DATA - NO REAL PEOPLE OR RECOVERY ANSWERS,F0071,wedding_location,False,False,False
SYNTHETIC DATA - NO REAL PEOPLE OR RECOVERY ANSWERS,F0071,street_grew_up_on,False,False,False
SYNTHETIC DATA - NO REAL PEOPLE OR RECOVERY ANSWERS,F0071,first_car_model,False,True,True
SYNTHETIC DATA - NO REAL PEOPLE OR RECOVERY ANSWERS,F0071,favorite_sports_team,False,False,False
SYNTHETIC DATA - NO REAL PEOPLE OR RECOVERY ANSWERS,F0071,favorite_food,True,False,False
SYNTHETIC DATA - NO REAL PEOPLE OR RECOVERY ANSWERS,F0072,current_employer,False,True,True
SYNTHETIC DATA - NO REAL PEOPLE OR RECOVERY ANSWERS,F0072,high_school,True,True,True
SYNTHETIC DATA - NO REAL PEOPLE OR RECOVERY ANSWERS,F0072,birth_city,True,False,False
SYNTHETIC DATA - NO REAL PEOPLE OR RECOVERY ANSWERS,F0072,mothers_maiden_name,False,False,False
SYNTHETIC DATA - NO REAL PEOPLE OR RECOVERY ANSWERS,F0072,first_pet_name,False,False,False
SYNTHETIC DATA - NO REAL PEOPLE OR RECOVERY ANSWERS,F0072,wedding_location,False,False,False
SYNTHETIC DATA - NO REAL PEOPLE OR RECOVERY ANSWERS,F0072,street_grew_up_on,False,False,False
SYNTHETIC DATA - NO REAL PEOPLE OR RECOVERY ANSWERS,F0072,first_car_model,False,False,False
SYNTHETIC DATA - NO REAL PEOPLE OR RECOVERY ANSWERS,F0072,favorite_sports_team,False,False,False
SYNTHETIC DATA - NO REAL PEOPLE OR RECOVERY ANSWERS,F0072,favorite_food,True,False,False
SYNTHETIC DATA - NO REAL PEOPLE OR RECOVERY ANSWERS,F0073,current_employer,False,True,True
SYNTHETIC DATA - NO REAL PEOPLE OR RECOVERY ANSWERS,F0073,high_school,False,True,True
SYNTHETIC DATA - NO REAL PEOPLE OR RECOVERY ANSWERS,F0073,birth_city,True,True,True
SYNTHETIC DATA - NO REAL PEOPLE OR RECOVERY ANSWERS,F0073,mothers_maiden_name,True,True,True
SYNTHETIC DATA - NO REAL PEOPLE OR RECOVERY ANSWERS,F0073,first_pet_name,False,True,True
SYNTHETIC DATA - NO REAL PEOPLE OR RECOVERY ANSWERS,F0073,wedding_location,False,True,True
SYNTHETIC DATA - NO REAL PEOPLE OR RECOVERY ANSWERS,F0073,street_grew_up_on,False,False,False
SYNTHETIC DATA - NO REAL PEOPLE OR RECOVERY ANSWERS,F0073,first_car_model,True,False,False
SYNTHETIC DATA - NO REAL PEOPLE OR RECOVERY ANSWERS,F0073,favorite_sports_team,True,True,False
SYNTHETIC DATA - NO REAL PEOPLE OR RECOVERY ANSWERS,F0073,favorite_food,True,False,False
SYNTHETIC DATA - NO REAL PEOPLE OR RECOVERY ANSWERS,F0074,current_employer,True,False,False
SYNTHETIC DATA - NO REAL PEOPLE OR RECOVERY ANSWERS,F0074,high_school,True,True,False
SYNTHETIC DATA - NO REAL PEOPLE OR RECOVERY ANSWERS,F0074,birth_city,True,True,True
SYNTHETIC DATA - NO REAL PEOPLE OR RECOVERY ANSWERS,F0074,mothers_maiden_name,True,True,True
SYNTHETIC DATA - NO REAL PEOPLE OR RECOVERY ANSWERS,F0074,first_pet_name,False,True,True
SYNTHETIC DATA - NO REAL PEOPLE OR RECOVERY ANSWERS,F0074,wedding_location,False,False,False
SYNTHETIC DATA - NO REAL PEOPLE OR RECOVERY ANSWERS,F0074,street_grew_up_on,False,False,False
SYNTHETIC DATA - NO REAL PEOPLE OR RECOVERY ANSWERS,F0074,first_car_model,False,True,True
SYNTHETIC DATA - NO REAL PEOPLE OR RECOVERY ANSWERS,F0074,favorite_sports_team,True,False,False
SYNTHETIC DATA - NO REAL PEOPLE OR RECOVERY ANSWERS,F0074,favorite_food,True,False,False
SYNTHETIC DATA - NO REAL PEOPLE OR RECOVERY ANSWERS,F0075,current_employer,False,True,True
SYNTHETIC DATA - NO REAL PEOPLE OR RECOVERY ANSWERS,F0075,high_school,False,True,False
SYNTHETIC DATA - NO REAL PEOPLE OR RECOVERY ANSWERS,F0075,birth_city,True,False,False
SYNTHETIC DATA - NO REAL PEOPLE OR RECOVERY ANSWERS,F0075,mothers_maiden_name,False,True,True
SYNTHETIC DATA - NO REAL PEOPLE OR RECOVERY ANSWERS,F0075,first_pet_name,False,False,False
SYNTHETIC DATA - NO REAL PEOPLE OR RECOVERY ANSWERS,F0075,wedding_location,True,False,False
SYNTHETIC DATA - NO REAL PEOPLE OR RECOVERY ANSWERS,F0075,street_grew_up_on,False,False,False
SYNTHETIC DATA - NO REAL PEOPLE OR RECOVERY ANSWERS,F0075,first_car_model,False,True,False
SYNTHETIC DATA - NO REAL PEOPLE OR RECOVERY ANSWERS,F0075,favorite_sports_team,False,False,False
SYNTHETIC DATA - NO REAL PEOPLE OR RECOVERY ANSWERS,F0075,favorite_food,False,False,False
SYNTHETIC DATA - NO REAL PEOPLE OR RECOVERY ANSWERS,F0076,current_employer,True,True,True
SYNTHETIC DATA - NO REAL PEOPLE OR RECOVERY ANSWERS,F0076,high_school,True,True,True
SYNTHETIC DATA - NO REAL PEOPLE OR RECOVERY ANSWERS,F0076,birth_city,True,False,False
SYNTHETIC DATA - NO REAL PEOPLE OR RECOVERY ANSWERS,F0076,mothers_maiden_name,False,False,False
SYNTHETIC DATA - NO REAL PEOPLE OR RECOVERY ANSWERS,F0076,first_pet_name,False,False,False
SYNTHETIC DATA - NO REAL PEOPLE OR RECOVERY ANSWERS,F0076,wedding_location,True,False,False
SYNTHETIC DATA - NO REAL PEOPLE OR RECOVERY ANSWERS,F0076,street_grew_up_on,False,True,False
SYNTHETIC DATA - NO REAL PEOPLE OR RECOVERY ANSWERS,F0076,first_car_model,False,True,False
SYNTHETIC DATA - NO REAL PEOPLE OR RECOVERY ANSWERS,F0076,favorite_sports_team,False,False,False
SYNTHETIC DATA - NO REAL PEOPLE OR RECOVERY ANSWERS,F0076,favorite_food,False,False,False
SYNTHETIC DATA - NO REAL PEOPLE OR RECOVERY ANSWERS,F0077,current_employer,True,True,True
SYNTHETIC DATA - NO REAL PEOPLE OR RECOVERY ANSWERS,F0077,high_school,True,True,True
SYNTHETIC DATA - NO REAL PEOPLE OR RECOVERY ANSWERS,F0077,birth_city,True,True,True
SYNTHETIC DATA - NO REAL PEOPLE OR RECOVERY ANSWERS,F0077,mothers_maiden_name,False,False,False
SYNTHETIC DATA - NO REAL PEOPLE OR RECOVERY ANSWERS,F0077,first_pet_name,False,False,False
SYNTHETIC DATA - NO REAL PEOPLE OR RECOVERY ANSWERS,F0077,wedding_location,True,False,False
SYNTHETIC DATA - NO REAL PEOPLE OR RECOVERY ANSWERS,F0077,street_grew_up_on,False,False,False
SYNTHETIC DATA - NO REAL PEOPLE OR RECOVERY ANSWERS,F0077,first_car_model,False,False,False
SYNTHETIC DATA - NO REAL PEOPLE OR RECOVERY ANSWERS,F0077,favorite_sports_team,False,False,False
SYNTHETIC DATA - NO REAL PEOPLE OR RECOVERY ANSWERS,F0077,favorite_food,False,False,False
SYNTHETIC DATA - NO REAL PEOPLE OR RECOVERY ANSWERS,F0078,current_employer,True,False,False
SYNTHETIC DATA - NO REAL PEOPLE OR RECOVERY ANSWERS,F0078,high_school,False,True,True
SYNTHETIC DATA - NO REAL PEOPLE OR RECOVERY ANSWERS,F0078,birth_city,False,True,False
SYNTHETIC DATA - NO REAL PEOPLE OR RECOVERY ANSWERS,F0078,mothers_maiden_name,True,True,True
SYNTHETIC DATA - NO REAL PEOPLE OR RECOVERY ANSWERS,F0078,first_pet_name,False,True,True
SYNTHETIC DATA - NO REAL PEOPLE OR RECOVERY ANSWERS,F0078,wedding_location,True,True,True
SYNTHETIC DATA - NO REAL PEOPLE OR RECOVERY ANSWERS,F0078,street_grew_up_on,False,False,False
SYNTHETIC DATA - NO REAL PEOPLE OR RECOVERY ANSWERS,F0078,first_car_model,False,False,False
SYNTHETIC DATA - NO REAL PEOPLE OR RECOVERY ANSWERS,F0078,favorite_sports_team,False,False,False
SYNTHETIC DATA - NO REAL PEOPLE OR RECOVERY ANSWERS,F0078,favorite_food,False,False,False
SYNTHETIC DATA - NO REAL PEOPLE OR RECOVERY ANSWERS,F0079,current_employer,True,True,True
SYNTHETIC DATA - NO REAL PEOPLE OR RECOVERY ANSWERS,F0079,high_school,False,True,True
SYNTHETIC DATA - NO REAL PEOPLE OR RECOVERY ANSWERS,F0079,birth_city,False,True,True
SYNTHETIC DATA - NO REAL PEOPLE OR RECOVERY ANSWERS,F0079,mothers_maiden_name,False,False,False
SYNTHETIC DATA - NO REAL PEOPLE OR RECOVERY ANSWERS,F0079,first_pet_name,False,False,False
SYNTHETIC DATA - NO REAL PEOPLE OR RECOVERY ANSWERS,F0079,wedding_location,False,False,False
SYNTHETIC DATA - NO REAL PEOPLE OR RECOVERY ANSWERS,F0079,street_grew_up_on,False,False,False
SYNTHETIC DATA - NO REAL PEOPLE OR RECOVERY ANSWERS,F0079,first_car_model,False,True,True
SYNTHETIC DATA - NO REAL PEOPLE OR RECOVERY ANSWERS,F0079,favorite_sports_team,False,False,False
SYNTHETIC DATA - NO REAL PEOPLE OR RECOVERY ANSWERS,F0079,favorite_food,True,False,False
SYNTHETIC DATA - NO REAL PEOPLE OR RECOVERY ANSWERS,F0080,current_employer,True,True,True
SYNTHETIC DATA - NO REAL PEOPLE OR RECOVERY ANSWERS,F0080,high_school,False,True,True
SYNTHETIC DATA - NO REAL PEOPLE OR RECOVERY ANSWERS,F0080,birth_city,False,True,True
SYNTHETIC DATA - NO REAL PEOPLE OR RECOVERY ANSWERS,F0080,mothers_maiden_name,True,True,True
SYNTHETIC DATA - NO REAL PEOPLE OR RECOVERY ANSWERS,F0080,first_pet_name,False,True,False
SYNTHETIC DATA - NO REAL PEOPLE OR RECOVERY ANSWERS,F0080,wedding_location,False,False,False
SYNTHETIC DATA - NO REAL PEOPLE OR RECOVERY ANSWERS,F0080,street_grew_up_on,False,True,True
SYNTHETIC DATA - NO REAL PEOPLE OR RECOVERY ANSWERS,F0080,first_car_model,True,True,True
SYNTHETIC DATA - NO REAL PEOPLE OR RECOVERY ANSWERS,F0080,favorite_sports_team,False,False,False
SYNTHETIC DATA - NO REAL PEOPLE OR RECOVERY ANSWERS,F0080,favorite_food,False,False,False
SYNTHETIC DATA - NO REAL PEOPLE OR RECOVERY ANSWERS,F0081,current_employer,True,True,True
SYNTHETIC DATA - NO REAL PEOPLE OR RECOVERY ANSWERS,F0081,high_school,True,True,True
SYNTHETIC DATA - NO REAL PEOPLE OR RECOVERY ANSWERS,F0081,birth_city,False,True,True
SYNTHETIC DATA - NO REAL PEOPLE OR RECOVERY ANSWERS,F0081,mothers_maiden_name,True,False,False
SYNTHETIC DATA - NO REAL PEOPLE OR RECOVERY ANSWERS,F0081,first_pet_name,True,False,False
SYNTHETIC DATA - NO REAL PEOPLE OR RECOVERY ANSWERS,F0081,wedding_location,False,True,True
SYNTHETIC DATA - NO REAL PEOPLE OR RECOVERY ANSWERS,F0081,street_grew_up_on,True,False,False
SYNTHETIC DATA - NO REAL PEOPLE OR RECOVERY ANSWERS,F0081,first_car_model,False,True,True
SYNTHETIC DATA - NO REAL PEOPLE OR RECOVERY ANSWERS,F0081,favorite_sports_team,False,False,False
SYNTHETIC DATA - NO REAL PEOPLE OR RECOVERY ANSWERS,F0081,favorite_food,False,False,False
SYNTHETIC DATA - NO REAL PEOPLE OR RECOVERY ANSWERS,F0082,current_employer,True,True,True
SYNTHETIC DATA - NO REAL PEOPLE OR RECOVERY ANSWERS,F0082,high_school,True,True,True
SYNTHETIC DATA - NO REAL PEOPLE OR RECOVERY ANSWERS,F0082,birth_city,True,True,True
SYNTHETIC DATA - NO REAL PEOPLE OR RECOVERY ANSWERS,F0082,mothers_maiden_name,True,True,True
SYNTHETIC DATA - NO REAL PEOPLE OR RECOVERY ANSWERS,F0082,first_pet_name,False,False,False
SYNTHETIC DATA - NO REAL PEOPLE OR RECOVERY ANSWERS,F0082,wedding_location,False,True,True
SYNTHETIC DATA - NO REAL PEOPLE OR RECOVERY ANSWERS,F0082,street_grew_up_on,False,True,True
SYNTHETIC DATA - NO REAL PEOPLE OR RECOVERY ANSWERS,F0082,first_car_model,True,False,False
SYNTHETIC DATA - NO REAL PEOPLE OR RECOVERY ANSWERS,F0082,favorite_sports_team,False,False,False
SYNTHETIC DATA - NO REAL PEOPLE OR RECOVERY ANSWERS,F0082,favorite_food,False,False,False
SYNTHETIC DATA - NO REAL PEOPLE OR RECOVERY ANSWERS,F0083,current_employer,True,True,True
SYNTHETIC DATA - NO REAL PEOPLE OR RECOVERY ANSWERS,F0083,high_school,False,True,True
SYNTHETIC DATA - NO REAL PEOPLE OR RECOVERY ANSWERS,F0083,birth_city,False,True,True
SYNTHETIC DATA - NO REAL PEOPLE OR RECOVERY ANSWERS,F0083,mothers_maiden_name,False,True,True
SYNTHETIC DATA - NO REAL PEOPLE OR RECOVERY ANSWERS,F0083,first_pet_name,False,False,False
SYNTHETIC DATA - NO REAL PEOPLE OR RECOVERY ANSWERS,F0083,wedding_location,True,False,False
SYNTHETIC DATA - NO REAL PEOPLE OR RECOVERY ANSWERS,F0083,street_grew_up_on,False,False,False
SYNTHETIC DATA - NO REAL PEOPLE OR RECOVERY ANSWERS,F0083,first_car_model,False,False,False
SYNTHETIC DATA - NO REAL PEOPLE OR RECOVERY ANSWERS,F0083,favorite_sports_team,False,True,True
SYNTHETIC DATA - NO REAL PEOPLE OR RECOVERY ANSWERS,F0083,favorite_food,False,False,False
SYNTHETIC DATA - NO REAL PEOPLE OR RECOVERY ANSWERS,F0084,current_employer,True,True,True
SYNTHETIC DATA - NO REAL PEOPLE OR RECOVERY ANSWERS,F0084,high_school,False,True,True
SYNTHETIC DATA - NO REAL PEOPLE OR RECOVERY ANSWERS,F0084,birth_city,False,True,True
SYNTHETIC DATA - NO REAL PEOPLE OR RECOVERY ANSWERS,F0084,mothers_maiden_name,False,True,True
SYNTHETIC DATA - NO REAL PEOPLE OR RECOVERY ANSWERS,F0084,first_pet_name,False,True,True
SYNTHETIC DATA - NO REAL PEOPLE OR RECOVERY ANSWERS,F0084,wedding_location,False,False,False
SYNTHETIC DATA - NO REAL PEOPLE OR RECOVERY ANSWERS,F0084,street_grew_up_on,False,True,False
SYNTHETIC DATA - NO REAL PEOPLE OR RECOVERY ANSWERS,F0084,first_car_model,True,True,True
SYNTHETIC DATA - NO REAL PEOPLE OR RECOVERY ANSWERS,F0084,favorite_sports_team,False,False,False
SYNTHETIC DATA - NO REAL PEOPLE OR RECOVERY ANSWERS,F0084,favorite_food,False,False,False
SYNTHETIC DATA - NO REAL PEOPLE OR RECOVERY ANSWERS,F0085,current_employer,False,True,True
SYNTHETIC DATA - NO REAL PEOPLE OR RECOVERY ANSWERS,F0085,high_school,False,True,True
SYNTHETIC DATA - NO REAL PEOPLE OR RECOVERY ANSWERS,F0085,birth_city,True,False,False
SYNTHETIC DATA - NO REAL PEOPLE OR RECOVERY ANSWERS,F0085,mothers_maiden_name,False,True,True
SYNTHETIC DATA - NO REAL PEOPLE OR RECOVERY ANSWERS,F0085,first_pet_name,True,False,False
SYNTHETIC DATA - NO REAL PEOPLE OR RECOVERY ANSWERS,F0085,wedding_location,False,False,False
SYNTHETIC DATA - NO REAL PEOPLE OR RECOVERY ANSWERS,F0085,street_grew_up_on,False,True,True
SYNTHETIC DATA - NO REAL PEOPLE OR RECOVERY ANSWERS,F0085,first_car_model,False,True,True
SYNTHETIC DATA - NO REAL PEOPLE OR RECOVERY ANSWERS,F0085,favorite_sports_team,True,True,True
SYNTHETIC DATA - NO REAL PEOPLE OR RECOVERY ANSWERS,F0085,favorite_food,False,False,False
SYNTHETIC DATA - NO REAL PEOPLE OR RECOVERY ANSWERS,F0086,current_employer,False,True,True
SYNTHETIC DATA - NO REAL PEOPLE OR RECOVERY ANSWERS,F0086,high_school,True,True,True
SYNTHETIC DATA - NO REAL PEOPLE OR RECOVERY ANSWERS,F0086,birth_city,True,True,True
SYNTHETIC DATA - NO REAL PEOPLE OR RECOVERY ANSWERS,F0086,mothers_maiden_name,False,True,True
SYNTHETIC DATA - NO REAL PEOPLE OR RECOVERY ANSWERS,F0086,first_pet_name,True,False,False
SYNTHETIC DATA - NO REAL PEOPLE OR RECOVERY ANSWERS,F0086,wedding_location,False,True,True
SYNTHETIC DATA - NO REAL PEOPLE OR RECOVERY ANSWERS,F0086,street_grew_up_on,False,True,False
SYNTHETIC DATA - NO REAL PEOPLE OR RECOVERY ANSWERS,F0086,first_car_model,False,False,False
SYNTHETIC DATA - NO REAL PEOPLE OR RECOVERY ANSWERS,F0086,favorite_sports_team,False,True,False
SYNTHETIC DATA - NO REAL PEOPLE OR RECOVERY ANSWERS,F0086,favorite_food,False,False,False
SYNTHETIC DATA - NO REAL PEOPLE OR RECOVERY ANSWERS,F0087,current_employer,True,True,True
SYNTHETIC DATA - NO REAL PEOPLE OR RECOVERY ANSWERS,F0087,high_school,False,True,True
SYNTHETIC DATA - NO REAL PEOPLE OR RECOVERY ANSWERS,F0087,birth_city,True,True,False
SYNTHETIC DATA - NO REAL PEOPLE OR RECOVERY ANSWERS,F0087,mothers_maiden_name,False,False,False
SYNTHETIC DATA - NO REAL PEOPLE OR RECOVERY ANSWERS,F0087,first_pet_name,True,False,False
SYNTHETIC DATA - NO REAL PEOPLE OR RECOVERY ANSWERS,F0087,wedding_location,False,False,False
SYNTHETIC DATA - NO REAL PEOPLE OR RECOVERY ANSWERS,F0087,street_grew_up_on,False,True,True
SYNTHETIC DATA - NO REAL PEOPLE OR RECOVERY ANSWERS,F0087,first_car_model,False,True,False
SYNTHETIC DATA - NO REAL PEOPLE OR RECOVERY ANSWERS,F0087,favorite_sports_team,True,False,False
SYNTHETIC DATA - NO REAL PEOPLE OR RECOVERY ANSWERS,F0087,favorite_food,False,True,True
SYNTHETIC DATA - NO REAL PEOPLE OR RECOVERY ANSWERS,F0088,current_employer,True,True,True
SYNTHETIC DATA - NO REAL PEOPLE OR RECOVERY ANSWERS,F0088,high_school,False,True,True
SYNTHETIC DATA - NO REAL PEOPLE OR RECOVERY ANSWERS,F0088,birth_city,False,True,True
SYNTHETIC DATA - NO REAL PEOPLE OR RECOVERY ANSWERS,F0088,mothers_maiden_name,False,False,False
SYNTHETIC DATA - NO REAL PEOPLE OR RECOVERY ANSWERS,F0088,first_pet_name,False,True,True
SYNTHETIC DATA - NO REAL PEOPLE OR RECOVERY ANSWERS,F0088,wedding_location,False,True,True
SYNTHETIC DATA - NO REAL PEOPLE OR RECOVERY ANSWERS,F0088,street_grew_up_on,False,True,True
SYNTHETIC DATA - NO REAL PEOPLE OR RECOVERY ANSWERS,F0088,first_car_model,False,True,True
SYNTHETIC DATA - NO REAL PEOPLE OR RECOVERY ANSWERS,F0088,favorite_sports_team,False,False,False
SYNTHETIC DATA - NO REAL PEOPLE OR RECOVERY ANSWERS,F0088,favorite_food,False,False,False
SYNTHETIC DATA - NO REAL PEOPLE OR RECOVERY ANSWERS,F0089,current_employer,False,True,True
SYNTHETIC DATA - NO REAL PEOPLE OR RECOVERY ANSWERS,F0089,high_school,True,False,False
SYNTHETIC DATA - NO REAL PEOPLE OR RECOVERY ANSWERS,F0089,birth_city,True,True,True
SYNTHETIC DATA - NO REAL PEOPLE OR RECOVERY ANSWERS,F0089,mothers_maiden_name,False,False,False
SYNTHETIC DATA - NO REAL PEOPLE OR RECOVERY ANSWERS,F0089,first_pet_name,False,False,False
SYNTHETIC DATA - NO REAL PEOPLE OR RECOVERY ANSWERS,F0089,wedding_location,False,False,False
SYNTHETIC DATA - NO REAL PEOPLE OR RECOVERY ANSWERS,F0089,street_grew_up_on,False,False,False
SYNTHETIC DATA - NO REAL PEOPLE OR RECOVERY ANSWERS,F0089,first_car_model,True,False,False
SYNTHETIC DATA - NO REAL PEOPLE OR RECOVERY ANSWERS,F0089,favorite_sports_team,True,False,False
SYNTHETIC DATA - NO REAL PEOPLE OR RECOVERY ANSWERS,F0089,favorite_food,False,True,False
SYNTHETIC DATA - NO REAL PEOPLE OR RECOVERY ANSWERS,F0090,current_employer,False,True,True
SYNTHETIC DATA - NO REAL PEOPLE OR RECOVERY ANSWERS,F0090,high_school,True,False,False
SYNTHETIC DATA - NO REAL PEOPLE OR RECOVERY ANSWERS,F0090,birth_city,True,True,False
SYNTHETIC DATA - NO REAL PEOPLE OR RECOVERY ANSWERS,F0090,mothers_maiden_name,False,True,True
SYNTHETIC DATA - NO REAL PEOPLE OR RECOVERY ANSWERS,F0090,first_pet_name,False,True,True
SYNTHETIC DATA - NO REAL PEOPLE OR RECOVERY ANSWERS,F0090,wedding_location,False,True,True
SYNTHETIC DATA - NO REAL PEOPLE OR RECOVERY ANSWERS,F0090,street_grew_up_on,False,True,True
SYNTHETIC DATA - NO REAL PEOPLE OR RECOVERY ANSWERS,F0090,first_car_model,False,False,False
SYNTHETIC DATA - NO REAL PEOPLE OR RECOVERY ANSWERS,F0090,favorite_sports_team,False,True,True
SYNTHETIC DATA - NO REAL PEOPLE OR RECOVERY ANSWERS,F0090,favorite_food,False,True,False
SYNTHETIC DATA - NO REAL PEOPLE OR RECOVERY ANSWERS,F0091,current_employer,False,True,True
SYNTHETIC DATA - NO REAL PEOPLE OR RECOVERY ANSWERS,F0091,high_school,False,True,True
SYNTHETIC DATA - NO REAL PEOPLE OR RECOVERY ANSWERS,F0091,birth_city,True,True,False
SYNTHETIC DATA - NO REAL PEOPLE OR RECOVERY ANSWERS,F0091,mothers_maiden_name,True,True,False
SYNTHETIC DATA - NO REAL PEOPLE OR RECOVERY ANSWERS,F0091,first_pet_name,False,True,True
SYNTHETIC DATA - NO REAL PEOPLE OR RECOVERY ANSWERS,F0091,wedding_location,False,False,False
SYNTHETIC DATA - NO REAL PEOPLE OR RECOVERY ANSWERS,F0091,street_grew_up_on,False,False,False
SYNTHETIC DATA - NO REAL PEOPLE OR RECOVERY ANSWERS,F0091,first_car_model,True,True,True
SYNTHETIC DATA - NO REAL PEOPLE OR RECOVERY ANSWERS,F0091,favorite_sports_team,False,False,False
SYNTHETIC DATA - NO REAL PEOPLE OR RECOVERY ANSWERS,F0091,favorite_food,False,False,False
SYNTHETIC DATA - NO REAL PEOPLE OR RECOVERY ANSWERS,F0092,current_employer,False,True,True
SYNTHETIC DATA - NO REAL PEOPLE OR RECOVERY ANSWERS,F0092,high_school,False,True,True
SYNTHETIC DATA - NO REAL PEOPLE OR RECOVERY ANSWERS,F0092,birth_city,True,False,False
SYNTHETIC DATA - NO REAL PEOPLE OR RECOVERY ANSWERS,F0092,mothers_maiden_name,True,False,False
SYNTHETIC DATA - NO REAL PEOPLE OR RECOVERY ANSWERS,F0092,first_pet_name,True,False,False
SYNTHETIC DATA - NO REAL PEOPLE OR RECOVERY ANSWERS,F0092,wedding_location,True,False,False
SYNTHETIC DATA - NO REAL PEOPLE OR RECOVERY ANSWERS,F0092,street_grew_up_on,False,False,False
SYNTHETIC DATA - NO REAL PEOPLE OR RECOVERY ANSWERS,F0092,first_car_model,True,False,False
SYNTHETIC DATA - NO REAL PEOPLE OR RECOVERY ANSWERS,F0092,favorite_sports_team,False,False,False
SYNTHETIC DATA - NO REAL PEOPLE OR RECOVERY ANSWERS,F0092,favorite_food,False,False,False
SYNTHETIC DATA - NO REAL PEOPLE OR RECOVERY ANSWERS,F0093,current_employer,True,True,True
SYNTHETIC DATA - NO REAL PEOPLE OR RECOVERY ANSWERS,F0093,high_school,False,True,True
SYNTHETIC DATA - NO REAL PEOPLE OR RECOVERY ANSWERS,F0093,birth_city,True,False,False
SYNTHETIC DATA - NO REAL PEOPLE OR RECOVERY ANSWERS,F0093,mothers_maiden_name,True,True,True
SYNTHETIC DATA - NO REAL PEOPLE OR RECOVERY ANSWERS,F0093,first_pet_name,True,False,False
SYNTHETIC DATA - NO REAL PEOPLE OR RECOVERY ANSWERS,F0093,wedding_location,False,True,True
SYNTHETIC DATA - NO REAL PEOPLE OR RECOVERY ANSWERS,F0093,street_grew_up_on,False,True,False
SYNTHETIC DATA - NO REAL PEOPLE OR RECOVERY ANSWERS,F0093,first_car_model,False,False,False
SYNTHETIC DATA - NO REAL PEOPLE OR RECOVERY ANSWERS,F0093,favorite_sports_team,True,True,False
SYNTHETIC DATA - NO REAL PEOPLE OR RECOVERY ANSWERS,F0093,favorite_food,False,False,False
SYNTHETIC DATA - NO REAL PEOPLE OR RECOVERY ANSWERS,F0094,current_employer,True,True,True
SYNTHETIC DATA - NO REAL PEOPLE OR RECOVERY ANSWERS,F0094,high_school,False,True,True
SYNTHETIC DATA - NO REAL PEOPLE OR RECOVERY ANSWERS,F0094,birth_city,False,False,False
SYNTHETIC DATA - NO REAL PEOPLE OR RECOVERY ANSWERS,F0094,mothers_maiden_name,False,False,False
SYNTHETIC DATA - NO REAL PEOPLE OR RECOVERY ANSWERS,F0094,first_pet_name,False,False,False
SYNTHETIC DATA - NO REAL PEOPLE OR RECOVERY ANSWERS,F0094,wedding_location,False,True,True
SYNTHETIC DATA - NO REAL PEOPLE OR RECOVERY ANSWERS,F0094,street_grew_up_on,True,True,False
SYNTHETIC DATA - NO REAL PEOPLE OR RECOVERY ANSWERS,F0094,first_car_model,False,False,False
SYNTHETIC DATA - NO REAL PEOPLE OR RECOVERY ANSWERS,F0094,favorite_sports_team,True,False,False
SYNTHETIC DATA - NO REAL PEOPLE OR RECOVERY ANSWERS,F0094,favorite_food,False,False,False
SYNTHETIC DATA - NO REAL PEOPLE OR RECOVERY ANSWERS,F0095,current_employer,True,True,True
SYNTHETIC DATA - NO REAL PEOPLE OR RECOVERY ANSWERS,F0095,high_school,True,True,True
SYNTHETIC DATA - NO REAL PEOPLE OR RECOVERY ANSWERS,F0095,birth_city,False,True,True
SYNTHETIC DATA - NO REAL PEOPLE OR RECOVERY ANSWERS,F0095,mothers_maiden_name,False,True,True
SYNTHETIC DATA - NO REAL PEOPLE OR RECOVERY ANSWERS,F0095,first_pet_name,True,True,False
SYNTHETIC DATA - NO REAL PEOPLE OR RECOVERY ANSWERS,F0095,wedding_location,False,True,True
SYNTHETIC DATA - NO REAL PEOPLE OR RECOVERY ANSWERS,F0095,street_grew_up_on,False,False,False
SYNTHETIC DATA - NO REAL PEOPLE OR RECOVERY ANSWERS,F0095,first_car_model,False,True,True
SYNTHETIC DATA - NO REAL PEOPLE OR RECOVERY ANSWERS,F0095,favorite_sports_team,True,False,False
SYNTHETIC DATA - NO REAL PEOPLE OR RECOVERY ANSWERS,F0095,favorite_food,False,False,False
SYNTHETIC DATA - NO REAL PEOPLE OR RECOVERY ANSWERS,F0096,current_employer,True,True,True
SYNTHETIC DATA - NO REAL PEOPLE OR RECOVERY ANSWERS,F0096,high_school,True,True,True
SYNTHETIC DATA - NO REAL PEOPLE OR RECOVERY ANSWERS,F0096,birth_city,True,False,False
SYNTHETIC DATA - NO REAL PEOPLE OR RECOVERY ANSWERS,F0096,mothers_maiden_name,False,True,True
SYNTHETIC DATA - NO REAL PEOPLE OR RECOVERY ANSWERS,F0096,first_pet_name,True,False,False
SYNTHETIC DATA - NO REAL PEOPLE OR RECOVERY ANSWERS,F0096,wedding_location,True,True,True
SYNTHETIC DATA - NO REAL PEOPLE OR RECOVERY ANSWERS,F0096,street_grew_up_on,True,False,False
SYNTHETIC DATA - NO REAL PEOPLE OR RECOVERY ANSWERS,F0096,first_car_model,False,False,False
SYNTHETIC DATA - NO REAL PEOPLE OR RECOVERY ANSWERS,F0096,favorite_sports_team,True,False,False
SYNTHETIC DATA - NO REAL PEOPLE OR RECOVERY ANSWERS,F0096,favorite_food,False,False,False
SYNTHETIC DATA - NO REAL PEOPLE OR RECOVERY ANSWERS,F0097,current_employer,False,False,False
SYNTHETIC DATA - NO REAL PEOPLE OR RECOVERY ANSWERS,F0097,high_school,False,False,False
SYNTHETIC DATA - NO REAL PEOPLE OR RECOVERY ANSWERS,F0097,birth_city,True,True,True
SYNTHETIC DATA - NO REAL PEOPLE OR RECOVERY ANSWERS,F0097,mothers_maiden_name,False,False,False
SYNTHETIC DATA - NO REAL PEOPLE OR RECOVERY ANSWERS,F0097,first_pet_name,False,False,False
SYNTHETIC DATA - NO REAL PEOPLE OR RECOVERY ANSWERS,F0097,wedding_location,False,True,True
SYNTHETIC DATA - NO REAL PEOPLE OR RECOVERY ANSWERS,F0097,street_grew_up_on,False,True,True
SYNTHETIC DATA - NO REAL PEOPLE OR RECOVERY ANSWERS,F0097,first_car_model,False,False,False
SYNTHETIC DATA - NO REAL PEOPLE OR RECOVERY ANSWERS,F0097,favorite_sports_team,False,True,True
SYNTHETIC DATA - NO REAL PEOPLE OR RECOVERY ANSWERS,F0097,favorite_food,False,True,True
SYNTHETIC DATA - NO REAL PEOPLE OR RECOVERY ANSWERS,F0098,current_employer,False,True,True
SYNTHETIC DATA - NO REAL PEOPLE OR RECOVERY ANSWERS,F0098,high_school,True,True,True
SYNTHETIC DATA - NO REAL PEOPLE OR RECOVERY ANSWERS,F0098,birth_city,False,True,True
SYNTHETIC DATA - NO REAL PEOPLE OR RECOVERY ANSWERS,F0098,mothers_maiden_name,False,True,True
SYNTHETIC DATA - NO REAL PEOPLE OR RECOVERY ANSWERS,F0098,first_pet_name,True,True,True
SYNTHETIC DATA - NO REAL PEOPLE OR RECOVERY ANSWERS,F0098,wedding_location,False,False,False
SYNTHETIC DATA - NO REAL PEOPLE OR RECOVERY ANSWERS,F0098,street_grew_up_on,False,True,False
SYNTHETIC DATA - NO REAL PEOPLE OR RECOVERY ANSWERS,F0098,first_car_model,False,False,False
SYNTHETIC DATA - NO REAL PEOPLE OR RECOVERY ANSWERS,F0098,favorite_sports_team,True,False,False
SYNTHETIC DATA - NO REAL PEOPLE OR RECOVERY ANSWERS,F0098,favorite_food,False,False,False
SYNTHETIC DATA - NO REAL PEOPLE OR RECOVERY ANSWERS,F0099,current_employer,True,True,True
SYNTHETIC DATA - NO REAL PEOPLE OR RECOVERY ANSWERS,F0099,high_school,False,True,True
SYNTHETIC DATA - NO REAL PEOPLE OR RECOVERY ANSWERS,F0099,birth_city,False,False,False
SYNTHETIC DATA - NO REAL PEOPLE OR RECOVERY ANSWERS,F0099,mothers_maiden_name,False,False,False
SYNTHETIC DATA - NO REAL PEOPLE OR RECOVERY ANSWERS,F0099,first_pet_name,False,False,False
SYNTHETIC DATA - NO REAL PEOPLE OR RECOVERY ANSWERS,F0099,wedding_location,False,True,True
SYNTHETIC DATA - NO REAL PEOPLE OR RECOVERY ANSWERS,F0099,street_grew_up_on,False,True,False
SYNTHETIC DATA - NO REAL PEOPLE OR RECOVERY ANSWERS,F0099,first_car_model,True,False,False
SYNTHETIC DATA - NO REAL PEOPLE OR RECOVERY ANSWERS,F0099,favorite_sports_team,False,True,True
SYNTHETIC DATA - NO REAL PEOPLE OR RECOVERY ANSWERS,F0099,favorite_food,False,False,False
SYNTHETIC DATA - NO REAL PEOPLE OR RECOVERY ANSWERS,F0100,current_employer,True,True,True
SYNTHETIC DATA - NO REAL PEOPLE OR RECOVERY ANSWERS,F0100,high_school,False,True,True
SYNTHETIC DATA - NO REAL PEOPLE OR RECOVERY ANSWERS,F0100,birth_city,True,False,False
SYNTHETIC DATA - NO REAL PEOPLE OR RECOVERY ANSWERS,F0100,mothers_maiden_name,False,True,True
SYNTHETIC DATA - NO REAL PEOPLE OR RECOVERY ANSWERS,F0100,first_pet_name,False,True,False
SYNTHETIC DATA - NO REAL PEOPLE OR RECOVERY ANSWERS,F0100,wedding_location,True,True,True
SYNTHETIC DATA - NO REAL PEOPLE OR RECOVERY ANSWERS,F0100,street_grew_up_on,False,False,False
SYNTHETIC DATA - NO REAL PEOPLE OR RECOVERY ANSWERS,F0100,first_car_model,False,False,False
SYNTHETIC DATA - NO REAL PEOPLE OR RECOVERY ANSWERS,F0100,favorite_sports_team,False,True,True
SYNTHETIC DATA - NO REAL PEOPLE OR RECOVERY ANSWERS,F0100,favorite_food,False,False,False
SYNTHETIC DATA - NO REAL PEOPLE OR RECOVERY ANSWERS,F0101,current_employer,True,False,False
SYNTHETIC DATA - NO REAL PEOPLE OR RECOVERY ANSWERS,F0101,high_school,True,True,True
SYNTHETIC DATA - NO REAL PEOPLE OR RECOVERY ANSWERS,F0101,birth_city,False,False,False
SYNTHETIC DATA - NO REAL PEOPLE OR RECOVERY ANSWERS,F0101,mothers_maiden_name,False,False,False
SYNTHETIC DATA - NO REAL PEOPLE OR RECOVERY ANSWERS,F0101,first_pet_name,False,False,False
SYNTHETIC DATA - NO REAL PEOPLE OR RECOVERY ANSWERS,F0101,wedding_location,False,True,False
SYNTHETIC DATA - NO REAL PEOPLE OR RECOVERY ANSWERS,F0101,street_grew_up_on,True,False,False
SYNTHETIC DATA - NO REAL PEOPLE OR RECOVERY ANSWERS,F0101,first_car_model,False,False,False
SYNTHETIC DATA - NO REAL PEOPLE OR RECOVERY ANSWERS,F0101,favorite_sports_team,False,False,False
SYNTHETIC DATA - NO REAL PEOPLE OR RECOVERY ANSWERS,F0101,favorite_food,False,True,True
SYNTHETIC DATA - NO REAL PEOPLE OR RECOVERY ANSWERS,F0102,current_employer,True,True,True
SYNTHETIC DATA - NO REAL PEOPLE OR RECOVERY ANSWERS,F0102,high_school,True,False,False
SYNTHETIC DATA - NO REAL PEOPLE OR RECOVERY ANSWERS,F0102,birth_city,False,False,False
SYNTHETIC DATA - NO REAL PEOPLE OR RECOVERY ANSWERS,F0102,mothers_maiden_name,False,False,False
SYNTHETIC DATA - NO REAL PEOPLE OR RECOVERY ANSWERS,F0102,first_pet_name,False,True,True
SYNTHETIC DATA - NO REAL PEOPLE OR RECOVERY ANSWERS,F0102,wedding_location,False,False,False
SYNTHETIC DATA - NO REAL PEOPLE OR RECOVERY ANSWERS,F0102,street_grew_up_on,False,True,True
SYNTHETIC DATA - NO REAL PEOPLE OR RECOVERY ANSWERS,F0102,first_car_model,True,True,True
SYNTHETIC DATA - NO REAL PEOPLE OR RECOVERY ANSWERS,F0102,favorite_sports_team,False,True,True
SYNTHETIC DATA - NO REAL PEOPLE OR RECOVERY ANSWERS,F0102,favorite_food,False,False,False
SYNTHETIC DATA - NO REAL PEOPLE OR RECOVERY ANSWERS,F0103,current_employer,True,True,True
SYNTHETIC DATA - NO REAL PEOPLE OR RECOVERY ANSWERS,F0103,high_school,True,False,False
SYNTHETIC DATA - NO REAL PEOPLE OR RECOVERY ANSWERS,F0103,birth_city,False,True,True
SYNTHETIC DATA - NO REAL PEOPLE OR RECOVERY ANSWERS,F0103,mothers_maiden_name,False,True,True
SYNTHETIC DATA - NO REAL PEOPLE OR RECOVERY ANSWERS,F0103,first_pet_name,False,False,False
SYNTHETIC DATA - NO REAL PEOPLE OR RECOVERY ANSWERS,F0103,wedding_location,False,True,True
SYNTHETIC DATA - NO REAL PEOPLE OR RECOVERY ANSWERS,F0103,street_grew_up_on,False,False,False
SYNTHETIC DATA - NO REAL PEOPLE OR RECOVERY ANSWERS,F0103,first_car_model,False,False,False
SYNTHETIC DATA - NO REAL PEOPLE OR RECOVERY ANSWERS,F0103,favorite_sports_team,False,False,False
SYNTHETIC DATA - NO REAL PEOPLE OR RECOVERY ANSWERS,F0103,favorite_food,False,False,False
SYNTHETIC DATA - NO REAL PEOPLE OR RECOVERY ANSWERS,F0104,current_employer,True,False,False
SYNTHETIC DATA - NO REAL PEOPLE OR RECOVERY ANSWERS,F0104,high_school,True,False,False
SYNTHETIC DATA - NO REAL PEOPLE OR RECOVERY ANSWERS,F0104,birth_city,False,False,False
SYNTHETIC DATA - NO REAL PEOPLE OR RECOVERY ANSWERS,F0104,mothers_maiden_name,True,True,True
SYNTHETIC DATA - NO REAL PEOPLE OR RECOVERY ANSWERS,F0104,first_pet_name,True,False,False
SYNTHETIC DATA - NO REAL PEOPLE OR RECOVERY ANSWERS,F0104,wedding_location,False,True,True
SYNTHETIC DATA - NO REAL PEOPLE OR RECOVERY ANSWERS,F0104,street_grew_up_on,True,False,False
SYNTHETIC DATA - NO REAL PEOPLE OR RECOVERY ANSWERS,F0104,first_car_model,False,False,False
SYNTHETIC DATA - NO REAL PEOPLE OR RECOVERY ANSWERS,F0104,favorite_sports_team,False,True,True
SYNTHETIC DATA - NO REAL PEOPLE OR RECOVERY ANSWERS,F0104,favorite_food,False,False,False
SYNTHETIC DATA - NO REAL PEOPLE OR RECOVERY ANSWERS,F0105,current_employer,True,True,True
SYNTHETIC DATA - NO REAL PEOPLE OR RECOVERY ANSWERS,F0105,high_school,True,True,True
SYNTHETIC DATA - NO REAL PEOPLE OR RECOVERY ANSWERS,F0105,birth_city,False,False,False
SYNTHETIC DATA - NO REAL PEOPLE OR RECOVERY ANSWERS,F0105,mothers_maiden_name,True,False,False
SYNTHETIC DATA - NO REAL PEOPLE OR RECOVERY ANSWERS,F0105,first_pet_name,True,False,False
SYNTHETIC DATA - NO REAL PEOPLE OR RECOVERY ANSWERS,F0105,wedding_location,False,False,False
SYNTHETIC DATA - NO REAL PEOPLE OR RECOVERY ANSWERS,F0105,street_grew_up_on,False,False,False
SYNTHETIC DATA - NO REAL PEOPLE OR RECOVERY ANSWERS,F0105,first_car_model,False,False,False
SYNTHETIC DATA - NO REAL PEOPLE OR RECOVERY ANSWERS,F0105,favorite_sports_team,True,False,False
SYNTHETIC DATA - NO REAL PEOPLE OR RECOVERY ANSWERS,F0105,favorite_food,False,False,False
SYNTHETIC DATA - NO REAL PEOPLE OR RECOVERY ANSWERS,F0106,current_employer,True,True,True
SYNTHETIC DATA - NO REAL PEOPLE OR RECOVERY ANSWERS,F0106,high_school,True,True,True
SYNTHETIC DATA - NO REAL PEOPLE OR RECOVERY ANSWERS,F0106,birth_city,False,False,False
SYNTHETIC DATA - NO REAL PEOPLE OR RECOVERY ANSWERS,F0106,mothers_maiden_name,False,True,True
SYNTHETIC DATA - NO REAL PEOPLE OR RECOVERY ANSWERS,F0106,first_pet_name,False,False,False
SYNTHETIC DATA - NO REAL PEOPLE OR RECOVERY ANSWERS,F0106,wedding_location,False,True,True
SYNTHETIC DATA - NO REAL PEOPLE OR RECOVERY ANSWERS,F0106,street_grew_up_on,True,False,False
SYNTHETIC DATA - NO REAL PEOPLE OR RECOVERY ANSWERS,F0106,first_car_model,False,False,False
SYNTHETIC DATA - NO REAL PEOPLE OR RECOVERY ANSWERS,F0106,favorite_sports_team,False,False,False
SYNTHETIC DATA - NO REAL PEOPLE OR RECOVERY ANSWERS,F0106,favorite_food,False,True,True
SYNTHETIC DATA - NO REAL PEOPLE OR RECOVERY ANSWERS,F0107,current_employer,False,False,False
SYNTHETIC DATA - NO REAL PEOPLE OR RECOVERY ANSWERS,F0107,high_school,False,True,True
SYNTHETIC DATA - NO REAL PEOPLE OR RECOVERY ANSWERS,F0107,birth_city,False,False,False
SYNTHETIC DATA - NO REAL PEOPLE OR RECOVERY ANSWERS,F0107,mothers_maiden_name,False,True,False
SYNTHETIC DATA - NO REAL PEOPLE OR RECOVERY ANSWERS,F0107,first_pet_name,False,True,False
SYNTHETIC DATA - NO REAL PEOPLE OR RECOVERY ANSWERS,F0107,wedding_location,True,True,True
SYNTHETIC DATA - NO REAL PEOPLE OR RECOVERY ANSWERS,F0107,street_grew_up_on,False,False,False
SYNTHETIC DATA - NO REAL PEOPLE OR RECOVERY ANSWERS,F0107,first_car_model,False,True,False
SYNTHETIC DATA - NO REAL PEOPLE OR RECOVERY ANSWERS,F0107,favorite_sports_team,False,True,True
SYNTHETIC DATA - NO REAL PEOPLE OR RECOVERY ANSWERS,F0107,favorite_food,False,False,False
SYNTHETIC DATA - NO REAL PEOPLE OR RECOVERY ANSWERS,F0108,current_employer,True,True,True
SYNTHETIC DATA - NO REAL PEOPLE OR RECOVERY ANSWERS,F0108,high_school,True,False,False
SYNTHETIC DATA - NO REAL PEOPLE OR RECOVERY ANSWERS,F0108,birth_city,False,False,False
SYNTHETIC DATA - NO REAL PEOPLE OR RECOVERY ANSWERS,F0108,mothers_maiden_name,True,False,False
SYNTHETIC DATA - NO REAL PEOPLE OR RECOVERY ANSWERS,F0108,first_pet_name,False,True,True
SYNTHETIC DATA - NO REAL PEOPLE OR RECOVERY ANSWERS,F0108,wedding_location,True,True,False
SYNTHETIC DATA - NO REAL PEOPLE OR RECOVERY ANSWERS,F0108,street_grew_up_on,False,False,False
SYNTHETIC DATA - NO REAL PEOPLE OR RECOVERY ANSWERS,F0108,first_car_model,True,True,False
SYNTHETIC DATA - NO REAL PEOPLE OR RECOVERY ANSWERS,F0108,favorite_sports_team,True,False,False
SYNTHETIC DATA - NO REAL PEOPLE OR RECOVERY ANSWERS,F0108,favorite_food,False,False,False
SYNTHETIC DATA - NO REAL PEOPLE OR RECOVERY ANSWERS,F0109,current_employer,True,True,True
SYNTHETIC DATA - NO REAL PEOPLE OR RECOVERY ANSWERS,F0109,high_school,False,True,True
SYNTHETIC DATA - NO REAL PEOPLE OR RECOVERY ANSWERS,F0109,birth_city,False,True,True
SYNTHETIC DATA - NO REAL PEOPLE OR RECOVERY ANSWERS,F0109,mothers_maiden_name,True,True,False
SYNTHETIC DATA - NO REAL PEOPLE OR RECOVERY ANSWERS,F0109,first_pet_name,False,True,True
SYNTHETIC DATA - NO REAL PEOPLE OR RECOVERY ANSWERS,F0109,wedding_location,False,True,True
SYNTHETIC DATA - NO REAL PEOPLE OR RECOVERY ANSWERS,F0109,street_grew_up_on,True,False,False
SYNTHETIC DATA - NO REAL PEOPLE OR RECOVERY ANSWERS,F0109,first_car_model,False,False,False
SYNTHETIC DATA - NO REAL PEOPLE OR RECOVERY ANSWERS,F0109,favorite_sports_team,False,False,False
SYNTHETIC DATA - NO REAL PEOPLE OR RECOVERY ANSWERS,F0109,favorite_food,False,False,False
SYNTHETIC DATA - NO REAL PEOPLE OR RECOVERY ANSWERS,F0110,current_employer,True,True,True
SYNTHETIC DATA - NO REAL PEOPLE OR RECOVERY ANSWERS,F0110,high_school,True,False,False
SYNTHETIC DATA - NO REAL PEOPLE OR RECOVERY ANSWERS,F0110,birth_city,True,False,False
SYNTHETIC DATA - NO REAL PEOPLE OR RECOVERY ANSWERS,F0110,mothers_maiden_name,True,True,True
SYNTHETIC DATA - NO REAL PEOPLE OR RECOVERY ANSWERS,F0110,first_pet_name,True,True,True
SYNTHETIC DATA - NO REAL PEOPLE OR RECOVERY ANSWERS,F0110,wedding_location,False,False,False
SYNTHETIC DATA - NO REAL PEOPLE OR RECOVERY ANSWERS,F0110,street_grew_up_on,False,True,False
SYNTHETIC DATA - NO REAL PEOPLE OR RECOVERY ANSWERS,F0110,first_car_model,True,False,False
SYNTHETIC DATA - NO REAL PEOPLE OR RECOVERY ANSWERS,F0110,favorite_sports_team,True,True,True
SYNTHETIC DATA - NO REAL PEOPLE OR RECOVERY ANSWERS,F0110,favorite_food,True,False,False
SYNTHETIC DATA - NO REAL PEOPLE OR RECOVERY ANSWERS,F0111,current_employer,False,True,True
SYNTHETIC DATA - NO REAL PEOPLE OR RECOVERY ANSWERS,F0111,high_school,False,True,True
SYNTHETIC DATA - NO REAL PEOPLE OR RECOVERY ANSWERS,F0111,birth_city,True,True,True
SYNTHETIC DATA - NO REAL PEOPLE OR RECOVERY ANSWERS,F0111,mothers_maiden_name,False,True,True
SYNTHETIC DATA - NO REAL PEOPLE OR RECOVERY ANSWERS,F0111,first_pet_name,False,False,False
SYNTHETIC DATA - NO REAL PEOPLE OR RECOVERY ANSWERS,F0111,wedding_location,False,True,True
SYNTHETIC DATA - NO REAL PEOPLE OR RECOVERY ANSWERS,F0111,street_grew_up_on,False,True,False
SYNTHETIC DATA - NO REAL PEOPLE OR RECOVERY ANSWERS,F0111,first_car_model,False,True,True
SYNTHETIC DATA - NO REAL PEOPLE OR RECOVERY ANSWERS,F0111,favorite_sports_team,False,False,False
SYNTHETIC DATA - NO REAL PEOPLE OR RECOVERY ANSWERS,F0111,favorite_food,False,False,False
SYNTHETIC DATA - NO REAL PEOPLE OR RECOVERY ANSWERS,F0112,current_employer,False,True,True
SYNTHETIC DATA - NO REAL PEOPLE OR RECOVERY ANSWERS,F0112,high_school,True,True,True
SYNTHETIC DATA - NO REAL PEOPLE OR RECOVERY ANSWERS,F0112,birth_city,True,True,True
SYNTHETIC DATA - NO REAL PEOPLE OR RECOVERY ANSWERS,F0112,mothers_maiden_name,False,True,True
SYNTHETIC DATA - NO REAL PEOPLE OR RECOVERY ANSWERS,F0112,first_pet_name,False,True,False
SYNTHETIC DATA - NO REAL PEOPLE OR RECOVERY ANSWERS,F0112,wedding_location,True,False,False
SYNTHETIC DATA - NO REAL PEOPLE OR RECOVERY ANSWERS,F0112,street_grew_up_on,False,False,False
SYNTHETIC DATA - NO REAL PEOPLE OR RECOVERY ANSWERS,F0112,first_car_model,False,True,False
SYNTHETIC DATA - NO REAL PEOPLE OR RECOVERY ANSWERS,F0112,favorite_sports_team,False,False,False
SYNTHETIC DATA - NO REAL PEOPLE OR RECOVERY ANSWERS,F0112,favorite_food,False,False,False
SYNTHETIC DATA - NO REAL PEOPLE OR RECOVERY ANSWERS,F0113,current_employer,True,True,True
SYNTHETIC DATA - NO REAL PEOPLE OR RECOVERY ANSWERS,F0113,high_school,True,False,False
SYNTHETIC DATA - NO REAL PEOPLE OR RECOVERY ANSWERS,F0113,birth_city,False,False,False
SYNTHETIC DATA - NO REAL PEOPLE OR RECOVERY ANSWERS,F0113,mothers_maiden_name,False,False,False
SYNTHETIC DATA - NO REAL PEOPLE OR RECOVERY ANSWERS,F0113,first_pet_name,False,True,True
SYNTHETIC DATA - NO REAL PEOPLE OR RECOVERY ANSWERS,F0113,wedding_location,False,False,False
SYNTHETIC DATA - NO REAL PEOPLE OR RECOVERY ANSWERS,F0113,street_grew_up_on,False,False,False
SYNTHETIC DATA - NO REAL PEOPLE OR RECOVERY ANSWERS,F0113,first_car_model,True,False,False
SYNTHETIC DATA - NO REAL PEOPLE OR RECOVERY ANSWERS,F0113,favorite_sports_team,False,False,False
SYNTHETIC DATA - NO REAL PEOPLE OR RECOVERY ANSWERS,F0113,favorite_food,False,False,False
SYNTHETIC DATA - NO REAL PEOPLE OR RECOVERY ANSWERS,F0114,current_employer,True,True,False
SYNTHETIC DATA - NO REAL PEOPLE OR RECOVERY ANSWERS,F0114,high_school,False,True,True
SYNTHETIC DATA - NO REAL PEOPLE OR RECOVERY ANSWERS,F0114,birth_city,True,True,True
SYNTHETIC DATA - NO REAL PEOPLE OR RECOVERY ANSWERS,F0114,mothers_maiden_name,True,False,False
SYNTHETIC DATA - NO REAL PEOPLE OR RECOVERY ANSWERS,F0114,first_pet_name,False,True,True
SYNTHETIC DATA - NO REAL PEOPLE OR RECOVERY ANSWERS,F0114,wedding_location,False,False,False
SYNTHETIC DATA - NO REAL PEOPLE OR RECOVERY ANSWERS,F0114,street_grew_up_on,False,False,False
SYNTHETIC DATA - NO REAL PEOPLE OR RECOVERY ANSWERS,F0114,first_car_model,False,False,False
SYNTHETIC DATA - NO REAL PEOPLE OR RECOVERY ANSWERS,F0114,favorite_sports_team,False,False,False
SYNTHETIC DATA - NO REAL PEOPLE OR RECOVERY ANSWERS,F0114,favorite_food,False,False,False
SYNTHETIC DATA - NO REAL PEOPLE OR RECOVERY ANSWERS,F0115,current_employer,True,True,True
SYNTHETIC DATA - NO REAL PEOPLE OR RECOVERY ANSWERS,F0115,high_school,True,False,False
SYNTHETIC DATA - NO REAL PEOPLE OR RECOVERY ANSWERS,F0115,birth_city,False,False,False
SYNTHETIC DATA - NO REAL PEOPLE OR RECOVERY ANSWERS,F0115,mothers_maiden_name,False,True,True
SYNTHETIC DATA - NO REAL PEOPLE OR RECOVERY ANSWERS,F0115,first_pet_name,False,True,True
SYNTHETIC DATA - NO REAL PEOPLE OR RECOVERY ANSWERS,F0115,wedding_location,True,False,False
SYNTHETIC DATA - NO REAL PEOPLE OR RECOVERY ANSWERS,F0115,street_grew_up_on,False,False,False
SYNTHETIC DATA - NO REAL PEOPLE OR RECOVERY ANSWERS,F0115,first_car_model,False,True,False
SYNTHETIC DATA - NO REAL PEOPLE OR RECOVERY ANSWERS,F0115,favorite_sports_team,False,False,False
SYNTHETIC DATA - NO REAL PEOPLE OR RECOVERY ANSWERS,F0115,favorite_food,False,False,False
SYNTHETIC DATA - NO REAL PEOPLE OR RECOVERY ANSWERS,F0116,current_employer,True,True,True
SYNTHETIC DATA - NO REAL PEOPLE OR RECOVERY ANSWERS,F0116,high_school,True,False,False
SYNTHETIC DATA - NO REAL PEOPLE OR RECOVERY ANSWERS,F0116,birth_city,False,True,True
SYNTHETIC DATA - NO REAL PEOPLE OR RECOVERY ANSWERS,F0116,mothers_maiden_name,False,True,True
SYNTHETIC DATA - NO REAL PEOPLE OR RECOVERY ANSWERS,F0116,first_pet_name,False,False,False
SYNTHETIC DATA - NO REAL PEOPLE OR RECOVERY ANSWERS,F0116,wedding_location,False,True,False
SYNTHETIC DATA - NO REAL PEOPLE OR RECOVERY ANSWERS,F0116,street_grew_up_on,False,False,False
SYNTHETIC DATA - NO REAL PEOPLE OR RECOVERY ANSWERS,F0116,first_car_model,False,False,False
SYNTHETIC DATA - NO REAL PEOPLE OR RECOVERY ANSWERS,F0116,favorite_sports_team,False,False,False
SYNTHETIC DATA - NO REAL PEOPLE OR RECOVERY ANSWERS,F0116,favorite_food,False,False,False
SYNTHETIC DATA - NO REAL PEOPLE OR RECOVERY ANSWERS,F0117,current_employer,True,False,False
SYNTHETIC DATA - NO REAL PEOPLE OR RECOVERY ANSWERS,F0117,high_school,True,True,True
SYNTHETIC DATA - NO REAL PEOPLE OR RECOVERY ANSWERS,F0117,birth_city,False,False,False
SYNTHETIC DATA - NO REAL PEOPLE OR RECOVERY ANSWERS,F0117,mothers_maiden_name,False,False,False
SYNTHETIC DATA - NO REAL PEOPLE OR RECOVERY ANSWERS,F0117,first_pet_name,False,False,False
SYNTHETIC DATA - NO REAL PEOPLE OR RECOVERY ANSWERS,F0117,wedding_location,False,False,False
SYNTHETIC DATA - NO REAL PEOPLE OR RECOVERY ANSWERS,F0117,street_grew_up_on,True,False,False
SYNTHETIC DATA - NO REAL PEOPLE OR RECOVERY ANSWERS,F0117,first_car_model,True,True,False
SYNTHETIC DATA - NO REAL PEOPLE OR RECOVERY ANSWERS,F0117,favorite_sports_team,False,False,False
SYNTHETIC DATA - NO REAL PEOPLE OR RECOVERY ANSWERS,F0117,favorite_food,False,False,False
SYNTHETIC DATA - NO REAL PEOPLE OR RECOVERY ANSWERS,F0118,current_employer,False,True,True
SYNTHETIC DATA - NO REAL PEOPLE OR RECOVERY ANSWERS,F0118,high_school,True,False,False
SYNTHETIC DATA - NO REAL PEOPLE OR RECOVERY ANSWERS,F0118,birth_city,False,True,True
SYNTHETIC DATA - NO REAL PEOPLE OR RECOVERY ANSWERS,F0118,mothers_maiden_name,False,True,True
SYNTHETIC DATA - NO REAL PEOPLE OR RECOVERY ANSWERS,F0118,first_pet_name,False,True,False
SYNTHETIC DATA - NO REAL PEOPLE OR RECOVERY ANSWERS,F0118,wedding_location,False,False,False
SYNTHETIC DATA - NO REAL PEOPLE OR RECOVERY ANSWERS,F0118,street_grew_up_on,False,False,False
SYNTHETIC DATA - NO REAL PEOPLE OR RECOVERY ANSWERS,F0118,first_car_model,True,True,True
SYNTHETIC DATA - NO REAL PEOPLE OR RECOVERY ANSWERS,F0118,favorite_sports_team,False,False,False
SYNTHETIC DATA - NO REAL PEOPLE OR RECOVERY ANSWERS,F0118,favorite_food,False,False,False
SYNTHETIC DATA - NO REAL PEOPLE OR RECOVERY ANSWERS,F0119,current_employer,False,True,True
SYNTHETIC DATA - NO REAL PEOPLE OR RECOVERY ANSWERS,F0119,high_school,True,False,False
SYNTHETIC DATA - NO REAL PEOPLE OR RECOVERY ANSWERS,F0119,birth_city,False,True,True
SYNTHETIC DATA - NO REAL PEOPLE OR RECOVERY ANSWERS,F0119,mothers_maiden_name,False,False,False
SYNTHETIC DATA - NO REAL PEOPLE OR RECOVERY ANSWERS,F0119,first_pet_name,False,True,True
SYNTHETIC DATA - NO REAL PEOPLE OR RECOVERY ANSWERS,F0119,wedding_location,False,True,True
SYNTHETIC DATA - NO REAL PEOPLE OR RECOVERY ANSWERS,F0119,street_grew_up_on,False,False,False
SYNTHETIC DATA - NO REAL PEOPLE OR RECOVERY ANSWERS,F0119,first_car_model,False,False,False
SYNTHETIC DATA - NO REAL PEOPLE OR RECOVERY ANSWERS,F0119,favorite_sports_team,False,False,False
SYNTHETIC DATA - NO REAL PEOPLE OR RECOVERY ANSWERS,F0119,favorite_food,False,False,False
SYNTHETIC DATA - NO REAL PEOPLE OR RECOVERY ANSWERS,F0120,current_employer,False,True,True
SYNTHETIC DATA - NO REAL PEOPLE OR RECOVERY ANSWERS,F0120,high_school,False,True,True
SYNTHETIC DATA - NO REAL PEOPLE OR RECOVERY ANSWERS,F0120,birth_city,True,True,True
SYNTHETIC DATA - NO REAL PEOPLE OR RECOVERY ANSWERS,F0120,mothers_maiden_name,False,True,True
SYNTHETIC DATA - NO REAL PEOPLE OR RECOVERY ANSWERS,F0120,first_pet_name,True,True,True
SYNTHETIC DATA - NO REAL PEOPLE OR RECOVERY ANSWERS,F0120,wedding_location,False,False,False
SYNTHETIC DATA - NO REAL PEOPLE OR RECOVERY ANSWERS,F0120,street_grew_up_on,False,False,False
SYNTHETIC DATA - NO REAL PEOPLE OR RECOVERY ANSWERS,F0120,first_car_model,True,False,False
SYNTHETIC DATA - NO REAL PEOPLE OR RECOVERY ANSWERS,F0120,favorite_sports_team,False,False,False
SYNTHETIC DATA - NO REAL PEOPLE OR RECOVERY ANSWERS,F0120,favorite_food,False,True,False
SYNTHETIC DATA - NO REAL PEOPLE OR RECOVERY ANSWERS,F0121,current_employer,True,True,True
SYNTHETIC DATA - NO REAL PEOPLE OR RECOVERY ANSWERS,F0121,high_school,True,True,True
SYNTHETIC DATA - NO REAL PEOPLE OR RECOVERY ANSWERS,F0121,birth_city,True,True,True
SYNTHETIC DATA - NO REAL PEOPLE OR RECOVERY ANSWERS,F0121,mothers_maiden_name,False,True,True
SYNTHETIC DATA - NO REAL PEOPLE OR RECOVERY ANSWERS,F0121,first_pet_name,False,False,False
SYNTHETIC DATA - NO REAL PEOPLE OR RECOVERY ANSWERS,F0121,wedding_location,False,True,True
SYNTHETIC DATA - NO REAL PEOPLE OR RECOVERY ANSWERS,F0121,street_grew_up_on,False,False,False
SYNTHETIC DATA - NO REAL PEOPLE OR RECOVERY ANSWERS,F0121,first_car_model,False,False,False
SYNTHETIC DATA - NO REAL PEOPLE OR RECOVERY ANSWERS,F0121,favorite_sports_team,False,False,False
SYNTHETIC DATA - NO REAL PEOPLE OR RECOVERY ANSWERS,F0121,favorite_food,False,False,False
SYNTHETIC DATA - NO REAL PEOPLE OR RECOVERY ANSWERS,F0122,current_employer,True,True,True
SYNTHETIC DATA - NO REAL PEOPLE OR RECOVERY ANSWERS,F0122,high_school,False,False,False
SYNTHETIC DATA - NO REAL PEOPLE OR RECOVERY ANSWERS,F0122,birth_city,False,True,True
SYNTHETIC DATA - NO REAL PEOPLE OR RECOVERY ANSWERS,F0122,mothers_maiden_name,False,True,True
SYNTHETIC DATA - NO REAL PEOPLE OR RECOVERY ANSWERS,F0122,first_pet_name,False,False,False
SYNTHETIC DATA - NO REAL PEOPLE OR RECOVERY ANSWERS,F0122,wedding_location,True,True,True
SYNTHETIC DATA - NO REAL PEOPLE OR RECOVERY ANSWERS,F0122,street_grew_up_on,False,False,False
SYNTHETIC DATA - NO REAL PEOPLE OR RECOVERY ANSWERS,F0122,first_car_model,False,False,False
SYNTHETIC DATA - NO REAL PEOPLE OR RECOVERY ANSWERS,F0122,favorite_sports_team,False,False,False
SYNTHETIC DATA - NO REAL PEOPLE OR RECOVERY ANSWERS,F0122,favorite_food,True,False,False
SYNTHETIC DATA - NO REAL PEOPLE OR RECOVERY ANSWERS,F0123,current_employer,False,False,False
SYNTHETIC DATA - NO REAL PEOPLE OR RECOVERY ANSWERS,F0123,high_school,True,True,True
SYNTHETIC DATA - NO REAL PEOPLE OR RECOVERY ANSWERS,F0123,birth_city,True,True,True
SYNTHETIC DATA - NO REAL PEOPLE OR RECOVERY ANSWERS,F0123,mothers_maiden_name,False,True,False
SYNTHETIC DATA - NO REAL PEOPLE OR RECOVERY ANSWERS,F0123,first_pet_name,False,False,False
SYNTHETIC DATA - NO REAL PEOPLE OR RECOVERY ANSWERS,F0123,wedding_location,False,True,True
SYNTHETIC DATA - NO REAL PEOPLE OR RECOVERY ANSWERS,F0123,street_grew_up_on,False,False,False
SYNTHETIC DATA - NO REAL PEOPLE OR RECOVERY ANSWERS,F0123,first_car_model,False,False,False
SYNTHETIC DATA - NO REAL PEOPLE OR RECOVERY ANSWERS,F0123,favorite_sports_team,True,False,False
SYNTHETIC DATA - NO REAL PEOPLE OR RECOVERY ANSWERS,F0123,favorite_food,False,False,False
SYNTHETIC DATA - NO REAL PEOPLE OR RECOVERY ANSWERS,F0124,current_employer,True,True,True
SYNTHETIC DATA - NO REAL PEOPLE OR RECOVERY ANSWERS,F0124,high_school,True,True,True
SYNTHETIC DATA - NO REAL PEOPLE OR RECOVERY ANSWERS,F0124,birth_city,True,True,True
SYNTHETIC DATA - NO REAL PEOPLE OR RECOVERY ANSWERS,F0124,mothers_maiden_name,False,True,True
SYNTHETIC DATA - NO REAL PEOPLE OR RECOVERY ANSWERS,F0124,first_pet_name,False,True,True
SYNTHETIC DATA - NO REAL PEOPLE OR RECOVERY ANSWERS,F0124,wedding_location,True,False,False
SYNTHETIC DATA - NO REAL PEOPLE OR RECOVERY ANSWERS,F0124,street_grew_up_on,True,True,True
SYNTHETIC DATA - NO REAL PEOPLE OR RECOVERY ANSWERS,F0124,first_car_model,False,False,False
SYNTHETIC DATA - NO REAL PEOPLE OR RECOVERY ANSWERS,F0124,favorite_sports_team,True,True,True
SYNTHETIC DATA - NO REAL PEOPLE OR RECOVERY ANSWERS,F0124,favorite_food,False,False,False
SYNTHETIC DATA - NO REAL PEOPLE OR RECOVERY ANSWERS,F0125,current_employer,True,True,False
SYNTHETIC DATA - NO REAL PEOPLE OR RECOVERY ANSWERS,F0125,high_school,True,True,True
SYNTHETIC DATA - NO REAL PEOPLE OR RECOVERY ANSWERS,F0125,birth_city,True,False,False
SYNTHETIC DATA - NO REAL PEOPLE OR RECOVERY ANSWERS,F0125,mothers_maiden_name,True,True,True
SYNTHETIC DATA - NO REAL PEOPLE OR RECOVERY ANSWERS,F0125,first_pet_name,False,False,False
SYNTHETIC DATA - NO REAL PEOPLE OR RECOVERY ANSWERS,F0125,wedding_location,True,False,False
SYNTHETIC DATA - NO REAL PEOPLE OR RECOVERY ANSWERS,F0125,street_grew_up_on,False,False,False
SYNTHETIC DATA - NO REAL PEOPLE OR RECOVERY ANSWERS,F0125,first_car_model,False,True,True
SYNTHETIC DATA - NO REAL PEOPLE OR RECOVERY ANSWERS,F0125,favorite_sports_team,True,True,True
SYNTHETIC DATA - NO REAL PEOPLE OR RECOVERY ANSWERS,F0125,favorite_food,False,False,False
SYNTHETIC DATA - NO REAL PEOPLE OR RECOVERY ANSWERS,F0126,current_employer,True,True,True
SYNTHETIC DATA - NO REAL PEOPLE OR RECOVERY ANSWERS,F0126,high_school,True,True,True
SYNTHETIC DATA - NO REAL PEOPLE OR RECOVERY ANSWERS,F0126,birth_city,True,True,False
SYNTHETIC DATA - NO REAL PEOPLE OR RECOVERY ANSWERS,F0126,mothers_maiden_name,False,False,False
SYNTHETIC DATA - NO REAL PEOPLE OR RECOVERY ANSWERS,F0126,first_pet_name,False,False,False
SYNTHETIC DATA - NO REAL PEOPLE OR RECOVERY ANSWERS,F0126,wedding_location,False,False,False
SYNTHETIC DATA - NO REAL PEOPLE OR RECOVERY ANSWERS,F0126,street_grew_up_on,True,False,False
SYNTHETIC DATA - NO REAL PEOPLE OR RECOVERY ANSWERS,F0126,first_car_model,True,True,True
SYNTHETIC DATA - NO REAL PEOPLE OR RECOVERY ANSWERS,F0126,favorite_sports_team,False,False,False
SYNTHETIC DATA - NO REAL PEOPLE OR RECOVERY ANSWERS,F0126,favorite_food,False,False,False
SYNTHETIC DATA - NO REAL PEOPLE OR RECOVERY ANSWERS,F0127,current_employer,True,True,True
SYNTHETIC DATA - NO REAL PEOPLE OR RECOVERY ANSWERS,F0127,high_school,False,False,False
SYNTHETIC DATA - NO REAL PEOPLE OR RECOVERY ANSWERS,F0127,birth_city,True,False,False
SYNTHETIC DATA - NO REAL PEOPLE OR RECOVERY ANSWERS,F0127,mothers_maiden_name,True,True,True
SYNTHETIC DATA - NO REAL PEOPLE OR RECOVERY ANSWERS,F0127,first_pet_name,False,True,True
SYNTHETIC DATA - NO REAL PEOPLE OR RECOVERY ANSWERS,F0127,wedding_location,False,False,False
SYNTHETIC DATA - NO REAL PEOPLE OR RECOVERY ANSWERS,F0127,street_grew_up_on,False,True,False
SYNTHETIC DATA - NO REAL PEOPLE OR RECOVERY ANSWERS,F0127,first_car_model,False,False,False
SYNTHETIC DATA - NO REAL PEOPLE OR RECOVERY ANSWERS,F0127,favorite_sports_team,False,True,True
SYNTHETIC DATA - NO REAL PEOPLE OR RECOVERY ANSWERS,F0127,favorite_food,False,False,False
SYNTHETIC DATA - NO REAL PEOPLE OR RECOVERY ANSWERS,F0128,current_employer,False,True,True
SYNTHETIC DATA - NO REAL PEOPLE OR RECOVERY ANSWERS,F0128,high_school,False,True,True
SYNTHETIC DATA - NO REAL PEOPLE OR RECOVERY ANSWERS,F0128,birth_city,True,True,True
SYNTHETIC DATA - NO REAL PEOPLE OR RECOVERY ANSWERS,F0128,mothers_maiden_name,False,False,False
SYNTHETIC DATA - NO REAL PEOPLE OR RECOVERY ANSWERS,F0128,first_pet_name,False,True,True
SYNTHETIC DATA - NO REAL PEOPLE OR RECOVERY ANSWERS,F0128,wedding_location,False,False,False
SYNTHETIC DATA - NO REAL PEOPLE OR RECOVERY ANSWERS,F0128,street_grew_up_on,True,False,False
SYNTHETIC DATA - NO REAL PEOPLE OR RECOVERY ANSWERS,F0128,first_car_model,False,False,False
SYNTHETIC DATA - NO REAL PEOPLE OR RECOVERY ANSWERS,F0128,favorite_sports_team,False,True,True
SYNTHETIC DATA - NO REAL PEOPLE OR RECOVERY ANSWERS,F0128,favorite_food,False,False,False
SYNTHETIC DATA - NO REAL PEOPLE OR RECOVERY ANSWERS,F0129,current_employer,True,True,True
SYNTHETIC DATA - NO REAL PEOPLE OR RECOVERY ANSWERS,F0129,high_school,True,False,False
SYNTHETIC DATA - NO REAL PEOPLE OR RECOVERY ANSWERS,F0129,birth_city,True,True,True
SYNTHETIC DATA - NO REAL PEOPLE OR RECOVERY ANSWERS,F0129,mothers_maiden_name,False,True,True
SYNTHETIC DATA - NO REAL PEOPLE OR RECOVERY ANSWERS,F0129,first_pet_name,False,False,False
SYNTHETIC DATA - NO REAL PEOPLE OR RECOVERY ANSWERS,F0129,wedding_location,False,True,True
SYNTHETIC DATA - NO REAL PEOPLE OR RECOVERY ANSWERS,F0129,street_grew_up_on,False,True,True
SYNTHETIC DATA - NO REAL PEOPLE OR RECOVERY ANSWERS,F0129,first_car_model,False,False,False
SYNTHETIC DATA - NO REAL PEOPLE OR RECOVERY ANSWERS,F0129,favorite_sports_team,True,True,True
SYNTHETIC DATA - NO REAL PEOPLE OR RECOVERY ANSWERS,F0129,favorite_food,False,False,False
SYNTHETIC DATA - NO REAL PEOPLE OR RECOVERY ANSWERS,F0130,current_employer,False,True,True
SYNTHETIC DATA - NO REAL PEOPLE OR RECOVERY ANSWERS,F0130,high_school,False,False,False
SYNTHETIC DATA - NO REAL PEOPLE OR RECOVERY ANSWERS,F0130,birth_city,True,True,True
SYNTHETIC DATA - NO REAL PEOPLE OR RECOVERY ANSWERS,F0130,mothers_maiden_name,False,False,False
SYNTHETIC DATA - NO REAL PEOPLE OR RECOVERY ANSWERS,F0130,first_pet_name,False,False,False
SYNTHETIC DATA - NO REAL PEOPLE OR RECOVERY ANSWERS,F0130,wedding_location,False,True,True
SYNTHETIC DATA - NO REAL PEOPLE OR RECOVERY ANSWERS,F0130,street_grew_up_on,False,False,False
SYNTHETIC DATA - NO REAL PEOPLE OR RECOVERY ANSWERS,F0130,first_car_model,False,False,False
SYNTHETIC DATA - NO REAL PEOPLE OR RECOVERY ANSWERS,F0130,favorite_sports_team,False,False,False
SYNTHETIC DATA - NO REAL PEOPLE OR RECOVERY ANSWERS,F0130,favorite_food,False,False,False
SYNTHETIC DATA - NO REAL PEOPLE OR RECOVERY ANSWERS,F0131,current_employer,False,True,True
SYNTHETIC DATA - NO REAL PEOPLE OR RECOVERY ANSWERS,F0131,high_school,True,True,True
SYNTHETIC DATA - NO REAL PEOPLE OR RECOVERY ANSWERS,F0131,birth_city,False,True,True
SYNTHETIC DATA - NO REAL PEOPLE OR RECOVERY ANSWERS,F0131,mothers_maiden_name,False,False,False
SYNTHETIC DATA - NO REAL PEOPLE OR RECOVERY ANSWERS,F0131,first_pet_name,False,False,False
SYNTHETIC DATA - NO REAL PEOPLE OR RECOVERY ANSWERS,F0131,wedding_location,False,False,False
SYNTHETIC DATA - NO REAL PEOPLE OR RECOVERY ANSWERS,F0131,street_grew_up_on,False,True,False
SYNTHETIC DATA - NO REAL PEOPLE OR RECOVERY ANSWERS,F0131,first_car_model,False,False,False
SYNTHETIC DATA - NO REAL PEOPLE OR RECOVERY ANSWERS,F0131,favorite_sports_team,True,False,False
SYNTHETIC DATA - NO REAL PEOPLE OR RECOVERY ANSWERS,F0131,favorite_food,False,False,False
SYNTHETIC DATA - NO REAL PEOPLE OR RECOVERY ANSWERS,F0132,current_employer,False,False,False
SYNTHETIC DATA - NO REAL PEOPLE OR RECOVERY ANSWERS,F0132,high_school,False,True,True
SYNTHETIC DATA - NO REAL PEOPLE OR RECOVERY ANSWERS,F0132,birth_city,True,True,True
SYNTHETIC DATA - NO REAL PEOPLE OR RECOVERY ANSWERS,F0132,mothers_maiden_name,True,False,False
SYNTHETIC DATA - NO REAL PEOPLE OR RECOVERY ANSWERS,F0132,first_pet_name,False,True,True
SYNTHETIC DATA - NO REAL PEOPLE OR RECOVERY ANSWERS,F0132,wedding_location,True,False,False
SYNTHETIC DATA - NO REAL PEOPLE OR RECOVERY ANSWERS,F0132,street_grew_up_on,False,True,True
SYNTHETIC DATA - NO REAL PEOPLE OR RECOVERY ANSWERS,F0132,first_car_model,False,False,False
SYNTHETIC DATA - NO REAL PEOPLE OR RECOVERY ANSWERS,F0132,favorite_sports_team,False,False,False
SYNTHETIC DATA - NO REAL PEOPLE OR RECOVERY ANSWERS,F0132,favorite_food,False,False,False
SYNTHETIC DATA - NO REAL PEOPLE OR RECOVERY ANSWERS,F0133,current_employer,True,False,False
SYNTHETIC DATA - NO REAL PEOPLE OR RECOVERY ANSWERS,F0133,high_school,False,True,True
SYNTHETIC DATA - NO REAL PEOPLE OR RECOVERY ANSWERS,F0133,birth_city,False,False,False
SYNTHETIC DATA - NO REAL PEOPLE OR RECOVERY ANSWERS,F0133,mothers_maiden_name,False,False,False
SYNTHETIC DATA - NO REAL PEOPLE OR RECOVERY ANSWERS,F0133,first_pet_name,True,False,False
SYNTHETIC DATA - NO REAL PEOPLE OR RECOVERY ANSWERS,F0133,wedding_location,True,False,False
SYNTHETIC DATA - NO REAL PEOPLE OR RECOVERY ANSWERS,F0133,street_grew_up_on,False,True,True
SYNTHETIC DATA - NO REAL PEOPLE OR RECOVERY ANSWERS,F0133,first_car_model,False,False,False
SYNTHETIC DATA - NO REAL PEOPLE OR RECOVERY ANSWERS,F0133,favorite_sports_team,True,True,True
SYNTHETIC DATA - NO REAL PEOPLE OR RECOVERY ANSWERS,F0133,favorite_food,False,False,False
SYNTHETIC DATA - NO REAL PEOPLE OR RECOVERY ANSWERS,F0134,current_employer,True,True,True
SYNTHETIC DATA - NO REAL PEOPLE OR RECOVERY ANSWERS,F0134,high_school,False,True,True
SYNTHETIC DATA - NO REAL PEOPLE OR RECOVERY ANSWERS,F0134,birth_city,False,True,True
SYNTHETIC DATA - NO REAL PEOPLE OR RECOVERY ANSWERS,F0134,mothers_maiden_name,False,False,False
SYNTHETIC DATA - NO REAL PEOPLE OR RECOVERY ANSWERS,F0134,first_pet_name,False,True,True
SYNTHETIC DATA - NO REAL PEOPLE OR RECOVERY ANSWERS,F0134,wedding_location,False,False,False
SYNTHETIC DATA - NO REAL PEOPLE OR RECOVERY ANSWERS,F0134,street_grew_up_on,False,False,False
SYNTHETIC DATA - NO REAL PEOPLE OR RECOVERY ANSWERS,F0134,first_car_model,False,True,True
SYNTHETIC DATA - NO REAL PEOPLE OR RECOVERY ANSWERS,F0134,favorite_sports_team,False,False,False
SYNTHETIC DATA - NO REAL PEOPLE OR RECOVERY ANSWERS,F0134,favorite_food,False,True,True
SYNTHETIC DATA - NO REAL PEOPLE OR RECOVERY ANSWERS,F0135,current_employer,True,True,True
SYNTHETIC DATA - NO REAL PEOPLE OR RECOVERY ANSWERS,F0135,high_school,True,True,True
SYNTHETIC DATA - NO REAL PEOPLE OR RECOVERY ANSWERS,F0135,birth_city,True,True,True
SYNTHETIC DATA - NO REAL PEOPLE OR RECOVERY ANSWERS,F0135,mothers_maiden_name,False,False,False
SYNTHETIC DATA - NO REAL PEOPLE OR RECOVERY ANSWERS,F0135,first_pet_name,False,True,True
SYNTHETIC DATA - NO REAL PEOPLE OR RECOVERY ANSWERS,F0135,wedding_location,False,False,False
SYNTHETIC DATA - NO REAL PEOPLE OR RECOVERY ANSWERS,F0135,street_grew_up_on,True,False,False
SYNTHETIC DATA - NO REAL PEOPLE OR RECOVERY ANSWERS,F0135,first_car_model,False,False,False
SYNTHETIC DATA - NO REAL PEOPLE OR RECOVERY ANSWERS,F0135,favorite_sports_team,False,False,False
SYNTHETIC DATA - NO REAL PEOPLE OR RECOVERY ANSWERS,F0135,favorite_food,False,False,False
SYNTHETIC DATA - NO REAL PEOPLE OR RECOVERY ANSWERS,F0136,current_employer,True,True,True
SYNTHETIC DATA - NO REAL PEOPLE OR RECOVERY ANSWERS,F0136,high_school,False,True,True
SYNTHETIC DATA - NO REAL PEOPLE OR RECOVERY ANSWERS,F0136,birth_city,True,True,True
SYNTHETIC DATA - NO REAL PEOPLE OR RECOVERY ANSWERS,F0136,mothers_maiden_name,True,False,False
SYNTHETIC DATA - NO REAL PEOPLE OR RECOVERY ANSWERS,F0136,first_pet_name,False,True,True
SYNTHETIC DATA - NO REAL PEOPLE OR RECOVERY ANSWERS,F0136,wedding_location,True,False,False
SYNTHETIC DATA - NO REAL PEOPLE OR RECOVERY ANSWERS,F0136,street_grew_up_on,False,False,False
SYNTHETIC DATA - NO REAL PEOPLE OR RECOVERY ANSWERS,F0136,first_car_model,False,True,True
SYNTHETIC DATA - NO REAL PEOPLE OR RECOVERY ANSWERS,F0136,favorite_sports_team,False,False,False
SYNTHETIC DATA - NO REAL PEOPLE OR RECOVERY ANSWERS,F0136,favorite_food,False,False,False
SYNTHETIC DATA - NO REAL PEOPLE OR RECOVERY ANSWERS,F0137,current_employer,True,True,True
SYNTHETIC DATA - NO REAL PEOPLE OR RECOVERY ANSWERS,F0137,high_school,True,True,True
SYNTHETIC DATA - NO REAL PEOPLE OR RECOVERY ANSWERS,F0137,birth_city,False,True,True
SYNTHETIC DATA - NO REAL PEOPLE OR RECOVERY ANSWERS,F0137,mothers_maiden_name,False,False,False
SYNTHETIC DATA - NO REAL PEOPLE OR RECOVERY ANSWERS,F0137,first_pet_name,False,False,False
SYNTHETIC DATA - NO REAL PEOPLE OR RECOVERY ANSWERS,F0137,wedding_location,False,False,False
SYNTHETIC DATA - NO REAL PEOPLE OR RECOVERY ANSWERS,F0137,street_grew_up_on,True,False,False
SYNTHETIC DATA - NO REAL PEOPLE OR RECOVERY ANSWERS,F0137,first_car_model,False,False,False
SYNTHETIC DATA - NO REAL PEOPLE OR RECOVERY ANSWERS,F0137,favorite_sports_team,True,False,False
SYNTHETIC DATA - NO REAL PEOPLE OR RECOVERY ANSWERS,F0137,favorite_food,False,True,True
SYNTHETIC DATA - NO REAL PEOPLE OR RECOVERY ANSWERS,F0138,current_employer,False,False,False
SYNTHETIC DATA - NO REAL PEOPLE OR RECOVERY ANSWERS,F0138,high_school,True,True,True
SYNTHETIC DATA - NO REAL PEOPLE OR RECOVERY ANSWERS,F0138,birth_city,False,True,True
SYNTHETIC DATA - NO REAL PEOPLE OR RECOVERY ANSWERS,F0138,mothers_maiden_name,False,False,False
SYNTHETIC DATA - NO REAL PEOPLE OR RECOVERY ANSWERS,F0138,first_pet_name,True,False,False
SYNTHETIC DATA - NO REAL PEOPLE OR RECOVERY ANSWERS,F0138,wedding_location,False,False,False
SYNTHETIC DATA - NO REAL PEOPLE OR RECOVERY ANSWERS,F0138,street_grew_up_on,False,True,False
SYNTHETIC DATA - NO REAL PEOPLE OR RECOVERY ANSWERS,F0138,first_car_model,False,False,False
SYNTHETIC DATA - NO REAL PEOPLE OR RECOVERY ANSWERS,F0138,favorite_sports_team,False,False,False
SYNTHETIC DATA - NO REAL PEOPLE OR RECOVERY ANSWERS,F0138,favorite_food,True,True,False
SYNTHETIC DATA - NO REAL PEOPLE OR RECOVERY ANSWERS,F0139,current_employer,True,True,True
SYNTHETIC DATA - NO REAL PEOPLE OR RECOVERY ANSWERS,F0139,high_school,False,True,False
SYNTHETIC DATA - NO REAL PEOPLE OR RECOVERY ANSWERS,F0139,birth_city,False,True,True
SYNTHETIC DATA - NO REAL PEOPLE OR RECOVERY ANSWERS,F0139,mothers_maiden_name,False,False,False
SYNTHETIC DATA - NO REAL PEOPLE OR RECOVERY ANSWERS,F0139,first_pet_name,False,False,False
SYNTHETIC DATA - NO REAL PEOPLE OR RECOVERY ANSWERS,F0139,wedding_location,True,False,False
SYNTHETIC DATA - NO REAL PEOPLE OR RECOVERY ANSWERS,F0139,street_grew_up_on,False,False,False
SYNTHETIC DATA - NO REAL PEOPLE OR RECOVERY ANSWERS,F0139,first_car_model,False,False,False
SYNTHETIC DATA - NO REAL PEOPLE OR RECOVERY ANSWERS,F0139,favorite_sports_team,True,False,False
SYNTHETIC DATA - NO REAL PEOPLE OR RECOVERY ANSWERS,F0139,favorite_food,False,False,False
SYNTHETIC DATA - NO REAL PEOPLE OR RECOVERY ANSWERS,F0140,current_employer,True,False,False
SYNTHETIC DATA - NO REAL PEOPLE OR RECOVERY ANSWERS,F0140,high_school,False,True,True
SYNTHETIC DATA - NO REAL PEOPLE OR RECOVERY ANSWERS,F0140,birth_city,True,True,True
SYNTHETIC DATA - NO REAL PEOPLE OR RECOVERY ANSWERS,F0140,mothers_maiden_name,False,True,True
SYNTHETIC DATA - NO REAL PEOPLE OR RECOVERY ANSWERS,F0140,first_pet_name,False,True,True
SYNTHETIC DATA - NO REAL PEOPLE OR RECOVERY ANSWERS,F0140,wedding_location,False,False,False
SYNTHETIC DATA - NO REAL PEOPLE OR RECOVERY ANSWERS,F0140,street_grew_up_on,False,False,False
SYNTHETIC DATA - NO REAL PEOPLE OR RECOVERY ANSWERS,F0140,first_car_model,False,False,False
SYNTHETIC DATA - NO REAL PEOPLE OR RECOVERY ANSWERS,F0140,favorite_sports_team,False,False,False
SYNTHETIC DATA - NO REAL PEOPLE OR RECOVERY ANSWERS,F0140,favorite_food,False,False,False
SYNTHETIC DATA - NO REAL PEOPLE OR RECOVERY ANSWERS,F0141,current_employer,True,True,True
SYNTHETIC DATA - NO REAL PEOPLE OR RECOVERY ANSWERS,F0141,high_school,False,False,False
SYNTHETIC DATA - NO REAL PEOPLE OR RECOVERY ANSWERS,F0141,birth_city,False,True,True
SYNTHETIC DATA - NO REAL PEOPLE OR RECOVERY ANSWERS,F0141,mothers_maiden_name,False,True,True
SYNTHETIC DATA - NO REAL PEOPLE OR RECOVERY ANSWERS,F0141,first_pet_name,True,False,False
SYNTHETIC DATA - NO REAL PEOPLE OR RECOVERY ANSWERS,F0141,wedding_location,True,False,False
SYNTHETIC DATA - NO REAL PEOPLE OR RECOVERY ANSWERS,F0141,street_grew_up_on,False,True,False
SYNTHETIC DATA - NO REAL PEOPLE OR RECOVERY ANSWERS,F0141,first_car_model,False,False,False
SYNTHETIC DATA - NO REAL PEOPLE OR RECOVERY ANSWERS,F0141,favorite_sports_team,False,False,False
SYNTHETIC DATA - NO REAL PEOPLE OR RECOVERY ANSWERS,F0141,favorite_food,False,False,False
SYNTHETIC DATA - NO REAL PEOPLE OR RECOVERY ANSWERS,F0142,current_employer,False,False,False
SYNTHETIC DATA - NO REAL PEOPLE OR RECOVERY ANSWERS,F0142,high_school,True,True,True
SYNTHETIC DATA - NO REAL PEOPLE OR RECOVERY ANSWERS,F0142,birth_city,True,True,True
SYNTHETIC DATA - NO REAL PEOPLE OR RECOVERY ANSWERS,F0142,mothers_maiden_name,True,False,False
SYNTHETIC DATA - NO REAL PEOPLE OR RECOVERY ANSWERS,F0142,first_pet_name,False,False,False
SYNTHETIC DATA - NO REAL PEOPLE OR RECOVERY ANSWERS,F0142,wedding_location,False,True,False
SYNTHETIC DATA - NO REAL PEOPLE OR RECOVERY ANSWERS,F0142,street_grew_up_on,False,True,True
SYNTHETIC DATA - NO REAL PEOPLE OR RECOVERY ANSWERS,F0142,first_car_model,False,True,False
SYNTHETIC DATA - NO REAL PEOPLE OR RECOVERY ANSWERS,F0142,favorite_sports_team,False,False,False
SYNTHETIC DATA - NO REAL PEOPLE OR RECOVERY ANSWERS,F0142,favorite_food,False,False,False
SYNTHETIC DATA - NO REAL PEOPLE OR RECOVERY ANSWERS,F0143,current_employer,True,True,True
SYNTHETIC DATA - NO REAL PEOPLE OR RECOVERY ANSWERS,F0143,high_school,True,False,False
SYNTHETIC DATA - NO REAL PEOPLE OR RECOVERY ANSWERS,F0143,birth_city,True,True,True
SYNTHETIC DATA - NO REAL PEOPLE OR RECOVERY ANSWERS,F0143,mothers_maiden_name,True,True,True
SYNTHETIC DATA - NO REAL PEOPLE OR RECOVERY ANSWERS,F0143,first_pet_name,False,False,False
SYNTHETIC DATA - NO REAL PEOPLE OR RECOVERY ANSWERS,F0143,wedding_location,False,True,False
SYNTHETIC DATA - NO REAL PEOPLE OR RECOVERY ANSWERS,F0143,street_grew_up_on,False,True,False
SYNTHETIC DATA - NO REAL PEOPLE OR RECOVERY ANSWERS,F0143,first_car_model,False,False,False
SYNTHETIC DATA - NO REAL PEOPLE OR RECOVERY ANSWERS,F0143,favorite_sports_team,False,True,True
SYNTHETIC DATA - NO REAL PEOPLE OR RECOVERY ANSWERS,F0143,favorite_food,False,False,False
SYNTHETIC DATA - NO REAL PEOPLE OR RECOVERY ANSWERS,F0144,current_employer,False,True,True
SYNTHETIC DATA - NO REAL PEOPLE OR RECOVERY ANSWERS,F0144,high_school,False,True,True
SYNTHETIC DATA - NO REAL PEOPLE OR RECOVERY ANSWERS,F0144,birth_city,True,False,False
SYNTHETIC DATA - NO REAL PEOPLE OR RECOVERY ANSWERS,F0144,mothers_maiden_name,False,True,True
SYNTHETIC DATA - NO REAL PEOPLE OR RECOVERY ANSWERS,F0144,first_pet_name,True,False,False
SYNTHETIC DATA - NO REAL PEOPLE OR RECOVERY ANSWERS,F0144,wedding_location,False,False,False
SYNTHETIC DATA - NO REAL PEOPLE OR RECOVERY ANSWERS,F0144,street_grew_up_on,False,False,False
SYNTHETIC DATA - NO REAL PEOPLE OR RECOVERY ANSWERS,F0144,first_car_model,False,False,False
SYNTHETIC DATA - NO REAL PEOPLE OR RECOVERY ANSWERS,F0144,favorite_sports_team,False,False,False
SYNTHETIC DATA - NO REAL PEOPLE OR RECOVERY ANSWERS,F0144,favorite_food,False,False,False
SYNTHETIC DATA - NO REAL PEOPLE OR RECOVERY ANSWERS,F0145,current_employer,False,True,True
SYNTHETIC DATA - NO REAL PEOPLE OR RECOVERY ANSWERS,F0145,high_school,True,True,True
SYNTHETIC DATA - NO REAL PEOPLE OR RECOVERY ANSWERS,F0145,birth_city,True,False,False
SYNTHETIC DATA - NO REAL PEOPLE OR RECOVERY ANSWERS,F0145,mothers_maiden_name,False,False,False
SYNTHETIC DATA - NO REAL PEOPLE OR RECOVERY ANSWERS,F0145,first_pet_name,False,False,False
SYNTHETIC DATA - NO REAL PEOPLE OR RECOVERY ANSWERS,F0145,wedding_location,False,False,False
SYNTHETIC DATA - NO REAL PEOPLE OR RECOVERY ANSWERS,F0145,street_grew_up_on,True,False,False
SYNTHETIC DATA - NO REAL PEOPLE OR RECOVERY ANSWERS,F0145,first_car_model,False,False,False
SYNTHETIC DATA - NO REAL PEOPLE OR RECOVERY ANSWERS,F0145,favorite_sports_team,True,False,False
SYNTHETIC DATA - NO REAL PEOPLE OR RECOVERY ANSWERS,F0145,favorite_food,False,False,False
SYNTHETIC DATA - NO REAL PEOPLE OR RECOVERY ANSWERS,F0146,current_employer,False,False,False
SYNTHETIC DATA - NO REAL PEOPLE OR RECOVERY ANSWERS,F0146,high_school,True,True,True
SYNTHETIC DATA - NO REAL PEOPLE OR RECOVERY ANSWERS,F0146,birth_city,False,True,True
SYNTHETIC DATA - NO REAL PEOPLE OR RECOVERY ANSWERS,F0146,mothers_maiden_name,False,True,True
SYNTHETIC DATA - NO REAL PEOPLE OR RECOVERY ANSWERS,F0146,first_pet_name,False,False,False
SYNTHETIC DATA - NO REAL PEOPLE OR RECOVERY ANSWERS,F0146,wedding_location,True,False,False
SYNTHETIC DATA - NO REAL PEOPLE OR RECOVERY ANSWERS,F0146,street_grew_up_on,True,False,False
SYNTHETIC DATA - NO REAL PEOPLE OR RECOVERY ANSWERS,F0146,first_car_model,False,False,False
SYNTHETIC DATA - NO REAL PEOPLE OR RECOVERY ANSWERS,F0146,favorite_sports_team,True,False,False
SYNTHETIC DATA - NO REAL PEOPLE OR RECOVERY ANSWERS,F0146,favorite_food,False,False,False
SYNTHETIC DATA - NO REAL PEOPLE OR RECOVERY ANSWERS,F0147,current_employer,True,True,True
SYNTHETIC DATA - NO REAL PEOPLE OR RECOVERY ANSWERS,F0147,high_school,False,True,True
SYNTHETIC DATA - NO REAL PEOPLE OR RECOVERY ANSWERS,F0147,birth_city,True,True,True
SYNTHETIC DATA - NO REAL PEOPLE OR RECOVERY ANSWERS,F0147,mothers_maiden_name,False,True,False
SYNTHETIC DATA - NO REAL PEOPLE OR RECOVERY ANSWERS,F0147,first_pet_name,True,False,False
SYNTHETIC DATA - NO REAL PEOPLE OR RECOVERY ANSWERS,F0147,wedding_location,False,False,False
SYNTHETIC DATA - NO REAL PEOPLE OR RECOVERY ANSWERS,F0147,street_grew_up_on,False,False,False
SYNTHETIC DATA - NO REAL PEOPLE OR RECOVERY ANSWERS,F0147,first_car_model,False,False,False
SYNTHETIC DATA - NO REAL PEOPLE OR RECOVERY ANSWERS,F0147,favorite_sports_team,False,False,False
SYNTHETIC DATA - NO REAL PEOPLE OR RECOVERY ANSWERS,F0147,favorite_food,False,False,False
SYNTHETIC DATA - NO REAL PEOPLE OR RECOVERY ANSWERS,F0148,current_employer,False,True,True
SYNTHETIC DATA - NO REAL PEOPLE OR RECOVERY ANSWERS,F0148,high_school,False,True,True
SYNTHETIC DATA - NO REAL PEOPLE OR RECOVERY ANSWERS,F0148,birth_city,True,True,True
SYNTHETIC DATA - NO REAL PEOPLE OR RECOVERY ANSWERS,F0148,mothers_maiden_name,False,False,False
SYNTHETIC DATA - NO REAL PEOPLE OR RECOVERY ANSWERS,F0148,first_pet_name,True,True,True
SYNTHETIC DATA - NO REAL PEOPLE OR RECOVERY ANSWERS,F0148,wedding_location,True,False,False
SYNTHETIC DATA - NO REAL PEOPLE OR RECOVERY ANSWERS,F0148,street_grew_up_on,True,False,False
SYNTHETIC DATA - NO REAL PEOPLE OR RECOVERY ANSWERS,F0148,first_car_model,False,True,False
SYNTHETIC DATA - NO REAL PEOPLE OR RECOVERY ANSWERS,F0148,favorite_sports_team,False,False,False
SYNTHETIC DATA - NO REAL PEOPLE OR RECOVERY ANSWERS,F0148,favorite_food,False,False,False
SYNTHETIC DATA - NO REAL PEOPLE OR RECOVERY ANSWERS,F0149,current_employer,False,False,False
SYNTHETIC DATA - NO REAL PEOPLE OR RECOVERY ANSWERS,F0149,high_school,False,True,False
SYNTHETIC DATA - NO REAL PEOPLE OR RECOVERY ANSWERS,F0149,birth_city,False,True,True
SYNTHETIC DATA - NO REAL PEOPLE OR RECOVERY ANSWERS,F0149,mothers_maiden_name,False,False,False
SYNTHETIC DATA - NO REAL PEOPLE OR RECOVERY ANSWERS,F0149,first_pet_name,False,False,False
SYNTHETIC DATA - NO REAL PEOPLE OR RECOVERY ANSWERS,F0149,wedding_location,True,False,False
SYNTHETIC DATA - NO REAL PEOPLE OR RECOVERY ANSWERS,F0149,street_grew_up_on,False,False,False
SYNTHETIC DATA - NO REAL PEOPLE OR RECOVERY ANSWERS,F0149,first_car_model,False,False,False
SYNTHETIC DATA - NO REAL PEOPLE OR RECOVERY ANSWERS,F0149,favorite_sports_team,False,False,False
SYNTHETIC DATA - NO REAL PEOPLE OR RECOVERY ANSWERS,F0149,favorite_food,False,False,False
SYNTHETIC DATA - NO REAL PEOPLE OR RECOVERY ANSWERS,F0150,current_employer,True,True,True
SYNTHETIC DATA - NO REAL PEOPLE OR RECOVERY ANSWERS,F0150,high_school,False,False,False
SYNTHETIC DATA - NO REAL PEOPLE OR RECOVERY ANSWERS,F0150,birth_city,False,True,False
SYNTHETIC DATA - NO REAL PEOPLE OR RECOVERY ANSWERS,F0150,mothers_maiden_name,False,False,False
SYNTHETIC DATA - NO REAL PEOPLE OR RECOVERY ANSWERS,F0150,first_pet_name,False,True,True
SYNTHETIC DATA - NO REAL PEOPLE OR RECOVERY ANSWERS,F0150,wedding_location,False,True,True
SYNTHETIC DATA - NO REAL PEOPLE OR RECOVERY ANSWERS,F0150,street_grew_up_on,False,True,True
SYNTHETIC DATA - NO REAL PEOPLE OR RECOVERY ANSWERS,F0150,first_car_model,False,True,False
SYNTHETIC DATA - NO REAL PEOPLE OR RECOVERY ANSWERS,F0150,favorite_sports_team,False,False,False
SYNTHETIC DATA - NO REAL PEOPLE OR RECOVERY ANSWERS,F0150,favorite_food,False,False,False
SYNTHETIC DATA - NO REAL PEOPLE OR RECOVERY ANSWERS,F0151,current_employer,False,False,False
SYNTHETIC DATA - NO REAL PEOPLE OR RECOVERY ANSWERS,F0151,high_school,False,False,False
SYNTHETIC DATA - NO REAL PEOPLE OR RECOVERY ANSWERS,F0151,birth_city,False,False,False
SYNTHETIC DATA - NO REAL PEOPLE OR RECOVERY ANSWERS,F0151,mothers_maiden_name,True,False,False
SYNTHETIC DATA - NO REAL PEOPLE OR RECOVERY ANSWERS,F0151,first_pet_name,True,False,False
SYNTHETIC DATA - NO REAL PEOPLE OR RECOVERY ANSWERS,F0151,wedding_location,False,True,True
SYNTHETIC DATA - NO REAL PEOPLE OR RECOVERY ANSWERS,F0151,street_grew_up_on,False,False,False
SYNTHETIC DATA - NO REAL PEOPLE OR RECOVERY ANSWERS,F0151,first_car_model,False,False,False
SYNTHETIC DATA - NO REAL PEOPLE OR RECOVERY ANSWERS,F0151,favorite_sports_team,False,False,False
SYNTHETIC DATA - NO REAL PEOPLE OR RECOVERY ANSWERS,F0151,favorite_food,False,False,False
SYNTHETIC DATA - NO REAL PEOPLE OR RECOVERY ANSWERS,F0152,current_employer,False,True,True
SYNTHETIC DATA - NO REAL PEOPLE OR RECOVERY ANSWERS,F0152,high_school,False,True,False
SYNTHETIC DATA - NO REAL PEOPLE OR RECOVERY ANSWERS,F0152,birth_city,False,False,False
SYNTHETIC DATA - NO REAL PEOPLE OR RECOVERY ANSWERS,F0152,mothers_maiden_name,False,True,True
SYNTHETIC DATA - NO REAL PEOPLE OR RECOVERY ANSWERS,F0152,first_pet_name,False,False,False
SYNTHETIC DATA - NO REAL PEOPLE OR RECOVERY ANSWERS,F0152,wedding_location,False,True,True
SYNTHETIC DATA - NO REAL PEOPLE OR RECOVERY ANSWERS,F0152,street_grew_up_on,True,False,False
SYNTHETIC DATA - NO REAL PEOPLE OR RECOVERY ANSWERS,F0152,first_car_model,False,False,False
SYNTHETIC DATA - NO REAL PEOPLE OR RECOVERY ANSWERS,F0152,favorite_sports_team,True,False,False
SYNTHETIC DATA - NO REAL PEOPLE OR RECOVERY ANSWERS,F0152,favorite_food,False,True,True
SYNTHETIC DATA - NO REAL PEOPLE OR RECOVERY ANSWERS,F0153,current_employer,True,False,False
SYNTHETIC DATA - NO REAL PEOPLE OR RECOVERY ANSWERS,F0153,high_school,False,True,False
SYNTHETIC DATA - NO REAL PEOPLE OR RECOVERY ANSWERS,F0153,birth_city,True,True,True
SYNTHETIC DATA - NO REAL PEOPLE OR RECOVERY ANSWERS,F0153,mothers_maiden_name,False,False,False
SYNTHETIC DATA - NO REAL PEOPLE OR RECOVERY ANSWERS,F0153,first_pet_name,False,False,False
SYNTHETIC DATA - NO REAL PEOPLE OR RECOVERY ANSWERS,F0153,wedding_location,False,False,False
SYNTHETIC DATA - NO REAL PEOPLE OR RECOVERY ANSWERS,F0153,street_grew_up_on,False,True,True
SYNTHETIC DATA - NO REAL PEOPLE OR RECOVERY ANSWERS,F0153,first_car_model,False,False,False
SYNTHETIC DATA - NO REAL PEOPLE OR RECOVERY ANSWERS,F0153,favorite_sports_team,False,True,True
SYNTHETIC DATA - NO REAL PEOPLE OR RECOVERY ANSWERS,F0153,favorite_food,False,False,False
SYNTHETIC DATA - NO REAL PEOPLE OR RECOVERY ANSWERS,F0154,current_employer,True,True,True
SYNTHETIC DATA - NO REAL PEOPLE OR RECOVERY ANSWERS,F0154,high_school,True,True,True
SYNTHETIC DATA - NO REAL PEOPLE OR RECOVERY ANSWERS,F0154,birth_city,False,True,True
SYNTHETIC DATA - NO REAL PEOPLE OR RECOVERY ANSWERS,F0154,mothers_maiden_name,False,True,False
SYNTHETIC DATA - NO REAL PEOPLE OR RECOVERY ANSWERS,F0154,first_pet_name,False,False,False
SYNTHETIC DATA - NO REAL PEOPLE OR RECOVERY ANSWERS,F0154,wedding_location,False,False,False
SYNTHETIC DATA - NO REAL PEOPLE OR RECOVERY ANSWERS,F0154,street_grew_up_on,False,False,False
SYNTHETIC DATA - NO REAL PEOPLE OR RECOVERY ANSWERS,F0154,first_car_model,False,False,False
SYNTHETIC DATA - NO REAL PEOPLE OR RECOVERY ANSWERS,F0154,favorite_sports_team,False,False,False
SYNTHETIC DATA - NO REAL PEOPLE OR RECOVERY ANSWERS,F0154,favorite_food,True,False,False
SYNTHETIC DATA - NO REAL PEOPLE OR RECOVERY ANSWERS,F0155,current_employer,True,False,False
SYNTHETIC DATA - NO REAL PEOPLE OR RECOVERY ANSWERS,F0155,high_school,True,True,True
SYNTHETIC DATA - NO REAL PEOPLE OR RECOVERY ANSWERS,F0155,birth_city,True,True,True
SYNTHETIC DATA - NO REAL PEOPLE OR RECOVERY ANSWERS,F0155,mothers_maiden_name,False,False,False
SYNTHETIC DATA - NO REAL PEOPLE OR RECOVERY ANSWERS,F0155,first_pet_name,False,True,True
SYNTHETIC DATA - NO REAL PEOPLE OR RECOVERY ANSWERS,F0155,wedding_location,False,False,False
SYNTHETIC DATA - NO REAL PEOPLE OR RECOVERY ANSWERS,F0155,street_grew_up_on,False,False,False
SYNTHETIC DATA - NO REAL PEOPLE OR RECOVERY ANSWERS,F0155,first_car_model,True,False,False
SYNTHETIC DATA - NO REAL PEOPLE OR RECOVERY ANSWERS,F0155,favorite_sports_team,False,False,False
SYNTHETIC DATA - NO REAL PEOPLE OR RECOVERY ANSWERS,F0155,favorite_food,False,False,False
SYNTHETIC DATA - NO REAL PEOPLE OR RECOVERY ANSWERS,F0156,current_employer,False,True,True
SYNTHETIC DATA - NO REAL PEOPLE OR RECOVERY ANSWERS,F0156,high_school,False,False,False
SYNTHETIC DATA - NO REAL PEOPLE OR RECOVERY ANSWERS,F0156,birth_city,False,True,True
SYNTHETIC DATA - NO REAL PEOPLE OR RECOVERY ANSWERS,F0156,mothers_maiden_name,False,True,True
SYNTHETIC DATA - NO REAL PEOPLE OR RECOVERY ANSWERS,F0156,first_pet_name,True,True,False
SYNTHETIC DATA - NO REAL PEOPLE OR RECOVERY ANSWERS,F0156,wedding_location,True,True,True
SYNTHETIC DATA - NO REAL PEOPLE OR RECOVERY ANSWERS,F0156,street_grew_up_on,False,True,False
SYNTHETIC DATA - NO REAL PEOPLE OR RECOVERY ANSWERS,F0156,first_car_model,False,False,False
SYNTHETIC DATA - NO REAL PEOPLE OR RECOVERY ANSWERS,F0156,favorite_sports_team,False,True,True
SYNTHETIC DATA - NO REAL PEOPLE OR RECOVERY ANSWERS,F0156,favorite_food,False,False,False
SYNTHETIC DATA - NO REAL PEOPLE OR RECOVERY ANSWERS,F0157,current_employer,True,True,True
SYNTHETIC DATA - NO REAL PEOPLE OR RECOVERY ANSWERS,F0157,high_school,False,True,True
SYNTHETIC DATA - NO REAL PEOPLE OR RECOVERY ANSWERS,F0157,birth_city,True,False,False
SYNTHETIC DATA - NO REAL PEOPLE OR RECOVERY ANSWERS,F0157,mothers_maiden_name,False,True,True
SYNTHETIC DATA - NO REAL PEOPLE OR RECOVERY ANSWERS,F0157,first_pet_name,False,True,True
SYNTHETIC DATA - NO REAL PEOPLE OR RECOVERY ANSWERS,F0157,wedding_location,False,False,False
SYNTHETIC DATA - NO REAL PEOPLE OR RECOVERY ANSWERS,F0157,street_grew_up_on,False,False,False
SYNTHETIC DATA - NO REAL PEOPLE OR RECOVERY ANSWERS,F0157,first_car_model,True,True,True
SYNTHETIC DATA - NO REAL PEOPLE OR RECOVERY ANSWERS,F0157,favorite_sports_team,True,False,False
SYNTHETIC DATA - NO REAL PEOPLE OR RECOVERY ANSWERS,F0157,favorite_food,False,False,False
SYNTHETIC DATA - NO REAL PEOPLE OR RECOVERY ANSWERS,F0158,current_employer,False,True,True
SYNTHETIC DATA - NO REAL PEOPLE OR RECOVERY ANSWERS,F0158,high_school,True,True,True
SYNTHETIC DATA - NO REAL PEOPLE OR RECOVERY ANSWERS,F0158,birth_city,True,True,False
SYNTHETIC DATA - NO REAL PEOPLE OR RECOVERY ANSWERS,F0158,mothers_maiden_name,False,False,False
SYNTHETIC DATA - NO REAL PEOPLE OR RECOVERY ANSWERS,F0158,first_pet_name,False,False,False
SYNTHETIC DATA - NO REAL PEOPLE OR RECOVERY ANSWERS,F0158,wedding_location,False,False,False
SYNTHETIC DATA - NO REAL PEOPLE OR RECOVERY ANSWERS,F0158,street_grew_up_on,False,False,False
SYNTHETIC DATA - NO REAL PEOPLE OR RECOVERY ANSWERS,F0158,first_car_model,False,False,False
SYNTHETIC DATA - NO REAL PEOPLE OR RECOVERY ANSWERS,F0158,favorite_sports_team,True,True,True
SYNTHETIC DATA - NO REAL PEOPLE OR RECOVERY ANSWERS,F0158,favorite_food,False,False,False
SYNTHETIC DATA - NO REAL PEOPLE OR RECOVERY ANSWERS,F0159,current_employer,False,False,False
SYNTHETIC DATA - NO REAL PEOPLE OR RECOVERY ANSWERS,F0159,high_school,True,True,True
SYNTHETIC DATA - NO REAL PEOPLE OR RECOVERY ANSWERS,F0159,birth_city,False,True,True
SYNTHETIC DATA - NO REAL PEOPLE OR RECOVERY ANSWERS,F0159,mothers_maiden_name,True,True,True
SYNTHETIC DATA - NO REAL PEOPLE OR RECOVERY ANSWERS,F0159,first_pet_name,False,True,True
SYNTHETIC DATA - NO REAL PEOPLE OR RECOVERY ANSWERS,F0159,wedding_location,False,False,False
SYNTHETIC DATA - NO REAL PEOPLE OR RECOVERY ANSWERS,F0159,street_grew_up_on,False,False,False
SYNTHETIC DATA - NO REAL PEOPLE OR RECOVERY ANSWERS,F0159,first_car_model,False,False,False
SYNTHETIC DATA - NO REAL PEOPLE OR RECOVERY ANSWERS,F0159,favorite_sports_team,True,False,False
SYNTHETIC DATA - NO REAL PEOPLE OR RECOVERY ANSWERS,F0159,favorite_food,False,True,True
SYNTHETIC DATA - NO REAL PEOPLE OR RECOVERY ANSWERS,F0160,current_employer,False,False,False
SYNTHETIC DATA - NO REAL PEOPLE OR RECOVERY ANSWERS,F0160,high_school,True,True,True
SYNTHETIC DATA - NO REAL PEOPLE OR RECOVERY ANSWERS,F0160,birth_city,False,False,False
SYNTHETIC DATA - NO REAL PEOPLE OR RECOVERY ANSWERS,F0160,mothers_maiden_name,False,False,False
SYNTHETIC DATA - NO REAL PEOPLE OR RECOVERY ANSWERS,F0160,first_pet_name,True,True,True
SYNTHETIC DATA - NO REAL PEOPLE OR RECOVERY ANSWERS,F0160,wedding_location,False,False,False
SYNTHETIC DATA - NO REAL PEOPLE OR RECOVERY ANSWERS,F0160,street_grew_up_on,True,True,True
SYNTHETIC DATA - NO REAL PEOPLE OR RECOVERY ANSWERS,F0160,first_car_model,True,False,False
SYNTHETIC DATA - NO REAL PEOPLE OR RECOVERY ANSWERS,F0160,favorite_sports_team,False,False,False
SYNTHETIC DATA - NO REAL PEOPLE OR RECOVERY ANSWERS,F0160,favorite_food,False,False,False
SYNTHETIC DATA - NO REAL PEOPLE OR RECOVERY ANSWERS,F0161,current_employer,True,True,True
SYNTHETIC DATA - NO REAL PEOPLE OR RECOVERY ANSWERS,F0161,high_school,False,False,False
SYNTHETIC DATA - NO REAL PEOPLE OR RECOVERY ANSWERS,F0161,birth_city,True,True,True
SYNTHETIC DATA - NO REAL PEOPLE OR RECOVERY ANSWERS,F0161,mothers_maiden_name,False,False,False
SYNTHETIC DATA - NO REAL PEOPLE OR RECOVERY ANSWERS,F0161,first_pet_name,False,False,False
SYNTHETIC DATA - NO REAL PEOPLE OR RECOVERY ANSWERS,F0161,wedding_location,False,False,False
SYNTHETIC DATA - NO REAL PEOPLE OR RECOVERY ANSWERS,F0161,street_grew_up_on,False,False,False
SYNTHETIC DATA - NO REAL PEOPLE OR RECOVERY ANSWERS,F0161,first_car_model,False,False,False
SYNTHETIC DATA - NO REAL PEOPLE OR RECOVERY ANSWERS,F0161,favorite_sports_team,False,False,False
SYNTHETIC DATA - NO REAL PEOPLE OR RECOVERY ANSWERS,F0161,favorite_food,False,False,False
SYNTHETIC DATA - NO REAL PEOPLE OR RECOVERY ANSWERS,F0162,current_employer,True,True,False
SYNTHETIC DATA - NO REAL PEOPLE OR RECOVERY ANSWERS,F0162,high_school,True,False,False
SYNTHETIC DATA - NO REAL PEOPLE OR RECOVERY ANSWERS,F0162,birth_city,True,True,True
SYNTHETIC DATA - NO REAL PEOPLE OR RECOVERY ANSWERS,F0162,mothers_maiden_name,True,True,True
SYNTHETIC DATA - NO REAL PEOPLE OR RECOVERY ANSWERS,F0162,first_pet_name,False,True,True
SYNTHETIC DATA - NO REAL PEOPLE OR RECOVERY ANSWERS,F0162,wedding_location,False,True,True
SYNTHETIC DATA - NO REAL PEOPLE OR RECOVERY ANSWERS,F0162,street_grew_up_on,False,True,False
SYNTHETIC DATA - NO REAL PEOPLE OR RECOVERY ANSWERS,F0162,first_car_model,False,False,False
SYNTHETIC DATA - NO REAL PEOPLE OR RECOVERY ANSWERS,F0162,favorite_sports_team,True,False,False
SYNTHETIC DATA - NO REAL PEOPLE OR RECOVERY ANSWERS,F0162,favorite_food,False,False,False
SYNTHETIC DATA - NO REAL PEOPLE OR RECOVERY ANSWERS,F0163,current_employer,False,True,True
SYNTHETIC DATA - NO REAL PEOPLE OR RECOVERY ANSWERS,F0163,high_school,True,True,True
SYNTHETIC DATA - NO REAL PEOPLE OR RECOVERY ANSWERS,F0163,birth_city,False,True,True
SYNTHETIC DATA - NO REAL PEOPLE OR RECOVERY ANSWERS,F0163,mothers_maiden_name,False,True,True
SYNTHETIC DATA - NO REAL PEOPLE OR RECOVERY ANSWERS,F0163,first_pet_name,False,False,False
SYNTHETIC DATA - NO REAL PEOPLE OR RECOVERY ANSWERS,F0163,wedding_location,False,True,True
SYNTHETIC DATA - NO REAL PEOPLE OR RECOVERY ANSWERS,F0163,street_grew_up_on,False,False,False
SYNTHETIC DATA - NO REAL PEOPLE OR RECOVERY ANSWERS,F0163,first_car_model,False,False,False
SYNTHETIC DATA - NO REAL PEOPLE OR RECOVERY ANSWERS,F0163,favorite_sports_team,True,False,False
SYNTHETIC DATA - NO REAL PEOPLE OR RECOVERY ANSWERS,F0163,favorite_food,False,False,False
SYNTHETIC DATA - NO REAL PEOPLE OR RECOVERY ANSWERS,F0164,current_employer,True,True,True
SYNTHETIC DATA - NO REAL PEOPLE OR RECOVERY ANSWERS,F0164,high_school,False,True,True
SYNTHETIC DATA - NO REAL PEOPLE OR RECOVERY ANSWERS,F0164,birth_city,False,True,True
SYNTHETIC DATA - NO REAL PEOPLE OR RECOVERY ANSWERS,F0164,mothers_maiden_name,False,False,False
SYNTHETIC DATA - NO REAL PEOPLE OR RECOVERY ANSWERS,F0164,first_pet_name,False,True,True
SYNTHETIC DATA - NO REAL PEOPLE OR RECOVERY ANSWERS,F0164,wedding_location,True,True,True
SYNTHETIC DATA - NO REAL PEOPLE OR RECOVERY ANSWERS,F0164,street_grew_up_on,False,True,True
SYNTHETIC DATA - NO REAL PEOPLE OR RECOVERY ANSWERS,F0164,first_car_model,False,False,False
SYNTHETIC DATA - NO REAL PEOPLE OR RECOVERY ANSWERS,F0164,favorite_sports_team,False,False,False
SYNTHETIC DATA - NO REAL PEOPLE OR RECOVERY ANSWERS,F0164,favorite_food,False,False,False
SYNTHETIC DATA - NO REAL PEOPLE OR RECOVERY ANSWERS,F0165,current_employer,True,True,True
SYNTHETIC DATA - NO REAL PEOPLE OR RECOVERY ANSWERS,F0165,high_school,False,False,False
SYNTHETIC DATA - NO REAL PEOPLE OR RECOVERY ANSWERS,F0165,birth_city,False,True,True
SYNTHETIC DATA - NO REAL PEOPLE OR RECOVERY ANSWERS,F0165,mothers_maiden_name,False,False,False
SYNTHETIC DATA - NO REAL PEOPLE OR RECOVERY ANSWERS,F0165,first_pet_name,False,False,False
SYNTHETIC DATA - NO REAL PEOPLE OR RECOVERY ANSWERS,F0165,wedding_location,False,False,False
SYNTHETIC DATA - NO REAL PEOPLE OR RECOVERY ANSWERS,F0165,street_grew_up_on,False,False,False
SYNTHETIC DATA - NO REAL PEOPLE OR RECOVERY ANSWERS,F0165,first_car_model,False,False,False
SYNTHETIC DATA - NO REAL PEOPLE OR RECOVERY ANSWERS,F0165,favorite_sports_team,False,True,True
SYNTHETIC DATA - NO REAL PEOPLE OR RECOVERY ANSWERS,F0165,favorite_food,False,False,False
SYNTHETIC DATA - NO REAL PEOPLE OR RECOVERY ANSWERS,F0166,current_employer,True,True,True
SYNTHETIC DATA - NO REAL PEOPLE OR RECOVERY ANSWERS,F0166,high_school,True,False,False
SYNTHETIC DATA - NO REAL PEOPLE OR RECOVERY ANSWERS,F0166,birth_city,True,True,True
SYNTHETIC DATA - NO REAL PEOPLE OR RECOVERY ANSWERS,F0166,mothers_maiden_name,True,True,True
SYNTHETIC DATA - NO REAL PEOPLE OR RECOVERY ANSWERS,F0166,first_pet_name,True,False,False
SYNTHETIC DATA - NO REAL PEOPLE OR RECOVERY ANSWERS,F0166,wedding_location,False,True,False
SYNTHETIC DATA - NO REAL PEOPLE OR RECOVERY ANSWERS,F0166,street_grew_up_on,False,True,True
SYNTHETIC DATA - NO REAL PEOPLE OR RECOVERY ANSWERS,F0166,first_car_model,False,False,False
SYNTHETIC DATA - NO REAL PEOPLE OR RECOVERY ANSWERS,F0166,favorite_sports_team,False,False,False
SYNTHETIC DATA - NO REAL PEOPLE OR RECOVERY ANSWERS,F0166,favorite_food,False,False,False
SYNTHETIC DATA - NO REAL PEOPLE OR RECOVERY ANSWERS,F0167,current_employer,True,True,True
SYNTHETIC DATA - NO REAL PEOPLE OR RECOVERY ANSWERS,F0167,high_school,True,True,True
SYNTHETIC DATA - NO REAL PEOPLE OR RECOVERY ANSWERS,F0167,birth_city,False,True,True
SYNTHETIC DATA - NO REAL PEOPLE OR RECOVERY ANSWERS,F0167,mothers_maiden_name,False,False,False
SYNTHETIC DATA - NO REAL PEOPLE OR RECOVERY ANSWERS,F0167,first_pet_name,False,True,True
SYNTHETIC DATA - NO REAL PEOPLE OR RECOVERY ANSWERS,F0167,wedding_location,True,True,True
SYNTHETIC DATA - NO REAL PEOPLE OR RECOVERY ANSWERS,F0167,street_grew_up_on,False,False,False
SYNTHETIC DATA - NO REAL PEOPLE OR RECOVERY ANSWERS,F0167,first_car_model,True,False,False
SYNTHETIC DATA - NO REAL PEOPLE OR RECOVERY ANSWERS,F0167,favorite_sports_team,False,False,False
SYNTHETIC DATA - NO REAL PEOPLE OR RECOVERY ANSWERS,F0167,favorite_food,False,False,False
SYNTHETIC DATA - NO REAL PEOPLE OR RECOVERY ANSWERS,F0168,current_employer,True,True,True
SYNTHETIC DATA - NO REAL PEOPLE OR RECOVERY ANSWERS,F0168,high_school,True,False,False
SYNTHETIC DATA - NO REAL PEOPLE OR RECOVERY ANSWERS,F0168,birth_city,True,True,False
SYNTHETIC DATA - NO REAL PEOPLE OR RECOVERY ANSWERS,F0168,mothers_maiden_name,False,True,True
SYNTHETIC DATA - NO REAL PEOPLE OR RECOVERY ANSWERS,F0168,first_pet_name,False,True,True
SYNTHETIC DATA - NO REAL PEOPLE OR RECOVERY ANSWERS,F0168,wedding_location,False,False,False
SYNTHETIC DATA - NO REAL PEOPLE OR RECOVERY ANSWERS,F0168,street_grew_up_on,True,True,False
SYNTHETIC DATA - NO REAL PEOPLE OR RECOVERY ANSWERS,F0168,first_car_model,False,True,False
SYNTHETIC DATA - NO REAL PEOPLE OR RECOVERY ANSWERS,F0168,favorite_sports_team,False,True,False
SYNTHETIC DATA - NO REAL PEOPLE OR RECOVERY ANSWERS,F0168,favorite_food,False,False,False
SYNTHETIC DATA - NO REAL PEOPLE OR RECOVERY ANSWERS,F0169,current_employer,False,True,True
SYNTHETIC DATA - NO REAL PEOPLE OR RECOVERY ANSWERS,F0169,high_school,True,True,False
SYNTHETIC DATA - NO REAL PEOPLE OR RECOVERY ANSWERS,F0169,birth_city,True,True,True
SYNTHETIC DATA - NO REAL PEOPLE OR RECOVERY ANSWERS,F0169,mothers_maiden_name,False,True,True
SYNTHETIC DATA - NO REAL PEOPLE OR RECOVERY ANSWERS,F0169,first_pet_name,True,True,True
SYNTHETIC DATA - NO REAL PEOPLE OR RECOVERY ANSWERS,F0169,wedding_location,False,False,False
SYNTHETIC DATA - NO REAL PEOPLE OR RECOVERY ANSWERS,F0169,street_grew_up_on,False,False,False
SYNTHETIC DATA - NO REAL PEOPLE OR RECOVERY ANSWERS,F0169,first_car_model,True,False,False
SYNTHETIC DATA - NO REAL PEOPLE OR RECOVERY ANSWERS,F0169,favorite_sports_team,False,True,True
SYNTHETIC DATA - NO REAL PEOPLE OR RECOVERY ANSWERS,F0169,favorite_food,False,False,False
SYNTHETIC DATA - NO REAL PEOPLE OR RECOVERY ANSWERS,F0170,current_employer,True,True,True
SYNTHETIC DATA - NO REAL PEOPLE OR RECOVERY ANSWERS,F0170,high_school,True,True,True
SYNTHETIC DATA - NO REAL PEOPLE OR RECOVERY ANSWERS,F0170,birth_city,False,True,True
SYNTHETIC DATA - NO REAL PEOPLE OR RECOVERY ANSWERS,F0170,mothers_maiden_name,False,False,False
SYNTHETIC DATA - NO REAL PEOPLE OR RECOVERY ANSWERS,F0170,first_pet_name,False,True,True
SYNTHETIC DATA - NO REAL PEOPLE OR RECOVERY ANSWERS,F0170,wedding_location,False,False,False
SYNTHETIC DATA - NO REAL PEOPLE OR RECOVERY ANSWERS,F0170,street_grew_up_on,False,False,False
SYNTHETIC DATA - NO REAL PEOPLE OR RECOVERY ANSWERS,F0170,first_car_model,False,False,False
SYNTHETIC DATA - NO REAL PEOPLE OR RECOVERY ANSWERS,F0170,favorite_sports_team,True,True,False
SYNTHETIC DATA - NO REAL PEOPLE OR RECOVERY ANSWERS,F0170,favorite_food,False,False,False
SYNTHETIC DATA - NO REAL PEOPLE OR RECOVERY ANSWERS,F0171,current_employer,False,False,False
SYNTHETIC DATA - NO REAL PEOPLE OR RECOVERY ANSWERS,F0171,high_school,True,True,True
SYNTHETIC DATA - NO REAL PEOPLE OR RECOVERY ANSWERS,F0171,birth_city,False,True,True
SYNTHETIC DATA - NO REAL PEOPLE OR RECOVERY ANSWERS,F0171,mothers_maiden_name,False,False,False
SYNTHETIC DATA - NO REAL PEOPLE OR RECOVERY ANSWERS,F0171,first_pet_name,False,False,False
SYNTHETIC DATA - NO REAL PEOPLE OR RECOVERY ANSWERS,F0171,wedding_location,False,True,True
SYNTHETIC DATA - NO REAL PEOPLE OR RECOVERY ANSWERS,F0171,street_grew_up_on,False,True,False
SYNTHETIC DATA - NO REAL PEOPLE OR RECOVERY ANSWERS,F0171,first_car_model,False,False,False
SYNTHETIC DATA - NO REAL PEOPLE OR RECOVERY ANSWERS,F0171,favorite_sports_team,False,False,False
SYNTHETIC DATA - NO REAL PEOPLE OR RECOVERY ANSWERS,F0171,favorite_food,False,False,False
SYNTHETIC DATA - NO REAL PEOPLE OR RECOVERY ANSWERS,F0172,current_employer,True,True,True
SYNTHETIC DATA - NO REAL PEOPLE OR RECOVERY ANSWERS,F0172,high_school,True,True,True
SYNTHETIC DATA - NO REAL PEOPLE OR RECOVERY ANSWERS,F0172,birth_city,False,False,False
SYNTHETIC DATA - NO REAL PEOPLE OR RECOVERY ANSWERS,F0172,mothers_maiden_name,False,False,False
SYNTHETIC DATA - NO REAL PEOPLE OR RECOVERY ANSWERS,F0172,first_pet_name,False,False,False
SYNTHETIC DATA - NO REAL PEOPLE OR RECOVERY ANSWERS,F0172,wedding_location,True,False,False
SYNTHETIC DATA - NO REAL PEOPLE OR RECOVERY ANSWERS,F0172,street_grew_up_on,False,True,False
SYNTHETIC DATA - NO REAL PEOPLE OR RECOVERY ANSWERS,F0172,first_car_model,False,False,False
SYNTHETIC DATA - NO REAL PEOPLE OR RECOVERY ANSWERS,F0172,favorite_sports_team,False,True,False
SYNTHETIC DATA - NO REAL PEOPLE OR RECOVERY ANSWERS,F0172,favorite_food,False,True,True
SYNTHETIC DATA - NO REAL PEOPLE OR RECOVERY ANSWERS,F0173,current_employer,True,True,True
SYNTHETIC DATA - NO REAL PEOPLE OR RECOVERY ANSWERS,F0173,high_school,False,True,True
SYNTHETIC DATA - NO REAL PEOPLE OR RECOVERY ANSWERS,F0173,birth_city,True,False,False
SYNTHETIC DATA - NO REAL PEOPLE OR RECOVERY ANSWERS,F0173,mothers_maiden_name,False,True,True
SYNTHETIC DATA - NO REAL PEOPLE OR RECOVERY ANSWERS,F0173,first_pet_name,False,False,False
SYNTHETIC DATA - NO REAL PEOPLE OR RECOVERY ANSWERS,F0173,wedding_location,False,True,True
SYNTHETIC DATA - NO REAL PEOPLE OR RECOVERY ANSWERS,F0173,street_grew_up_on,False,False,False
SYNTHETIC DATA - NO REAL PEOPLE OR RECOVERY ANSWERS,F0173,first_car_model,False,True,False
SYNTHETIC DATA - NO REAL PEOPLE OR RECOVERY ANSWERS,F0173,favorite_sports_team,False,False,False
SYNTHETIC DATA - NO REAL PEOPLE OR RECOVERY ANSWERS,F0173,favorite_food,False,False,False
SYNTHETIC DATA - NO REAL PEOPLE OR RECOVERY ANSWERS,F0174,current_employer,False,True,True
SYNTHETIC DATA - NO REAL PEOPLE OR RECOVERY ANSWERS,F0174,high_school,False,True,False
SYNTHETIC DATA - NO REAL PEOPLE OR RECOVERY ANSWERS,F0174,birth_city,True,True,True
SYNTHETIC DATA - NO REAL PEOPLE OR RECOVERY ANSWERS,F0174,mothers_maiden_name,False,False,False
SYNTHETIC DATA - NO REAL PEOPLE OR RECOVERY ANSWERS,F0174,first_pet_name,False,True,True
SYNTHETIC DATA - NO REAL PEOPLE OR RECOVERY ANSWERS,F0174,wedding_location,False,True,True
SYNTHETIC DATA - NO REAL PEOPLE OR RECOVERY ANSWERS,F0174,street_grew_up_on,False,False,False
SYNTHETIC DATA - NO REAL PEOPLE OR RECOVERY ANSWERS,F0174,first_car_model,False,False,False
SYNTHETIC DATA - NO REAL PEOPLE OR RECOVERY ANSWERS,F0174,favorite_sports_team,False,False,False
SYNTHETIC DATA - NO REAL PEOPLE OR RECOVERY ANSWERS,F0174,favorite_food,False,False,False
SYNTHETIC DATA - NO REAL PEOPLE OR RECOVERY ANSWERS,F0175,current_employer,False,True,True
SYNTHETIC DATA - NO REAL PEOPLE OR RECOVERY ANSWERS,F0175,high_school,False,True,True
SYNTHETIC DATA - NO REAL PEOPLE OR RECOVERY ANSWERS,F0175,birth_city,False,True,True
SYNTHETIC DATA - NO REAL PEOPLE OR RECOVERY ANSWERS,F0175,mothers_maiden_name,False,False,False
SYNTHETIC DATA - NO REAL PEOPLE OR RECOVERY ANSWERS,F0175,first_pet_name,False,True,False
SYNTHETIC DATA - NO REAL PEOPLE OR RECOVERY ANSWERS,F0175,wedding_location,False,False,False
SYNTHETIC DATA - NO REAL PEOPLE OR RECOVERY ANSWERS,F0175,street_grew_up_on,False,False,False
SYNTHETIC DATA - NO REAL PEOPLE OR RECOVERY ANSWERS,F0175,first_car_model,False,True,False
SYNTHETIC DATA - NO REAL PEOPLE OR RECOVERY ANSWERS,F0175,favorite_sports_team,False,True,True
SYNTHETIC DATA - NO REAL PEOPLE OR RECOVERY ANSWERS,F0175,favorite_food,True,True,True
SYNTHETIC DATA - NO REAL PEOPLE OR RECOVERY ANSWERS,F0176,current_employer,False,True,True
SYNTHETIC DATA - NO REAL PEOPLE OR RECOVERY ANSWERS,F0176,high_school,True,False,False
SYNTHETIC DATA - NO REAL PEOPLE OR RECOVERY ANSWERS,F0176,birth_city,True,True,True
SYNTHETIC DATA - NO REAL PEOPLE OR RECOVERY ANSWERS,F0176,mothers_maiden_name,False,True,True
SYNTHETIC DATA - NO REAL PEOPLE OR RECOVERY ANSWERS,F0176,first_pet_name,False,True,True
SYNTHETIC DATA - NO REAL PEOPLE OR RECOVERY ANSWERS,F0176,wedding_location,False,False,False
SYNTHETIC DATA - NO REAL PEOPLE OR RECOVERY ANSWERS,F0176,street_grew_up_on,False,False,False
SYNTHETIC DATA - NO REAL PEOPLE OR RECOVERY ANSWERS,F0176,first_car_model,True,True,True
SYNTHETIC DATA - NO REAL PEOPLE OR RECOVERY ANSWERS,F0176,favorite_sports_team,False,False,False
SYNTHETIC DATA - NO REAL PEOPLE OR RECOVERY ANSWERS,F0176,favorite_food,False,False,False
SYNTHETIC DATA - NO REAL PEOPLE OR RECOVERY ANSWERS,F0177,current_employer,True,True,True
SYNTHETIC DATA - NO REAL PEOPLE OR RECOVERY ANSWERS,F0177,high_school,False,True,True
SYNTHETIC DATA - NO REAL PEOPLE OR RECOVERY ANSWERS,F0177,birth_city,True,True,True
SYNTHETIC DATA - NO REAL PEOPLE OR RECOVERY ANSWERS,F0177,mothers_maiden_name,True,False,False
SYNTHETIC DATA - NO REAL PEOPLE OR RECOVERY ANSWERS,F0177,first_pet_name,True,True,True
SYNTHETIC DATA - NO REAL PEOPLE OR RECOVERY ANSWERS,F0177,wedding_location,False,True,True
SYNTHETIC DATA - NO REAL PEOPLE OR RECOVERY ANSWERS,F0177,street_grew_up_on,False,True,True
SYNTHETIC DATA - NO REAL PEOPLE OR RECOVERY ANSWERS,F0177,first_car_model,True,False,False
SYNTHETIC DATA - NO REAL PEOPLE OR RECOVERY ANSWERS,F0177,favorite_sports_team,False,False,False
SYNTHETIC DATA - NO REAL PEOPLE OR RECOVERY ANSWERS,F0177,favorite_food,False,True,True
SYNTHETIC DATA - NO REAL PEOPLE OR RECOVERY ANSWERS,F0178,current_employer,False,False,False
SYNTHETIC DATA - NO REAL PEOPLE OR RECOVERY ANSWERS,F0178,high_school,True,True,True
SYNTHETIC DATA - NO REAL PEOPLE OR RECOVERY ANSWERS,F0178,birth_city,False,True,True
SYNTHETIC DATA - NO REAL PEOPLE OR RECOVERY ANSWERS,F0178,mothers_maiden_name,False,False,False
SYNTHETIC DATA - NO REAL PEOPLE OR RECOVERY ANSWERS,F0178,first_pet_name,False,False,False
SYNTHETIC DATA - NO REAL PEOPLE OR RECOVERY ANSWERS,F0178,wedding_location,False,False,False
SYNTHETIC DATA - NO REAL PEOPLE OR RECOVERY ANSWERS,F0178,street_grew_up_on,False,False,False
SYNTHETIC DATA - NO REAL PEOPLE OR RECOVERY ANSWERS,F0178,first_car_model,False,False,False
SYNTHETIC DATA - NO REAL PEOPLE OR RECOVERY ANSWERS,F0178,favorite_sports_team,False,True,True
SYNTHETIC DATA - NO REAL PEOPLE OR RECOVERY ANSWERS,F0178,favorite_food,True,False,False
SYNTHETIC DATA - NO REAL PEOPLE OR RECOVERY ANSWERS,F0179,current_employer,False,True,True
SYNTHETIC DATA - NO REAL PEOPLE OR RECOVERY ANSWERS,F0179,high_school,False,True,True
SYNTHETIC DATA - NO REAL PEOPLE OR RECOVERY ANSWERS,F0179,birth_city,False,True,True
SYNTHETIC DATA - NO REAL PEOPLE OR RECOVERY ANSWERS,F0179,mothers_maiden_name,False,True,False
SYNTHETIC DATA - NO REAL PEOPLE OR RECOVERY ANSWERS,F0179,first_pet_name,False,False,False
SYNTHETIC DATA - NO REAL PEOPLE OR RECOVERY ANSWERS,F0179,wedding_location,True,False,False
SYNTHETIC DATA - NO REAL PEOPLE OR RECOVERY ANSWERS,F0179,street_grew_up_on,False,False,False
SYNTHETIC DATA - NO REAL PEOPLE OR RECOVERY ANSWERS,F0179,first_car_model,False,False,False
SYNTHETIC DATA - NO REAL PEOPLE OR RECOVERY ANSWERS,F0179,favorite_sports_team,False,False,False
SYNTHETIC DATA - NO REAL PEOPLE OR RECOVERY ANSWERS,F0179,favorite_food,False,False,False
SYNTHETIC DATA - NO REAL PEOPLE OR RECOVERY ANSWERS,F0180,current_employer,True,False,False
SYNTHETIC DATA - NO REAL PEOPLE OR RECOVERY ANSWERS,F0180,high_school,True,True,True
SYNTHETIC DATA - NO REAL PEOPLE OR RECOVERY ANSWERS,F0180,birth_city,True,False,False
SYNTHETIC DATA - NO REAL PEOPLE OR RECOVERY ANSWERS,F0180,mothers_maiden_name,False,True,True
SYNTHETIC DATA - NO REAL PEOPLE OR RECOVERY ANSWERS,F0180,first_pet_name,False,False,False
SYNTHETIC DATA - NO REAL PEOPLE OR RECOVERY ANSWERS,F0180,wedding_location,False,True,True
SYNTHETIC DATA - NO REAL PEOPLE OR RECOVERY ANSWERS,F0180,street_grew_up_on,False,True,True
SYNTHETIC DATA - NO REAL PEOPLE OR RECOVERY ANSWERS,F0180,first_car_model,False,False,False
SYNTHETIC DATA - NO REAL PEOPLE OR RECOVERY ANSWERS,F0180,favorite_sports_team,False,False,False
SYNTHETIC DATA - NO REAL PEOPLE OR RECOVERY ANSWERS,F0180,favorite_food,True,False,False
SYNTHETIC DATA - NO REAL PEOPLE OR RECOVERY ANSWERS,F0181,current_employer,True,True,True
SYNTHETIC DATA - NO REAL PEOPLE OR RECOVERY ANSWERS,F0181,high_school,True,False,False
SYNTHETIC DATA - NO REAL PEOPLE OR RECOVERY ANSWERS,F0181,birth_city,False,True,True
SYNTHETIC DATA - NO REAL PEOPLE OR RECOVERY ANSWERS,F0181,mothers_maiden_name,False,False,False
SYNTHETIC DATA - NO REAL PEOPLE OR RECOVERY ANSWERS,F0181,first_pet_name,False,False,False
SYNTHETIC DATA - NO REAL PEOPLE OR RECOVERY ANSWERS,F0181,wedding_location,False,True,True
SYNTHETIC DATA - NO REAL PEOPLE OR RECOVERY ANSWERS,F0181,street_grew_up_on,True,False,False
SYNTHETIC DATA - NO REAL PEOPLE OR RECOVERY ANSWERS,F0181,first_car_model,False,False,False
SYNTHETIC DATA - NO REAL PEOPLE OR RECOVERY ANSWERS,F0181,favorite_sports_team,False,False,False
SYNTHETIC DATA - NO REAL PEOPLE OR RECOVERY ANSWERS,F0181,favorite_food,False,False,False
SYNTHETIC DATA - NO REAL PEOPLE OR RECOVERY ANSWERS,F0182,current_employer,True,True,True
SYNTHETIC DATA - NO REAL PEOPLE OR RECOVERY ANSWERS,F0182,high_school,True,True,True
SYNTHETIC DATA - NO REAL PEOPLE OR RECOVERY ANSWERS,F0182,birth_city,False,True,True
SYNTHETIC DATA - NO REAL PEOPLE OR RECOVERY ANSWERS,F0182,mothers_maiden_name,False,False,False
SYNTHETIC DATA - NO REAL PEOPLE OR RECOVERY ANSWERS,F0182,first_pet_name,False,True,True
SYNTHETIC DATA - NO REAL PEOPLE OR RECOVERY ANSWERS,F0182,wedding_location,False,False,False
SYNTHETIC DATA - NO REAL PEOPLE OR RECOVERY ANSWERS,F0182,street_grew_up_on,True,True,True
SYNTHETIC DATA - NO REAL PEOPLE OR RECOVERY ANSWERS,F0182,first_car_model,False,False,False
SYNTHETIC DATA - NO REAL PEOPLE OR RECOVERY ANSWERS,F0182,favorite_sports_team,False,False,False
SYNTHETIC DATA - NO REAL PEOPLE OR RECOVERY ANSWERS,F0182,favorite_food,False,False,False
SYNTHETIC DATA - NO REAL PEOPLE OR RECOVERY ANSWERS,F0183,current_employer,True,True,True
SYNTHETIC DATA - NO REAL PEOPLE OR RECOVERY ANSWERS,F0183,high_school,False,True,True
SYNTHETIC DATA - NO REAL PEOPLE OR RECOVERY ANSWERS,F0183,birth_city,True,False,False
SYNTHETIC DATA - NO REAL PEOPLE OR RECOVERY ANSWERS,F0183,mothers_maiden_name,False,True,True
SYNTHETIC DATA - NO REAL PEOPLE OR RECOVERY ANSWERS,F0183,first_pet_name,False,False,False
SYNTHETIC DATA - NO REAL PEOPLE OR RECOVERY ANSWERS,F0183,wedding_location,False,True,True
SYNTHETIC DATA - NO REAL PEOPLE OR RECOVERY ANSWERS,F0183,street_grew_up_on,True,True,True
SYNTHETIC DATA - NO REAL PEOPLE OR RECOVERY ANSWERS,F0183,first_car_model,True,False,False
SYNTHETIC DATA - NO REAL PEOPLE OR RECOVERY ANSWERS,F0183,favorite_sports_team,False,False,False
SYNTHETIC DATA - NO REAL PEOPLE OR RECOVERY ANSWERS,F0183,favorite_food,False,True,False
SYNTHETIC DATA - NO REAL PEOPLE OR RECOVERY ANSWERS,F0184,current_employer,True,True,True
SYNTHETIC DATA - NO REAL PEOPLE OR RECOVERY ANSWERS,F0184,high_school,True,True,True
SYNTHETIC DATA - NO REAL PEOPLE OR RECOVERY ANSWERS,F0184,birth_city,False,True,False
SYNTHETIC DATA - NO REAL PEOPLE OR RECOVERY ANSWERS,F0184,mothers_maiden_name,True,False,False
SYNTHETIC DATA - NO REAL PEOPLE OR RECOVERY ANSWERS,F0184,first_pet_name,False,False,False
SYNTHETIC DATA - NO REAL PEOPLE OR RECOVERY ANSWERS,F0184,wedding_location,False,False,False
SYNTHETIC DATA - NO REAL PEOPLE OR RECOVERY ANSWERS,F0184,street_grew_up_on,False,False,False
SYNTHETIC DATA - NO REAL PEOPLE OR RECOVERY ANSWERS,F0184,first_car_model,True,True,True
SYNTHETIC DATA - NO REAL PEOPLE OR RECOVERY ANSWERS,F0184,favorite_sports_team,False,False,False
SYNTHETIC DATA - NO REAL PEOPLE OR RECOVERY ANSWERS,F0184,favorite_food,False,True,True
SYNTHETIC DATA - NO REAL PEOPLE OR RECOVERY ANSWERS,F0185,current_employer,True,True,True
SYNTHETIC DATA - NO REAL PEOPLE OR RECOVERY ANSWERS,F0185,high_school,True,True,True
SYNTHETIC DATA - NO REAL PEOPLE OR RECOVERY ANSWERS,F0185,birth_city,True,False,False
SYNTHETIC DATA - NO REAL PEOPLE OR RECOVERY ANSWERS,F0185,mothers_maiden_name,True,False,False
SYNTHETIC DATA - NO REAL PEOPLE OR RECOVERY ANSWERS,F0185,first_pet_name,False,False,False
SYNTHETIC DATA - NO REAL PEOPLE OR RECOVERY ANSWERS,F0185,wedding_location,False,False,False
SYNTHETIC DATA - NO REAL PEOPLE OR RECOVERY ANSWERS,F0185,street_grew_up_on,True,True,True
SYNTHETIC DATA - NO REAL PEOPLE OR RECOVERY ANSWERS,F0185,first_car_model,False,False,False
SYNTHETIC DATA - NO REAL PEOPLE OR RECOVERY ANSWERS,F0185,favorite_sports_team,False,True,True
SYNTHETIC DATA - NO REAL PEOPLE OR RECOVERY ANSWERS,F0185,favorite_food,False,False,False
SYNTHETIC DATA - NO REAL PEOPLE OR RECOVERY ANSWERS,F0186,current_employer,True,True,True
SYNTHETIC DATA - NO REAL PEOPLE OR RECOVERY ANSWERS,F0186,high_school,False,True,True
SYNTHETIC DATA - NO REAL PEOPLE OR RECOVERY ANSWERS,F0186,birth_city,True,True,False
SYNTHETIC DATA - NO REAL PEOPLE OR RECOVERY ANSWERS,F0186,mothers_maiden_name,False,False,False
SYNTHETIC DATA - NO REAL PEOPLE OR RECOVERY ANSWERS,F0186,first_pet_name,False,False,False
SYNTHETIC DATA - NO REAL PEOPLE OR RECOVERY ANSWERS,F0186,wedding_location,True,False,False
SYNTHETIC DATA - NO REAL PEOPLE OR RECOVERY ANSWERS,F0186,street_grew_up_on,False,False,False
SYNTHETIC DATA - NO REAL PEOPLE OR RECOVERY ANSWERS,F0186,first_car_model,False,True,True
SYNTHETIC DATA - NO REAL PEOPLE OR RECOVERY ANSWERS,F0186,favorite_sports_team,False,False,False
SYNTHETIC DATA - NO REAL PEOPLE OR RECOVERY ANSWERS,F0186,favorite_food,False,False,False
SYNTHETIC DATA - NO REAL PEOPLE OR RECOVERY ANSWERS,F0187,current_employer,True,True,False
SYNTHETIC DATA - NO REAL PEOPLE OR RECOVERY ANSWERS,F0187,high_school,False,True,True
SYNTHETIC DATA - NO REAL PEOPLE OR RECOVERY ANSWERS,F0187,birth_city,True,True,False
SYNTHETIC DATA - NO REAL PEOPLE OR RECOVERY ANSWERS,F0187,mothers_maiden_name,False,False,False
SYNTHETIC DATA - NO REAL PEOPLE OR RECOVERY ANSWERS,F0187,first_pet_name,False,False,False
SYNTHETIC DATA - NO REAL PEOPLE OR RECOVERY ANSWERS,F0187,wedding_location,True,True,True
SYNTHETIC DATA - NO REAL PEOPLE OR RECOVERY ANSWERS,F0187,street_grew_up_on,False,False,False
SYNTHETIC DATA - NO REAL PEOPLE OR RECOVERY ANSWERS,F0187,first_car_model,False,False,False
SYNTHETIC DATA - NO REAL PEOPLE OR RECOVERY ANSWERS,F0187,favorite_sports_team,False,False,False
SYNTHETIC DATA - NO REAL PEOPLE OR RECOVERY ANSWERS,F0187,favorite_food,False,True,True
SYNTHETIC DATA - NO REAL PEOPLE OR RECOVERY ANSWERS,F0188,current_employer,True,True,True
SYNTHETIC DATA - NO REAL PEOPLE OR RECOVERY ANSWERS,F0188,high_school,False,False,False
SYNTHETIC DATA - NO REAL PEOPLE OR RECOVERY ANSWERS,F0188,birth_city,False,False,False
SYNTHETIC DATA - NO REAL PEOPLE OR RECOVERY ANSWERS,F0188,mothers_maiden_name,False,False,False
SYNTHETIC DATA - NO REAL PEOPLE OR RECOVERY ANSWERS,F0188,first_pet_name,False,True,True
SYNTHETIC DATA - NO REAL PEOPLE OR RECOVERY ANSWERS,F0188,wedding_location,False,False,False
SYNTHETIC DATA - NO REAL PEOPLE OR RECOVERY ANSWERS,F0188,street_grew_up_on,False,False,False
SYNTHETIC DATA - NO REAL PEOPLE OR RECOVERY ANSWERS,F0188,first_car_model,False,False,False
SYNTHETIC DATA - NO REAL PEOPLE OR RECOVERY ANSWERS,F0188,favorite_sports_team,False,True,True
SYNTHETIC DATA - NO REAL PEOPLE OR RECOVERY ANSWERS,F0188,favorite_food,False,False,False
SYNTHETIC DATA - NO REAL PEOPLE OR RECOVERY ANSWERS,F0189,current_employer,False,True,True
SYNTHETIC DATA - NO REAL PEOPLE OR RECOVERY ANSWERS,F0189,high_school,True,True,False
SYNTHETIC DATA - NO REAL PEOPLE OR RECOVERY ANSWERS,F0189,birth_city,True,True,True
SYNTHETIC DATA - NO REAL PEOPLE OR RECOVERY ANSWERS,F0189,mothers_maiden_name,False,False,False
SYNTHETIC DATA - NO REAL PEOPLE OR RECOVERY ANSWERS,F0189,first_pet_name,True,False,False
SYNTHETIC DATA - NO REAL PEOPLE OR RECOVERY ANSWERS,F0189,wedding_location,True,False,False
SYNTHETIC DATA - NO REAL PEOPLE OR RECOVERY ANSWERS,F0189,street_grew_up_on,False,True,True
SYNTHETIC DATA - NO REAL PEOPLE OR RECOVERY ANSWERS,F0189,first_car_model,False,False,False
SYNTHETIC DATA - NO REAL PEOPLE OR RECOVERY ANSWERS,F0189,favorite_sports_team,False,True,False
SYNTHETIC DATA - NO REAL PEOPLE OR RECOVERY ANSWERS,F0189,favorite_food,True,False,False
SYNTHETIC DATA - NO REAL PEOPLE OR RECOVERY ANSWERS,F0190,current_employer,True,True,True
SYNTHETIC DATA - NO REAL PEOPLE OR RECOVERY ANSWERS,F0190,high_school,False,True,True
SYNTHETIC DATA - NO REAL PEOPLE OR RECOVERY ANSWERS,F0190,birth_city,True,True,True
SYNTHETIC DATA - NO REAL PEOPLE OR RECOVERY ANSWERS,F0190,mothers_maiden_name,False,True,True
SYNTHETIC DATA - NO REAL PEOPLE OR RECOVERY ANSWERS,F0190,first_pet_name,False,False,False
SYNTHETIC DATA - NO REAL PEOPLE OR RECOVERY ANSWERS,F0190,wedding_location,True,False,False
SYNTHETIC DATA - NO REAL PEOPLE OR RECOVERY ANSWERS,F0190,street_grew_up_on,False,True,True
SYNTHETIC DATA - NO REAL PEOPLE OR RECOVERY ANSWERS,F0190,first_car_model,True,False,False
SYNTHETIC DATA - NO REAL PEOPLE OR RECOVERY ANSWERS,F0190,favorite_sports_team,False,False,False
SYNTHETIC DATA - NO REAL PEOPLE OR RECOVERY ANSWERS,F0190,favorite_food,False,False,False
SYNTHETIC DATA - NO REAL PEOPLE OR RECOVERY ANSWERS,F0191,current_employer,False,False,False
SYNTHETIC DATA - NO REAL PEOPLE OR RECOVERY ANSWERS,F0191,high_school,True,True,True
SYNTHETIC DATA - NO REAL PEOPLE OR RECOVERY ANSWERS,F0191,birth_city,False,False,False
SYNTHETIC DATA - NO REAL PEOPLE OR RECOVERY ANSWERS,F0191,mothers_maiden_name,False,False,False
SYNTHETIC DATA - NO REAL PEOPLE OR RECOVERY ANSWERS,F0191,first_pet_name,True,False,False
SYNTHETIC DATA - NO REAL PEOPLE OR RECOVERY ANSWERS,F0191,wedding_location,False,False,False
SYNTHETIC DATA - NO REAL PEOPLE OR RECOVERY ANSWERS,F0191,street_grew_up_on,False,False,False
SYNTHETIC DATA - NO REAL PEOPLE OR RECOVERY ANSWERS,F0191,first_car_model,False,False,False
SYNTHETIC DATA - NO REAL PEOPLE OR RECOVERY ANSWERS,F0191,favorite_sports_team,False,True,True
SYNTHETIC DATA - NO REAL PEOPLE OR RECOVERY ANSWERS,F0191,favorite_food,False,False,False
SYNTHETIC DATA - NO REAL PEOPLE OR RECOVERY ANSWERS,F0192,current_employer,True,False,False
SYNTHETIC DATA - NO REAL PEOPLE OR RECOVERY ANSWERS,F0192,high_school,False,True,True
SYNTHETIC DATA - NO REAL PEOPLE OR RECOVERY ANSWERS,F0192,birth_city,False,True,True
SYNTHETIC DATA - NO REAL PEOPLE OR RECOVERY ANSWERS,F0192,mothers_maiden_name,False,True,True
SYNTHETIC DATA - NO REAL PEOPLE OR RECOVERY ANSWERS,F0192,first_pet_name,True,False,False
SYNTHETIC DATA - NO REAL PEOPLE OR RECOVERY ANSWERS,F0192,wedding_location,True,False,False
SYNTHETIC DATA - NO REAL PEOPLE OR RECOVERY ANSWERS,F0192,street_grew_up_on,True,False,False
SYNTHETIC DATA - NO REAL PEOPLE OR RECOVERY ANSWERS,F0192,first_car_model,False,False,False
SYNTHETIC DATA - NO REAL PEOPLE OR RECOVERY ANSWERS,F0192,favorite_sports_team,False,True,False
SYNTHETIC DATA - NO REAL PEOPLE OR RECOVERY ANSWERS,F0192,favorite_food,False,False,False
SYNTHETIC DATA - NO REAL PEOPLE OR RECOVERY ANSWERS,F0193,current_employer,True,False,False
SYNTHETIC DATA - NO REAL PEOPLE OR RECOVERY ANSWERS,F0193,high_school,False,True,True
SYNTHETIC DATA - NO REAL PEOPLE OR RECOVERY ANSWERS,F0193,birth_city,True,False,False
SYNTHETIC DATA - NO REAL PEOPLE OR RECOVERY ANSWERS,F0193,mothers_maiden_name,False,False,False
SYNTHETIC DATA - NO REAL PEOPLE OR RECOVERY ANSWERS,F0193,first_pet_name,False,True,False
SYNTHETIC DATA - NO REAL PEOPLE OR RECOVERY ANSWERS,F0193,wedding_location,False,False,False
SYNTHETIC DATA - NO REAL PEOPLE OR RECOVERY ANSWERS,F0193,street_grew_up_on,False,True,True
SYNTHETIC DATA - NO REAL PEOPLE OR RECOVERY ANSWERS,F0193,first_car_model,False,False,False
SYNTHETIC DATA - NO REAL PEOPLE OR RECOVERY ANSWERS,F0193,favorite_sports_team,True,False,False
SYNTHETIC DATA - NO REAL PEOPLE OR RECOVERY ANSWERS,F0193,favorite_food,False,False,False
SYNTHETIC DATA - NO REAL PEOPLE OR RECOVERY ANSWERS,F0194,current_employer,True,True,True
SYNTHETIC DATA - NO REAL PEOPLE OR RECOVERY ANSWERS,F0194,high_school,False,True,True
SYNTHETIC DATA - NO REAL PEOPLE OR RECOVERY ANSWERS,F0194,birth_city,True,False,False
SYNTHETIC DATA - NO REAL PEOPLE OR RECOVERY ANSWERS,F0194,mothers_maiden_name,False,True,True
SYNTHETIC DATA - NO REAL PEOPLE OR RECOVERY ANSWERS,F0194,first_pet_name,False,True,True
SYNTHETIC DATA - NO REAL PEOPLE OR RECOVERY ANSWERS,F0194,wedding_location,False,False,False
SYNTHETIC DATA - NO REAL PEOPLE OR RECOVERY ANSWERS,F0194,street_grew_up_on,False,True,True
SYNTHETIC DATA - NO REAL PEOPLE OR RECOVERY ANSWERS,F0194,first_car_model,True,False,False
SYNTHETIC DATA - NO REAL PEOPLE OR RECOVERY ANSWERS,F0194,favorite_sports_team,False,True,True
SYNTHETIC DATA - NO REAL PEOPLE OR RECOVERY ANSWERS,F0194,favorite_food,False,True,False
SYNTHETIC DATA - NO REAL PEOPLE OR RECOVERY ANSWERS,F0195,current_employer,True,False,False
SYNTHETIC DATA - NO REAL PEOPLE OR RECOVERY ANSWERS,F0195,high_school,True,True,True
SYNTHETIC DATA - NO REAL PEOPLE OR RECOVERY ANSWERS,F0195,birth_city,True,False,False
SYNTHETIC DATA - NO REAL PEOPLE OR RECOVERY ANSWERS,F0195,mothers_maiden_name,True,True,True
SYNTHETIC DATA - NO REAL PEOPLE OR RECOVERY ANSWERS,F0195,first_pet_name,False,True,False
SYNTHETIC DATA - NO REAL PEOPLE OR RECOVERY ANSWERS,F0195,wedding_location,False,False,False
SYNTHETIC DATA - NO REAL PEOPLE OR RECOVERY ANSWERS,F0195,street_grew_up_on,False,False,False
SYNTHETIC DATA - NO REAL PEOPLE OR RECOVERY ANSWERS,F0195,first_car_model,True,True,True
SYNTHETIC DATA - NO REAL PEOPLE OR RECOVERY ANSWERS,F0195,favorite_sports_team,True,False,False
SYNTHETIC DATA - NO REAL PEOPLE OR RECOVERY ANSWERS,F0195,favorite_food,False,False,False
SYNTHETIC DATA - NO REAL PEOPLE OR RECOVERY ANSWERS,F0196,current_employer,False,False,False
SYNTHETIC DATA - NO REAL PEOPLE OR RECOVERY ANSWERS,F0196,high_school,True,False,False
SYNTHETIC DATA - NO REAL PEOPLE OR RECOVERY ANSWERS,F0196,birth_city,True,False,False
SYNTHETIC DATA - NO REAL PEOPLE OR RECOVERY ANSWERS,F0196,mothers_maiden_name,False,False,False
SYNTHETIC DATA - NO REAL PEOPLE OR RECOVERY ANSWERS,F0196,first_pet_name,False,False,False
SYNTHETIC DATA - NO REAL PEOPLE OR RECOVERY ANSWERS,F0196,wedding_location,False,True,True
SYNTHETIC DATA - NO REAL PEOPLE OR RECOVERY ANSWERS,F0196,street_grew_up_on,False,False,False
SYNTHETIC DATA - NO REAL PEOPLE OR RECOVERY ANSWERS,F0196,first_car_model,False,False,False
SYNTHETIC DATA - NO REAL PEOPLE OR RECOVERY ANSWERS,F0196,favorite_sports_team,False,True,True
SYNTHETIC DATA - NO REAL PEOPLE OR RECOVERY ANSWERS,F0196,favorite_food,False,True,True
SYNTHETIC DATA - NO REAL PEOPLE OR RECOVERY ANSWERS,F0197,current_employer,True,True,True
SYNTHETIC DATA - NO REAL PEOPLE OR RECOVERY ANSWERS,F0197,high_school,True,True,True
SYNTHETIC DATA - NO REAL PEOPLE OR RECOVERY ANSWERS,F0197,birth_city,False,True,True
SYNTHETIC DATA - NO REAL PEOPLE OR RECOVERY ANSWERS,F0197,mothers_maiden_name,False,False,False
SYNTHETIC DATA - NO REAL PEOPLE OR RECOVERY ANSWERS,F0197,first_pet_name,False,True,True
SYNTHETIC DATA - NO REAL PEOPLE OR RECOVERY ANSWERS,F0197,wedding_location,False,False,False
SYNTHETIC DATA - NO REAL PEOPLE OR RECOVERY ANSWERS,F0197,street_grew_up_on,False,False,False
SYNTHETIC DATA - NO REAL PEOPLE OR RECOVERY ANSWERS,F0197,first_car_model,False,False,False
SYNTHETIC DATA - NO REAL PEOPLE OR RECOVERY ANSWERS,F0197,favorite_sports_team,True,False,False
SYNTHETIC DATA - NO REAL PEOPLE OR RECOVERY ANSWERS,F0197,favorite_food,False,False,False
SYNTHETIC DATA - NO REAL PEOPLE OR RECOVERY ANSWERS,F0198,current_employer,True,True,True
SYNTHETIC DATA - NO REAL PEOPLE OR RECOVERY ANSWERS,F0198,high_school,False,True,True
SYNTHETIC DATA - NO REAL PEOPLE OR RECOVERY ANSWERS,F0198,birth_city,False,True,False
SYNTHETIC DATA - NO REAL PEOPLE OR RECOVERY ANSWERS,F0198,mothers_maiden_name,False,True,False
SYNTHETIC DATA - NO REAL PEOPLE OR RECOVERY ANSWERS,F0198,first_pet_name,False,False,False
SYNTHETIC DATA - NO REAL PEOPLE OR RECOVERY ANSWERS,F0198,wedding_location,False,True,True
SYNTHETIC DATA - NO REAL PEOPLE OR RECOVERY ANSWERS,F0198,street_grew_up_on,True,True,True
SYNTHETIC DATA - NO REAL PEOPLE OR RECOVERY ANSWERS,F0198,first_car_model,False,False,False
SYNTHETIC DATA - NO REAL PEOPLE OR RECOVERY ANSWERS,F0198,favorite_sports_team,False,False,False
SYNTHETIC DATA - NO REAL PEOPLE OR RECOVERY ANSWERS,F0198,favorite_food,False,False,False
SYNTHETIC DATA - NO REAL PEOPLE OR RECOVERY ANSWERS,F0199,current_employer,True,True,True
SYNTHETIC DATA - NO REAL PEOPLE OR RECOVERY ANSWERS,F0199,high_school,False,True,True
SYNTHETIC DATA - NO REAL PEOPLE OR RECOVERY ANSWERS,F0199,birth_city,False,True,True
SYNTHETIC DATA - NO REAL PEOPLE OR RECOVERY ANSWERS,F0199,mothers_maiden_name,False,False,False
SYNTHETIC DATA - NO REAL PEOPLE OR RECOVERY ANSWERS,F0199,first_pet_name,False,True,False
SYNTHETIC DATA - NO REAL PEOPLE OR RECOVERY ANSWERS,F0199,wedding_location,False,True,True
SYNTHETIC DATA - NO REAL PEOPLE OR RECOVERY ANSWERS,F0199,street_grew_up_on,False,False,False
SYNTHETIC DATA - NO REAL PEOPLE OR RECOVERY ANSWERS,F0199,first_car_model,False,False,False
SYNTHETIC DATA - NO REAL PEOPLE OR RECOVERY ANSWERS,F0199,favorite_sports_team,True,False,False
SYNTHETIC DATA - NO REAL PEOPLE OR RECOVERY ANSWERS,F0199,favorite_food,False,False,False
SYNTHETIC DATA - NO REAL PEOPLE OR RECOVERY ANSWERS,F0200,current_employer,False,False,False
SYNTHETIC DATA - NO REAL PEOPLE OR RECOVERY ANSWERS,F0200,high_school,False,True,True
SYNTHETIC DATA - NO REAL PEOPLE OR RECOVERY ANSWERS,F0200,birth_city,False,True,True
SYNTHETIC DATA - NO REAL PEOPLE OR RECOVERY ANSWERS,F0200,mothers_maiden_name,False,True,True
SYNTHETIC DATA - NO REAL PEOPLE OR RECOVERY ANSWERS,F0200,first_pet_name,True,True,True
SYNTHETIC DATA - NO REAL PEOPLE OR RECOVERY ANSWERS,F0200,wedding_location,True,True,True
SYNTHETIC DATA - NO REAL PEOPLE OR RECOVERY ANSWERS,F0200,street_grew_up_on,False,False,False
SYNTHETIC DATA - NO REAL PEOPLE OR RECOVERY ANSWERS,F0200,first_car_model,False,False,False
SYNTHETIC DATA - NO REAL PEOPLE OR RECOVERY ANSWERS,F0200,favorite_sports_team,False,False,False
SYNTHETIC DATA - NO REAL PEOPLE OR RECOVERY ANSWERS,F0200,favorite_food,False,False,False
